gene_id,mean_a,mean_b,delta_mean_a_minus_b,detected_frac_a,detected_frac_b,delta_detected_frac_a_minus_b,u_statistic,p_value,group_a,group_b,q_value_bh,abs_delta_mean,is_ercc,gene_id_stripped,gene_symbol,gene_biotype,chromosome,is_mito,is_ribo,is_hla
ENSG00000211899,131.18784194528868,269.34484126984097,-138.1569993245523,0.1623100303951365,0.0996031746031743,0.0627068557919622,2202450.5,2.4275511836074143e-09,D2_1,D2_2,2.7294836411056117e-09,138.1569993245523,False,ENSG00000211899,IGHM,IG_C_gene,chr14,False,False,False
ENSG00000156738,19.435258358662605,68.60476190476196,-49.16950354609935,0.0249240121580546,0.0623015873015871,-0.0373775751435324,1994521.5,2.280894300428019e-08,D2_1,D2_2,2.5222770341884662e-08,49.16950354609935,False,ENSG00000156738,MS4A1,protein_coding,chr11,False,False,False
ENSG00000160856,7.327051671732525,36.390079365079394,-29.063027693346868,0.0206686930091185,0.1095238095238092,-0.0888551165146906,1888605.0,1.5012013933288883e-26,D2_1,D2_2,2.50990539021876e-26,29.063027693346868,False,ENSG00000160856,FCRL3,protein_coding,chr1,False,False,False
ENSG00000172673,15.370820668693009,35.05833333333337,-19.68751266464037,0.0650455927051673,0.2293650793650786,-0.1643194866599113,1734288.0,1.952268500713159e-43,D2_1,D2_2,4.6432168400909504e-43,19.68751266464037,False,ENSG00000172673,THEMIS,protein_coding,chr6,False,False,False
ENSG00000186265,5.49726443768997,15.051587301587311,-9.554322863897344,0.0261398176291793,0.0503968253968252,-0.0242570077676459,2022480.0,0.0001126517715528,D2_1,D2_2,0.000117978078279,9.554322863897344,False,ENSG00000186265,BTLA,protein_coding,chr3,False,False,False
ENSG00000111796,33.972644376899694,43.498412698412736,-9.52576832151304,0.0844984802431613,0.1563492063492058,-0.0718507261060445,1919969.5,4.021709657428705e-12,D2_1,D2_2,4.79928813197004e-12,9.52576832151304,False,ENSG00000111796,KLRB1,protein_coding,chr12,False,False,False
ENSG00000197061,42.50455927051657,51.72896825396848,-9.224408983451909,0.4443768996960521,0.269841269841269,0.1745356298547831,2500240.5,9.428049918486231e-41,D2_1,D2_2,2.119516201651489e-40,9.224408983451909,False,ENSG00000197061,H4C3,protein_coding,chr6,False,False,False
ENSG00000197540,13.392705167173249,22.24087301587308,-8.848167848699832,0.0486322188449848,0.1674603174603169,-0.118828098615332,1830536.5,1.4907197779396478e-29,D2_1,D2_2,2.660142826246639e-29,8.848167848699832,False,ENSG00000197540,GZMM,protein_coding,chr19,False,False,False
ENSG00000225783,13.162310030395131,21.287698412698465,-8.125388382303331,0.0620060790273557,0.1757936507936502,-0.1137875717662945,1839811.0,1.1187255527181989e-25,D2_1,D2_2,1.83446610770477e-25,8.125388382303331,False,ENSG00000225783,MIAT,lncRNA,chr22,False,False,False
ENSG00000256039,10.039513677811552,18.03333333333336,-7.993819655521808,0.0194528875379939,0.0789682539682537,-0.0595153664302598,1950682.5,5.106559147609997e-16,D2_1,D2_2,6.671121950281997e-16,7.993819655521808,False,ENSG00000256039,LINC02446,lncRNA,chr12,False,False,False
ENSG00000184613,18.561702127659583,26.39761904761912,-7.835916919959533,0.0376899696048632,0.1142857142857139,-0.0765957446808507,1914858.0,5.268920386457142e-18,D2_1,D2_2,7.253625823508263e-18,7.835916919959533,False,ENSG00000184613,NELL2,protein_coding,chr12,False,False,False
ENSG00000137502,12.654711246200606,19.85039682539688,-7.195685579196276,0.0869300911854105,0.1031746031746028,-0.0162445119891923,2042406.0,0.1195101249878131,D2_1,D2_2,0.1210478666158318,7.195685579196276,False,ENSG00000137502,RAB30,protein_coding,chr11,False,False,False
ENSG00000247982,6.206686930091191,13.175793650793665,-6.969106720702474,0.0674772036474165,0.0587301587301585,0.0087470449172579,2089379.0,0.2935428705115041,D2_1,D2_2,0.2959334731611446,6.969106720702474,False,ENSG00000247982,LINC00926,lncRNA,chr15,False,False,False
ENSG00000150907,20.251063829787228,27.02460317460323,-6.773539344816001,0.0699088145896658,0.1527777777777773,-0.0828689631881115,1905457.0,5.723461740049771e-15,D2_1,D2_2,7.289068091741805e-15,6.773539344816001,False,ENSG00000150907,FOXO1,protein_coding,chr13,False,False,False
ENSG00000162894,30.85531914893614,37.44722222222239,-6.591903073286254,0.1866261398176285,0.2964285714285705,-0.109802431610942,1862672.5,4.190207669942589e-13,D2_1,D2_2,5.102712235907875e-13,6.591903073286254,False,ENSG00000162894,FCMR,protein_coding,chr1,False,False,False
ENSG00000175899,21.68814589665652,27.382539682539768,-5.694393785883246,0.0990881458966568,0.2123015873015866,-0.1132134414049298,1841564.0,7.560465954849335e-21,D2_1,D2_2,1.112366073103971e-20,5.694393785883246,False,ENSG00000175899,A2M,protein_coding,chr12,False,False,False
ENSG00000023445,56.94589665653496,62.58571428571442,-5.639817629179468,0.2206686930091172,0.2551587301587293,-0.0344900371496121,2013796.0,0.0386296098256253,D2_1,D2_2,0.0393447356395295,5.639817629179468,False,ENSG00000023445,BIRC3,protein_coding,chr11,False,False,False
ENSG00000141293,35.13556231003038,39.335317460317576,-4.199755150287196,0.1124620060790277,0.3436507936507925,-0.2311887875717648,1613574.0,1.135086661464024e-56,D2_1,D2_2,3.4826264748096684e-56,4.199755150287196,False,ENSG00000141293,SKAP1,protein_coding,chr17,False,False,False
ENSG00000116717,11.413981762917931,15.519841269841288,-4.105859506923354,0.1598784194528873,0.0615079365079363,0.0983704829449509,2279409.5,1.4621881475967073e-25,D2_1,D2_2,2.3905195511353127e-25,4.105859506923354,False,ENSG00000116717,GADD45A,protein_coding,chr1,False,False,False
ENSG00000078589,12.59088145896656,16.465873015873047,-3.874991556906487,0.043161094224924,0.0976190476190473,-0.0544579533941232,1962071.5,2.25931339498964e-10,D2_1,D2_2,2.5933194207052244e-10,3.874991556906487,False,ENSG00000078589,P2RY10,protein_coding,chrX,False,False,False
ENSG00000172005,14.581762917933132,18.43293650793655,-3.851173590003418,0.0607902735562311,0.1174603174603171,-0.0566700439040859,1959424.0,4.423132304145694e-09,D2_1,D2_2,4.9504251453617505e-09,3.851173590003418,False,ENSG00000172005,MAL,protein_coding,chr2,False,False,False
ENSG00000260711,3.730091185410335,7.210317460317468,-3.4802262749071327,0.0212765957446808,0.0765873015873013,-0.0553107058426205,1958453.5,2.180965952867868e-14,D2_1,D2_2,2.7404901257794512e-14,3.4802262749071327,False,ENSG00000260711,ENSG00000260711,lncRNA,chr14,False,False,False
ENSG00000109943,7.578115501519758,11.025000000000013,-3.4468844984802534,0.0389057750759878,0.0658730158730157,-0.0269672407970278,2017373.5,0.0002292787701739,D2_1,D2_2,0.0002392867230194,3.4468844984802534,False,ENSG00000109943,CRTAM,protein_coding,chr11,False,False,False
ENSG00000235576,2.545288753799392,5.982142857142883,-3.4368541033434914,0.025531914893617,0.0825396825396823,-0.0570077676460653,1955503.5,6.180986863717463e-14,D2_1,D2_2,7.68555272240284e-14,3.4368541033434914,False,ENSG00000235576,LINC01871,lncRNA,chr2,False,False,False
ENSG00000157833,0.8650455927051687,4.011111111111112,-3.146065518405943,0.1452887537993921,0.1051587301587298,0.0401300236406623,2154335.5,0.0001433823866518,D2_1,D2_2,0.0001499672686771,3.146065518405943,False,ENSG00000157833,GAREM2,protein_coding,chr2,False,False,False
ENSG00000197948,5.86808510638298,8.965873015873033,-3.0977879094900524,0.0486322188449848,0.119444444444444,-0.0708122255994592,1927705.5,2.126169343950865e-14,D2_1,D2_2,2.6720729842513333e-14,3.0977879094900524,False,ENSG00000197948,FCHSD1,protein_coding,chr5,False,False,False
ENSG00000091490,19.458966565349535,22.174206349206397,-2.7152397838568554,0.0930091185410337,0.1682539682539677,-0.075244849712934,1919622.0,1.8316914151433677e-11,D2_1,D2_2,2.15534405691458e-11,2.7152397838568554,False,ENSG00000091490,SEL1L3,protein_coding,chr4,False,False,False
ENSG00000145349,14.880851063829777,17.563888888888954,-2.683037825059177,0.0966565349544075,0.1952380952380946,-0.098581560283687,1873361.5,9.242507248607878e-17,D2_1,D2_2,1.2291845976965078e-16,2.683037825059177,False,ENSG00000145349,CAMK2D,protein_coding,chr4,False,False,False
ENSG00000204681,11.537993920972644,14.077380952380976,-2.539387031408332,0.1221884498480247,0.1047619047619044,0.0174265450861202,2114294.0,0.0449252357315893,D2_1,D2_2,0.0457174733810591,2.539387031408332,False,ENSG00000204681,GABBR1,protein_coding,chr6,False,False,False
ENSG00000235300,5.607294832826751,8.123015873015893,-2.515721040189142,0.0340425531914893,0.123412698412698,-0.0893701452212086,1890288.5,1.3755336339950852e-22,D2_1,D2_2,2.1072296688447653e-22,2.515721040189142,False,ENSG00000235300,SKAP1-AS2,lncRNA,chr17,False,False,False
ENSG00000196312,3.507598784194536,6.005952380952416,-2.4983535967578803,0.1933130699088137,0.0599206349206347,0.133392434988179,2351249.0,8.00304228942917e-41,D2_1,D2_2,1.80259279739894e-40,2.4983535967578803,False,ENSG00000196312,MFSD14CP,transcribed_unprocessed_pseudogene,chr9,False,False,False
ENSG00000163545,4.944072948328268,7.425396825396835,-2.481323877068568,0.0413373860182371,0.0567460317460316,-0.0154086457277945,2040266.5,0.0244646466635124,D2_1,D2_2,0.0249805312502438,2.481323877068568,False,ENSG00000163545,NUAK2,protein_coding,chr1,False,False,False
ENSG00000185101,4.181155015197571,6.648412698412716,-2.467257683215145,0.0492401215805471,0.1142857142857139,-0.0650455927051667,1939873.0,1.213984130548088e-12,D2_1,D2_2,1.4649887109994617e-12,2.467257683215145,False,ENSG00000185101,ANO9,protein_coding,chr11,False,False,False
ENSG00000152969,3.204863221884501,5.64246031746032,-2.4375970955758195,0.0316109422492401,0.0976190476190473,-0.0660081053698072,1936400.0,8.920337311915353e-16,D2_1,D2_2,1.1582403801209665e-15,2.4375970955758195,False,ENSG00000152969,JAKMIP1,protein_coding,chr4,False,False,False
ENSG00000161405,28.19452887537993,30.60238095238107,-2.407852077001138,0.103343465045593,0.2634920634920626,-0.1601485984464696,1750529.5,5.6517146534962125e-34,D2_1,D2_2,1.1092420397796556e-33,2.407852077001138,False,ENSG00000161405,IKZF3,protein_coding,chr17,False,False,False
ENSG00000177034,3.4303951367781167,5.778571428571439,-2.3481762917933224,0.0413373860182371,0.0880952380952378,-0.0467578520770007,1975439.0,6.221200220520025e-09,D2_1,D2_2,6.940578776435961e-09,2.3481762917933224,False,ENSG00000177034,MTX3,protein_coding,chr5,False,False,False
ENSG00000106003,7.222492401215809,9.545634920634956,-2.3231425194191457,0.0808510638297874,0.0769841269841267,0.0038669368456606,2082566.5,0.5771059040929805,D2_1,D2_2,0.5798256072671324,2.3231425194191457,False,ENSG00000106003,LFNG,protein_coding,chr7,False,False,False
ENSG00000162892,4.671124620060791,6.753571428571457,-2.0824468085106664,0.0607902735562311,0.1246031746031742,-0.0638129010469431,1942908.0,4.398590110309474e-11,D2_1,D2_2,5.1305743307941054e-11,2.0824468085106664,False,ENSG00000162892,IL24,protein_coding,chr1,False,False,False
ENSG00000126838,9.213981762917928,11.206349206349248,-1.99236744343132,0.0559270516717326,0.1325396825396821,-0.0766126308679495,1916620.0,5.1204563932528705e-15,D2_1,D2_2,6.528698865057861e-15,1.99236744343132,False,ENSG00000126838,PZP,protein_coding,chr12,False,False,False
ENSG00000089012,8.420060790273556,10.249206349206364,-1.829145558932808,0.0352583586626139,0.102380952380952,-0.0671225937183381,1935696.5,3.655823925556271e-15,D2_1,D2_2,4.6783574203658826e-15,1.829145558932808,False,ENSG00000089012,SIRPG,protein_coding,chr20,False,False,False
ENSG00000056558,13.406079027355618,15.198809523809564,-1.792730496453947,0.0832826747720367,0.1861111111111105,-0.1028284363390738,1864591.5,3.7013756263169588e-19,D2_1,D2_2,5.241822664818277e-19,1.792730496453947,False,ENSG00000056558,TRAF1,protein_coding,chr9,False,False,False
ENSG00000124203,2.838905775075989,4.526984126984132,-1.688078351908143,0.0358662613981762,0.1111111111111107,-0.0752448497129344,1918050.0,8.166414333959242e-18,D2_1,D2_2,1.1180383520003065e-17,1.688078351908143,False,ENSG00000124203,ZNF831,protein_coding,chr20,False,False,False
ENSG00000069702,16.513069908814586,18.18809523809532,-1.6750253292807322,0.0832826747720367,0.2182539682539675,-0.1349712934819308,1798966.5,6.079355799471164e-29,D2_1,D2_2,1.071759636176437e-28,1.6750253292807322,False,ENSG00000069702,TGFBR3,protein_coding,chr1,False,False,False
ENSG00000141985,5.36899696048633,6.958730158730196,-1.5897331982438665,0.1829787234042547,0.0690476190476188,0.1139311043566358,2309850.5,9.636010712222016e-30,D2_1,D2_2,1.7269441264752828e-29,1.5897331982438665,False,ENSG00000141985,SH3GL1,protein_coding,chr19,False,False,False
ENSG00000131634,6.337993920972647,7.734920634920642,-1.3969267139479955,0.0291793313069908,0.0615079365079363,-0.0323286052009454,2006111.5,2.545058411589394e-06,D2_1,D2_2,2.7246928872853392e-06,1.3969267139479955,False,ENSG00000131634,TMEM204,protein_coding,chr16,False,False,False
ENSG00000264198,30.521580547112467,31.855952380952484,-1.3343718338400166,0.1051671732522799,0.2837301587301578,-0.1785629854778778,1709792.5,1.075233279382527e-40,D2_1,D2_2,2.4122816191934797e-40,1.3343718338400166,False,ENSG00000264198,,,,False,False,False
ENSG00000077238,13.189665653495426,14.50317460317466,-1.3135089496792336,0.1355623100303953,0.1730158730158724,-0.0374535629854771,2003560.0,0.0041167280820315,D2_1,D2_2,0.0042362255184812,1.3135089496792336,False,ENSG00000077238,IL4R,protein_coding,chr16,False,False,False
ENSG00000211959,2.7209726443769027,4.014285714285719,-1.293313069908816,0.082066869300912,0.0218253968253968,0.0602414724755152,2197753.5,7.65877935548976e-20,D2_1,D2_2,1.1026286166457311e-19,1.293313069908816,False,ENSG00000211959,IGHV4-39,IG_V_gene,chr14,False,False,False
ENSG00000073861,4.527051671732523,5.820238095238094,-1.2931864235055706,0.0303951367781154,0.0710317460317458,-0.0406366092536303,1989360.0,2.6775872727869887e-08,D2_1,D2_2,2.9566912191410892e-08,1.2931864235055706,False,ENSG00000073861,TBX21,protein_coding,chr17,False,False,False
ENSG00000229456,5.026747720364742,6.31388888888891,-1.287141168524168,0.0370820668693009,0.0638888888888887,-0.0268068220195878,2017697.5,0.0001956596529501,D2_1,D2_2,0.0002043668802929,1.287141168524168,False,ENSG00000229456,RLIMP1,processed_pseudogene,chr13,False,False,False
ENSG00000150687,4.510638297872342,5.746031746031751,-1.235393448159409,0.02370820668693,0.0507936507936506,-0.0270854441067206,2016390.0,1.2596035384306282e-05,D2_1,D2_2,1.3351919283827182e-05,1.235393448159409,False,ENSG00000150687,PRSS23,protein_coding,chr11,False,False,False
ENSG00000205808,9.258358662613984,10.487698412698418,-1.229339750084435,0.0565349544072949,0.0277777777777777,0.0287571766295171,2132910.0,2.3112910244226917e-06,D2_1,D2_2,2.476844263117028e-06,1.229339750084435,False,ENSG00000205808,PLPP6,protein_coding,chr9,False,False,False
ENSG00000245904,4.765957446808514,5.984920634920651,-1.218963188112137,0.0486322188449848,0.057142857142857,-0.0085106382978721,2055068.5,0.2344943832115171,D2_1,D2_2,0.2366683399498184,1.218963188112137,False,ENSG00000245904,BTG1-DT,lncRNA,chr12,False,False,False
ENSG00000104804,4.978723404255323,6.122222222222244,-1.143498817966921,0.0680851063829788,0.05515873015873,0.0129263762242488,2100255.5,0.0782267037147866,D2_1,D2_2,0.0794114081093826,1.143498817966921,False,ENSG00000104804,TULP2,protein_coding,chr19,False,False,False
ENSG00000207306,1.1173252279635262,2.2376984126984105,-1.1203731847348843,0.0151975683890577,0.0678571428571426,-0.0526595744680849,1964410.0,7.280304576100533e-15,D2_1,D2_2,9.246456664168722e-15,1.1203731847348843,False,ENSG00000207306,RNU6-1152P,snRNA,chr17,False,False,False
ENSG00000196092,6.906990881458971,8.026984126984148,-1.119993245525177,0.0699088145896658,0.0408730158730158,0.02903579871665,2134062.0,2.776088857381184e-05,D2_1,D2_2,2.9285247722356657e-05,1.119993245525177,False,ENSG00000196092,PAX5,protein_coding,chr9,False,False,False
ENSG00000226327,0.5367781155015213,1.5896825396825394,-1.0529044241810182,0.0930091185410337,0.0353174603174602,0.0576916582235734,2191790.0,9.544764174827842e-15,D2_1,D2_2,1.2094446927819659e-14,1.0529044241810182,False,ENSG00000226327,RPSAP49,processed_pseudogene,chr9,False,True,False
ENSG00000133740,5.319756838905775,6.341666666666681,-1.021909827760906,0.0765957446808512,0.0325396825396824,0.0440560621411687,2164389.0,1.5189897852220923e-10,D2_1,D2_2,1.7511448143566742e-10,1.021909827760906,False,ENSG00000133740,E2F5,protein_coding,chr8,False,False,False
ENSG00000267009,2.3167173252279643,3.306349206349204,-0.9896318811212396,0.0595744680851065,0.0305555555555555,0.0290189125295509,2133094.0,4.652250196682336e-06,D2_1,D2_2,4.958825117635849e-06,0.9896318811212396,False,ENSG00000267009,ENSG00000267009,lncRNA,chr17,False,False,False
ENSG00000186854,21.257750759878416,22.23809523809528,-0.9803444782168604,0.0699088145896658,0.1321428571428567,-0.0622340425531909,1941995.0,1.488785022522163e-10,D2_1,D2_2,1.7167104939689906e-10,0.9803444782168604,False,ENSG00000186854,TRABD2A,protein_coding,chr2,False,False,False
ENSG00000179088,4.709422492401217,5.622619047619064,-0.9131965552178468,0.0686930091185411,0.0488095238095237,0.0198834853090174,2115138.5,0.0052384558207906,D2_1,D2_2,0.0053847382876271,0.9131965552178468,False,ENSG00000179088,C12orf42,protein_coding,chr12,False,False,False
ENSG00000233673,0.4838905775075988,1.3908730158730154,-0.9069824383654166,0.0559270516717326,0.0277777777777777,0.0281492738939548,2130553.5,5.296488525951617e-06,D2_1,D2_2,5.6423831545115775e-06,0.9069824383654166,False,ENSG00000233673,ANAPC1P1,transcribed_unprocessed_pseudogene,chr2,False,False,False
ENSG00000154027,2.9592705167173263,3.8035714285714257,-0.8443009118540994,0.0565349544072949,0.0448412698412697,0.0116936845660251,2097571.0,0.0809994838997268,D2_1,D2_2,0.0822153063453552,0.8443009118540994,False,ENSG00000154027,AK5,protein_coding,chr1,False,False,False
ENSG00000117281,6.361702127659576,7.201587301587304,-0.8398851739277289,0.0522796352583587,0.0472222222222221,0.0050574130361366,2082993.5,0.4691713128127567,D2_1,D2_2,0.4719074537498077,0.8398851739277289,False,ENSG00000117281,CD160,protein_coding,chr1,False,False,False
ENSG00000245275,6.550759878419459,7.371428571428597,-0.8206686930091376,0.1082066869300915,0.0587301587301585,0.0494765281999329,2177689.0,2.8121115111881834e-09,D2_1,D2_2,3.158404309412352e-09,0.8206686930091376,False,ENSG00000245275,SAP30L-AS1,lncRNA,chr5,False,False,False
ENSG00000100385,32.14164133738603,32.942460317460416,-0.8008189800743892,0.082066869300912,0.2313492063492056,-0.1492823370482935,1773501.0,4.316405483708921e-33,D2_1,D2_2,8.319540956169254e-33,0.8008189800743892,False,ENSG00000100385,IL2RB,protein_coding,chr22,False,False,False
ENSG00000225423,4.46443768996961,5.263888888888904,-0.7994511989192947,0.1088145896656538,0.0452380952380951,0.0635764944275587,2203183.5,8.580175919786666e-15,D2_1,D2_2,1.0881171544012336e-14,0.7994511989192947,False,ENSG00000225423,TNPO1P1,processed_pseudogene,chr10,False,False,False
ENSG00000214851,5.200607902735565,5.998412698412709,-0.7978047956771439,0.0382978723404255,0.1003968253968251,-0.0620989530563995,1946056.5,3.558715396827973e-13,D2_1,D2_2,4.341966563970224e-13,0.7978047956771439,False,ENSG00000214851,LINC00612,lncRNA,chr12,False,False,False
ENSG00000232393,0.2990881458966562,1.0924603174603171,-0.7933721715636609,0.1659574468085103,0.0833333333333331,0.0826241134751772,2242638.0,7.405690227768087e-16,D2_1,D2_2,9.637757100147533e-16,0.7933721715636609,False,ENSG00000232393,RPL5P6,processed_pseudogene,chr1,False,True,False
ENSG00000259378,1.1179331306990896,1.867063492063492,-0.749130361364402,0.0832826747720367,0.017063492063492,0.0662191827085446,2209120.0,1.8327441938227795e-24,D2_1,D2_2,2.9240851652821605e-24,0.749130361364402,False,ENSG00000259378,DCAF13P3,processed_pseudogene,chr15,False,False,False
ENSG00000157303,6.69726443768997,7.435714285714307,-0.7384498480243371,0.0565349544072949,0.0777777777777775,-0.0212428233704826,2030067.0,0.0107381968591885,D2_1,D2_2,0.0110056300853671,0.7384498480243371,False,ENSG00000157303,SUSD3,protein_coding,chr9,False,False,False
ENSG00000223692,3.391489361702128,4.112301587301587,-0.7208122255994596,0.0516717325227964,0.0456349206349205,0.0060368118878758,2086318.0,0.3325845651445832,D2_1,D2_2,0.3351610474638493,0.7208122255994596,False,ENSG00000223692,DIP2A-IT1,lncRNA,chr21,False,False,False
ENSG00000144642,1.7762917933130704,2.4900793650793647,-0.7137875717662943,0.0504559270516718,0.0337301587301586,0.0167257683215131,2106649.0,0.0086567873384119,D2_1,D2_2,0.0088783113278962,0.7137875717662943,False,ENSG00000144642,RBMS3,protein_coding,chr3,False,False,False
ENSG00000213049,1.7525835866261412,2.4527777777777757,-0.7001941911516341,0.0844984802431613,0.0769841269841267,0.0075143532590345,2083827.0,0.5328433699011721,D2_1,D2_2,0.5355648067039676,0.7001941911516341,False,ENSG00000213049,HNRNPA1P34,processed_pseudogene,chr12,False,False,False
ENSG00000249142,0.162917933130699,0.8138888888888889,-0.6509709557581898,0.0547112462006079,0.0138888888888888,0.0408223573117191,2157426.5,4.1447119197064356e-14,D2_1,D2_2,5.176253190748822e-14,0.6509709557581898,False,ENSG00000249142,TMEM183AP2,processed_pseudogene,chr5,False,False,False
ENSG00000137101,16.735562310030392,17.350000000000016,-0.6144376899696233,0.0656534954407296,0.0476190476190475,0.0180344478216821,2111088.0,0.0102605350960485,D2_1,D2_2,0.0105181790920492,0.6144376899696233,False,ENSG00000137101,CD72,protein_coding,chr9,False,False,False
ENSG00000013725,24.35440729483281,24.911111111111204,-0.556703816278393,0.1325227963525838,0.2765873015873007,-0.1440645052347168,1791308.0,1.3336152242746631e-24,D2_1,D2_2,2.1337287567871663e-24,0.556703816278393,False,ENSG00000013725,CD6,protein_coding,chr11,False,False,False
ENSG00000157570,2.395744680851064,2.948809523809522,-0.5530648429584581,0.0212765957446808,0.0507936507936506,-0.0295170550489698,2011830.0,1.78909824103642e-06,D2_1,D2_2,1.920465594399234e-06,0.5530648429584581,False,ENSG00000157570,TSPAN18,protein_coding,chr11,False,False,False
ENSG00000237017,0.5823708206686934,1.129365079365079,-0.5469942586963855,0.0583586626139818,0.0202380952380952,0.0381205673758866,2151251.0,9.329202134085367e-11,D2_1,D2_2,1.0800456501863667e-10,0.5469942586963855,False,ENSG00000237017,PRPF31-AS1,lncRNA,chr19,False,False,False
ENSG00000242314,0.4322188449848023,0.9499999999999998,-0.5177811550151975,0.1617021276595742,0.0345238095238094,0.1271783181357647,2337775.5,1.858866440549426e-47,D2_1,D2_2,4.7794974643942525e-47,0.5177811550151975,False,ENSG00000242314,RPL12P32,processed_pseudogene,chr12,False,True,False
ENSG00000124256,7.66322188449848,8.17023809523813,-0.5070162107396499,0.0620060790273557,0.1416666666666662,-0.0796605876393105,1911958.5,6.468185943364701e-15,D2_1,D2_2,8.226584988868024e-15,0.5070162107396499,False,ENSG00000124256,ZBP1,protein_coding,chr20,False,False,False
ENSG00000221869,3.4966565349544085,4.001984126984127,-0.505327592029718,0.0504559270516718,0.0392857142857142,0.0111702127659575,2096690.5,0.0741884609010251,D2_1,D2_2,0.0753419037268101,0.505327592029718,False,ENSG00000221869,CEBPD,protein_coding,chr8,False,False,False
ENSG00000236539,0.7671732522796381,1.2654761904761904,-0.4983029381965523,0.1671732522796349,0.038095238095238,0.1290780141843969,2339756.5,4.1246996172705036e-46,D2_1,D2_2,1.033700230613914e-45,0.4983029381965523,False,ENSG00000236539,HNRNPA1P54,processed_pseudogene,chr1,False,False,False
ENSG00000102245,5.068085106382981,5.547619047619047,-0.4795339412360659,0.025531914893617,0.0527777777777776,-0.0272458628841606,2016316.0,1.9046290361321484e-05,D2_1,D2_2,2.013502458996452e-05,0.4795339412360659,False,ENSG00000102245,CD40LG,protein_coding,chrX,False,False,False
ENSG00000234287,3.206686930091205,3.681349206349201,-0.4746622762579964,0.367781155015199,0.2281746031746024,0.1396065518405965,2347553.0,7.067294358256674e-20,D2_1,D2_2,1.0182369851627553e-19,0.4746622762579964,False,ENSG00000234287,RPS27P4,processed_pseudogene,chr3,False,True,False
ENSG00000137501,21.07477203647416,21.51269841269851,-0.4379263762243504,0.0772036474164135,0.1674603174603169,-0.0902566700439033,1888180.0,1.2981187006935783e-16,D2_1,D2_2,1.7216279640268212e-16,0.4379263762243504,False,ENSG00000137501,SYTL2,protein_coding,chr11,False,False,False
ENSG00000233260,0.2620060790273558,0.6686507936507937,-0.4066447146234379,0.0522796352583587,0.0146825396825396,0.037597095575819,2150454.5,2.758605686814667e-12,D2_1,D2_2,3.3019804501407628e-12,0.4066447146234379,False,ENSG00000233260,RPSAP63,processed_pseudogene,chrX,False,True,False
ENSG00000244752,0.1434650455927053,0.5452380952380951,-0.4017730496453898,0.0601823708206688,0.0115079365079365,0.0486744343127322,2173354.0,7.036249305909681e-19,D2_1,D2_2,9.887076789245113e-19,0.4017730496453898,False,ENSG00000244752,CRYBB2,protein_coding,chr22,False,False,False
ENSG00000214892,0.3240121580547112,0.7206349206349204,-0.3966227625802092,0.0930091185410337,0.0293650793650793,0.0636440391759543,2204910.5,8.02050377916751e-19,D2_1,D2_2,1.125877759581356e-18,0.3966227625802092,False,ENSG00000214892,USP8P1,processed_pseudogene,chr6,False,False,False
ENSG00000263787,1.3142857142857147,1.7083333333333317,-0.3940476190476167,0.0261398176291793,0.070238095238095,-0.0440982776089157,1981411.5,5.35749110299206e-10,D2_1,D2_2,6.097537512488184e-10,0.3940476190476167,False,ENSG00000263787,SKAP1-AS1,lncRNA,chr17,False,False,False
ENSG00000189350,4.582370820668693,4.976190476190476,-0.3938196555217832,0.0571428571428572,0.0765873015873013,-0.0194444444444441,2032518.5,0.0158563654318041,D2_1,D2_2,0.0162198593481403,0.3938196555217832,False,ENSG00000189350,TOGARAM2,protein_coding,chr2,False,False,False
ENSG00000151150,10.457750759878396,10.846031746031787,-0.38828098615339,0.0899696048632221,0.1682539682539677,-0.0782843633907456,1912978.5,1.969560171036095e-12,D2_1,D2_2,2.365814901432354e-12,0.38828098615339,False,ENSG00000151150,ANK3,protein_coding,chr10,False,False,False
ENSG00000182010,8.464437689969605,8.840476190476199,-0.3760385005065938,0.0571428571428572,0.0543650793650792,0.002777777777778,2077462.5,0.7516455484634749,D2_1,D2_2,0.7539048071689975,0.3760385005065938,False,ENSG00000182010,RTKN2,protein_coding,chr10,False,False,False
ENSG00000235999,1.883282674772038,2.223809523809522,-0.3405268490374842,0.0492401215805471,0.0769841269841267,-0.0277440054035796,2015421.0,0.0004520501519856,D2_1,D2_2,0.0004698970564758,0.3405268490374842,False,ENSG00000235999,,,,False,False,False
ENSG00000229273,0.7404255319148939,1.0797619047619045,-0.3393363728470105,0.064437689969605,0.0222222222222222,0.0422154677473827,2160089.0,6.115918824059021e-12,D2_1,D2_2,7.269016953101507e-12,0.3393363728470105,False,ENSG00000229273,ENSG00000229273,processed_pseudogene,chr9,False,False,False
ENSG00000179588,3.583586626139819,3.9047619047619033,-0.3211752786220843,0.0693009118541035,0.0265873015873015,0.0427136102668019,2161513.0,3.419187503763972e-11,D2_1,D2_2,4.000955037564947e-11,0.3211752786220843,False,ENSG00000179588,ZFPM1,protein_coding,chr16,False,False,False
ENSG00000223518,0.6145896656534968,0.9325396825396824,-0.3179500168861856,0.1392097264437691,0.0329365079365078,0.1062732185072612,2292715.5,5.166258265751262e-37,D2_1,D2_2,1.0770346920994413e-36,0.3179500168861856,False,ENSG00000223518,CSNK1A1P1,transcribed_processed_pseudogene,chr15,False,False,False
ENSG00000258352,3.548936170212768,3.8630952380952346,-0.3141590678824668,0.0370820668693009,0.0650793650793649,-0.0279972982100639,2014932.0,0.0001014562314135,D2_1,D2_2,0.000106318483902,0.3141590678824668,False,ENSG00000258352,IFITM3P6,transcribed_processed_pseudogene,chr12,False,False,False
ENSG00000181036,18.874772036474173,19.168253968254003,-0.29348193177983,0.0279635258358662,0.0976190476190473,-0.0696555217831811,1928704.0,9.875444117359096e-18,D2_1,D2_2,1.3490083403173636e-17,0.29348193177983,False,ENSG00000181036,FCRL6,protein_coding,chr1,False,False,False
ENSG00000111816,0.4030395136778116,0.6773809523809523,-0.2743414387031406,0.0577507598784195,0.0261904761904761,0.0315602836879433,2137499.5,3.14095610485512e-07,D2_1,D2_2,3.4073269406025505e-07,0.2743414387031406,False,ENSG00000111816,FRK,protein_coding,chr6,False,False,False
ENSG00000219163,0.3215805471124613,0.5857142857142856,-0.2641337386018242,0.0960486322188452,0.0234126984126983,0.0726359338061468,2223230.0,6.683695555277492e-25,D2_1,D2_2,1.0769969218298291e-24,0.2641337386018242,False,ENSG00000219163,HMGB1P20,processed_pseudogene,chr6,False,False,False
ENSG00000213368,0.3720364741641347,0.6234126984126983,-0.2513762242485636,0.1082066869300915,0.0253968253968253,0.0828098615332661,2243992.5,8.072983726514991e-29,D2_1,D2_2,1.4199644803713202e-28,0.2513762242485636,False,ENSG00000213368,ST13P11,processed_pseudogene,chr11,False,False,False
ENSG00000178556,0.1562310030395138,0.4055555555555555,-0.2493245525160416,0.0705167173252281,0.0095238095238095,0.0609929078014186,2198886.5,1.676709413906746e-26,D2_1,D2_2,2.799987979054455e-26,0.2493245525160416,False,ENSG00000178556,CKS1BP6,processed_pseudogene,chrX,False,False,False
ENSG00000182463,4.382370820668695,4.631349206349208,-0.2489783856805134,0.0376899696048632,0.0591269841269839,-0.0214370145221207,2029475.0,0.0027147475181681,D2_1,D2_2,0.0027984268621234,0.2489783856805134,False,ENSG00000182463,TSHZ2,protein_coding,chr20,False,False,False
ENSG00000244485,0.2747720364741636,0.4880952380952379,-0.2133232016210742,0.1562310030395135,0.0488095238095237,0.1074214792299898,2294972.5,8.362076952496444e-32,D2_1,D2_2,1.5693591052796235e-31,0.2133232016210742,False,ENSG00000244485,RPL18P13,transcribed_processed_pseudogene,chr16,False,True,False
ENSG00000169282,3.30516717325228,3.5130952380952367,-0.2079280648429566,0.0510638297872341,0.0464285714285713,0.0046352583586627,2083304.0,0.4516426854064359,D2_1,D2_2,0.4544254864308332,0.2079280648429566,False,ENSG00000169282,KCNAB1,protein_coding,chr3,False,False,False
ENSG00000112039,3.718541033434652,3.9214285714285713,-0.2028875379939196,0.0522796352583587,0.0166666666666666,0.035612968591692,2146638.5,7.088300743441386e-11,D2_1,D2_2,8.233478351254276e-11,0.2028875379939196,False,ENSG00000112039,FANCE,protein_coding,chr6,False,False,False
ENSG00000166971,10.575075987841949,10.777777777777796,-0.2027017899358494,0.0662613981762919,0.0825396825396823,-0.0162782843633903,2039650.5,0.0581207195114562,D2_1,D2_2,0.0590634256538135,0.2027017899358494,False,ENSG00000166971,AKTIP,protein_coding,chr16,False,False,False
ENSG00000236943,0.5124620060790275,0.7079365079365073,-0.1954745018574798,0.0686930091185411,0.0706349206349204,-0.0019419115163792,2069679.5,0.8570403553173218,D2_1,D2_2,0.8583824516586774,0.1954745018574798,False,ENSG00000236943,,,,False,False,False
ENSG00000213269,0.2425531914893614,0.4376984126984125,-0.1951452212090511,0.1343465045592707,0.0503968253968252,0.0839496791624454,2247679.5,6.780557222564701e-22,D2_1,D2_2,1.0226130218743189e-21,0.1951452212090511,False,ENSG00000213269,RPS6P26,processed_pseudogene,chrX,False,True,False
ENSG00000132819,8.671732522796354,8.857539682539718,-0.1858071597433639,0.0844984802431613,0.1182539682539679,-0.0337554880108065,2004066.5,0.0006701483100231,D2_1,D2_2,0.0006952403729964,0.1858071597433639,False,ENSG00000132819,RBM38,protein_coding,chr20,False,False,False
ENSG00000240906,0.1933130699088145,0.3654761904761903,-0.1721631205673758,0.0632218844984803,0.0123015873015873,0.050920297196893,2178141.0,1.306678601340903e-19,D2_1,D2_2,1.8706879808415272e-19,0.1721631205673758,False,ENSG00000240906,,,,False,False,False
ENSG00000251992,0.9665653495440732,1.1361111111111102,-0.169545761567037,0.0729483282674773,0.0781746031746029,-0.0052262749071255,2064045.0,0.6197518668585391,D2_1,D2_2,0.6222652509339728,0.169545761567037,False,ENSG00000251992,SCARNA17,scaRNA,chr18,False,False,False
ENSG00000236913,0.1775075987841939,0.3456349206349203,-0.1681273218507263,0.0589665653495441,0.0404761904761904,0.0184903748733537,2110039.0,0.0077383180234626,D2_1,D2_2,0.00793952153333,0.1681273218507263,False,ENSG00000236913,RPS13P3,processed_pseudogene,chr2,False,True,False
ENSG00000213698,0.1714285714285714,0.3384920634920634,-0.1670634920634919,0.1106382978723407,0.0234126984126983,0.0872255994596423,2253892.5,3.661068705925672e-32,D2_1,D2_2,6.915752477966903e-32,0.1670634920634919,False,ENSG00000213698,CAPZA1P3,processed_pseudogene,chrX,False,False,False
ENSG00000243445,0.2863221884498479,0.4531746031746028,-0.1668524147247548,0.0869300911854105,0.0694444444444442,0.0174856467409663,2107862.0,0.04407687991384,D2_1,D2_2,0.0448571309870346,0.1668524147247548,False,ENSG00000243445,ENSG00000243445,processed_pseudogene,chr16,False,False,False
ENSG00000184260,2.3635258358662625,2.526984126984126,-0.1634582911178634,0.0784194528875382,0.0472222222222221,0.031197230665316,2139177.0,1.9313100345824816e-05,D2_1,D2_2,2.0412868574565235e-05,0.1634582911178634,False,ENSG00000184260,H2AC20,protein_coding,chr1,False,False,False
ENSG00000214900,4.482674772036479,4.645634920634925,-0.1629601485984464,0.1118541033434654,0.0976190476190473,0.014235055724418,2094887.5,0.2680045998352791,D2_1,D2_2,0.2702759744741826,0.1629601485984464,False,ENSG00000214900,LINC01588,lncRNA,chr14,False,False,False
ENSG00000229022,0.0875379939209728,0.2392857142857142,-0.1517477203647414,0.0668693009118542,0.0257936507936507,0.0410756501182034,2157780.0,1.0978396201701484e-10,D2_1,D2_2,1.269250445854619e-10,0.1517477203647414,False,ENSG00000229022,RPL6P3,processed_pseudogene,chr1,False,True,False
ENSG00000226642,0.1167173252279637,0.267063492063492,-0.1503461668355283,0.0613981762917934,0.0257936507936507,0.0356045254981426,2146856.5,8.000282949770832e-09,D2_1,D2_2,8.907256348660497e-09,0.1503461668355283,False,ENSG00000226642,ACTG1P12,processed_pseudogene,chr3,False,False,False
ENSG00000151623,4.40182370820669,4.54246031746032,-0.1406366092536304,0.0455927051671733,0.0611111111111109,-0.0155184059439376,2041827.0,0.0393847285153134,D2_1,D2_2,0.0401031895661732,0.1406366092536304,False,ENSG00000151623,NR3C2,protein_coding,chr4,False,False,False
ENSG00000105717,3.1689969604863224,3.299206349206347,-0.1302093887200244,0.0340425531914893,0.0539682539682538,-0.0199257007767644,2031922.5,0.0030930950311365,D2_1,D2_2,0.0031865106528823,0.1302093887200244,False,ENSG00000105717,PBX4,protein_coding,chr19,False,False,False
ENSG00000223759,0.3793313069908814,0.5063492063492059,-0.1270178993583244,0.0346504559270516,0.0523809523809522,-0.0177304964539005,2036414.5,0.0079944621292161,D2_1,D2_2,0.0082006812138109,0.1270178993583244,False,ENSG00000223759,,,,False,False,False
ENSG00000231909,0.1246200607902738,0.2468253968253967,-0.1222053360351228,0.0905775075987844,0.0365079365079364,0.054069571090848,2183962.5,4.183877054917488e-13,D2_1,D2_2,5.095407235241466e-13,0.1222053360351228,False,ENSG00000231909,MAP1LC3BP1,transcribed_processed_pseudogene,chr9,False,False,False
ENSG00000128655,0.8528875379939221,0.9734126984126982,-0.120525160418776,0.074164133738602,0.0357142857142856,0.0384498480243163,2152177.5,3.7698781163820134e-08,D2_1,D2_2,4.153874745995542e-08,0.120525160418776,False,ENSG00000128655,PDE11A,protein_coding,chr2,False,False,False
ENSG00000224059,0.2662613981762918,0.3821428571428571,-0.1158814589665653,0.0522796352583587,0.0126984126984127,0.039581222559946,2154523.0,6.154874432605839e-14,D2_1,D2_2,7.653704029528486e-14,0.1158814589665653,False,ENSG00000224059,HSPA8P16,processed_pseudogene,chr7,False,False,False
ENSG00000215221,1.2650455927051687,1.377777777777777,-0.1127321850726086,0.1209726443769001,0.0662698412698411,0.0547028031070589,2187729.5,6.530918939099901e-10,D2_1,D2_2,7.42369710568598e-10,0.1127321850726086,False,ENSG00000215221,UBA52P6,transcribed_processed_pseudogene,chr9,False,False,False
ENSG00000270388,0.1155015197568391,0.2253968253968252,-0.109895305639986,0.0784194528875382,0.0384920634920634,0.0399273893954747,2155234.5,2.9712183820428963e-08,D2_1,D2_2,3.278571070689272e-08,0.109895305639986,False,ENSG00000270388,MTCO3P22,processed_pseudogene,chr5,False,False,False
ENSG00000267322,0.2249240121580547,0.3309523809523807,-0.106028368794326,0.0522796352583587,0.0539682539682538,-0.0016886187098951,2069702.5,0.8391718926090336,D2_1,D2_2,0.8408151796050043,0.106028368794326,False,ENSG00000267322,SNHG22,lncRNA,chr18,False,False,False
ENSG00000248781,0.1969604863221883,0.2988095238095238,-0.1018490374873355,0.101519756838906,0.0226190476190476,0.0789007092198584,2236475.0,2.3183048521592567e-28,D2_1,D2_2,4.031948728828981e-28,0.1018490374873355,False,ENSG00000248781,PSMC1P4,processed_pseudogene,chr5,False,False,False
ENSG00000240027,0.2425531914893615,0.3412698412698409,-0.0987166497804793,0.0364741641337386,0.0630952380952379,-0.0266210739614993,2017520.5,0.0001693054938822,D2_1,D2_2,0.0001769000974128,0.0987166497804793,False,ENSG00000240027,RPS27P24,processed_pseudogene,chr12,False,True,False
ENSG00000254126,0.1902735562310029,0.2865079365079361,-0.0962343802769331,0.0310030395136777,0.0694444444444442,-0.0384414049307664,1993979.5,1.250425561269186e-07,D2_1,D2_2,1.365831663380204e-07,0.0962343802769331,False,ENSG00000254126,CD8B2,protein_coding,chr2,False,False,False
ENSG00000224401,0.1999999999999999,0.296031746031746,-0.096031746031746,0.0674772036474165,0.017063492063492,0.0504137115839244,2176780.0,4.751985386820707e-17,D2_1,D2_2,6.375019724497277e-17,0.096031746031746,False,ENSG00000224401,RPL7P57,processed_pseudogene,chrX,False,True,False
ENSG00000262580,2.276595744680851,2.370634920634919,-0.0940391759540677,0.0382978723404255,0.0626984126984125,-0.024400540357987,2022574.0,0.0006699176436411,D2_1,D2_2,0.0006950480452782,0.0940391759540677,False,ENSG00000262580,ENSG00000262580,lncRNA,chr17,False,False,False
ENSG00000254502,0.3185410334346505,0.4119047619047618,-0.0933637284701113,0.0674772036474165,0.0162698412698412,0.0512073623775752,2179162.5,5.6845371108376894e-18,D2_1,D2_2,7.815983935091234e-18,0.0933637284701113,False,ENSG00000254502,FNTAP1,processed_pseudogene,chr11,False,False,False
ENSG00000224427,0.1398176291793313,0.2305555555555554,-0.0907379263762241,0.0802431610942251,0.0246031746031745,0.0556399864910505,2188251.0,7.20898894167689e-17,D2_1,D2_2,9.61407300214946e-17,0.0907379263762241,False,ENSG00000224427,ENSG00000224427,processed_pseudogene,chr21,False,False,False
ENSG00000227770,0.1063829787234044,0.1964285714285713,-0.0900455927051669,0.0747720364741643,0.0309523809523809,0.0438196555217834,2163519.0,1.131496575657211e-10,D2_1,D2_2,1.3076699620793695e-10,0.0900455927051669,False,ENSG00000227770,RPL7P12,transcribed_processed_pseudogene,chr2,False,True,False
ENSG00000135248,0.3440729483282676,0.4333333333333328,-0.0892603850050651,0.062613981762918,0.0865079365079362,-0.0238939547450182,2025523.0,0.0071553843890735,D2_1,D2_2,0.0073433944221621,0.0892603850050651,False,ENSG00000135248,GARIN1B,protein_coding,chr7,False,False,False
ENSG00000182230,1.2893617021276609,1.378571428571428,-0.0892097264437672,0.0413373860182371,0.0503968253968252,-0.0090594393785881,2054588.5,0.1921407280096367,D2_1,D2_2,0.194087929385886,0.0892097264437672,False,ENSG00000182230,,,,False,False,False
ENSG00000235089,0.1544072948328267,0.2297619047619046,-0.0753546099290779,0.0778115501519758,0.0277777777777777,0.0500337723741981,2175590.5,1.8756245041368998e-13,D2_1,D2_2,2.304188566506715e-13,0.0753546099290779,False,ENSG00000235089,ENSG00000235089,processed_pseudogene,chr1,False,False,False
ENSG00000203827,0.4577507598784198,0.5321428571428565,-0.0743920972644366,0.1452887537993921,0.08531746031746,0.059971293481932,2197202.5,1.2894865066562742e-09,D2_1,D2_2,1.4570200866524704e-09,0.0743920972644366,False,ENSG00000203827,,,,False,False,False
ENSG00000183542,0.5987841945288754,0.6698412698412695,-0.071057075312394,0.0182370820668692,0.0547619047619046,-0.0365248226950353,1997471.5,5.972344029957452e-09,D2_1,D2_2,6.665368682553941e-09,0.071057075312394,False,ENSG00000183542,KLRC4,protein_coding,chr12,False,False,False
ENSG00000231093,0.172644376899696,0.2432539682539682,-0.0706095913542722,0.0905775075987844,0.023015873015873,0.0675616345829114,2212892.5,9.789056679174604e-23,D2_1,D2_2,1.5038232588603897e-22,0.0706095913542722,False,ENSG00000231093,TRMT1P1,processed_pseudogene,chrX,False,False,False
ENSG00000244582,0.1604863221884499,0.2297619047619045,-0.0692755825734545,0.1094224924012161,0.053174603174603,0.0562478892266131,2188671.5,2.3715391432503728e-11,D2_1,D2_2,2.7848168489055407e-11,0.0692755825734545,False,ENSG00000244582,RPL21P120,processed_pseudogene,chr17,False,True,False
ENSG00000225193,1.5592705167173353,1.6257936507936497,-0.0665231340763143,0.3653495440729497,0.1603174603174598,0.2050320837554898,2492566.5,2.075074899649654e-49,D2_1,D2_2,5.513657557490426e-49,0.0665231340763143,False,ENSG00000225193,RPS12P26,transcribed_processed_pseudogene,chr15,False,True,False
ENSG00000231735,0.1544072948328265,0.2202380952380952,-0.0658308004052687,0.0632218844984803,0.015079365079365,0.0481425194191152,2172764.0,4.825177963894896e-17,D2_1,D2_2,6.472079844965627e-17,0.0658308004052687,False,ENSG00000231735,RPS2P18,processed_pseudogene,chr2,False,True,False
ENSG00000219930,0.1252279635258362,0.1884920634920633,-0.0632640999662271,0.1057750759878422,0.0238095238095237,0.0819655521783184,2242265.0,3.898463573533881e-29,D2_1,D2_2,6.894966684381273e-29,0.0632640999662271,False,ENSG00000219930,GAPDHP67,processed_pseudogene,chrX,False,False,False
ENSG00000219133,0.1781155015197566,0.2317460317460314,-0.0536305302262748,0.074164133738602,0.0630952380952379,0.011068895643364,2094583.0,0.1845504567934334,D2_1,D2_2,0.1864820954367193,0.0536305302262748,False,ENSG00000219133,RPL21P19,processed_pseudogene,chr1,False,True,False
ENSG00000187068,0.6249240121580566,0.6777777777777776,-0.0528537656197209,0.1215805471124624,0.0376984126984126,0.0838821344140497,2246738.5,5.862027152464609e-25,D2_1,D2_2,9.465823352654296e-25,0.0528537656197209,False,ENSG00000187068,C3orf70,protein_coding,chr3,False,False,False
ENSG00000224557,0.604255319148937,0.6559523809523807,-0.0516970618034436,0.064437689969605,0.0329365079365078,0.0315011820330971,2138643.5,1.4330322971491316e-06,D2_1,D2_2,1.5405172463925464e-06,0.0516970618034436,False,ENSG00000224557,HLA-DPB2,transcribed_unprocessed_pseudogene,chr6,False,False,True
ENSG00000258373,0.2419452887537992,0.2908730158730158,-0.0489277271192166,0.0924012158054713,0.0277777777777777,0.0646234380276936,2206322.5,1.4221663105531576e-19,D2_1,D2_2,2.0345063249758598e-19,0.0489277271192166,False,ENSG00000258373,SLC25A3P2,processed_pseudogene,chr12,False,False,False
ENSG00000258012,0.5963525835866276,0.644047619047619,-0.0476950354609914,0.1003039513677814,0.023015873015873,0.0772880783519084,2232264.0,4.105549171082985e-27,D2_1,D2_2,6.942842324129539e-27,0.0476950354609914,False,ENSG00000258012,ENSG00000258012,processed_pseudogene,chr12,False,False,False
ENSG00000223916,0.5647416413373882,0.6107142857142851,-0.0459726443768968,0.141033434650456,0.1099206349206346,0.0311127997298214,2138791.5,0.0021798812793014,D2_1,D2_2,0.0022488861910932,0.0459726443768968,False,ENSG00000223916,RPL18AP9,processed_pseudogene,chr3,False,True,False
ENSG00000215347,0.3702127659574467,0.4158730158730158,-0.045660249915569,0.0790273556231005,0.021031746031746,0.0579956095913544,2192349.0,6.525606361892224e-19,D2_1,D2_2,9.176260320176405e-19,0.045660249915569,False,ENSG00000215347,SLC25A5P1,transcribed_processed_pseudogene,chr22,False,False,False
ENSG00000213253,0.2942249240121577,0.3380952380952379,-0.0438703140830801,0.1683890577507595,0.0472222222222221,0.1211668355285374,2323361.0,1.3720398976460342e-38,D2_1,D2_2,2.9521744363423926e-38,0.0438703140830801,False,ENSG00000213253,RPL12P42,processed_pseudogene,chr19,False,True,False
ENSG00000254252,0.1404255319148937,0.1817460317460316,-0.0413204998311378,0.0802431610942251,0.038095238095238,0.0421479229989871,2159642.5,6.052012439605891e-09,D2_1,D2_2,6.7532997199731326e-09,0.0413204998311378,False,ENSG00000254252,RPL7P20,processed_pseudogene,chr5,False,True,False
ENSG00000224236,0.4541033434650459,0.4916666666666664,-0.0375633232016205,0.1057750759878422,0.0218253968253968,0.0839496791624454,2247092.5,2.652615217263371e-31,D2_1,D2_2,4.921155859921773e-31,0.0375633232016205,False,ENSG00000224236,MRRFP1,processed_pseudogene,chrX,False,False,False
ENSG00000236905,0.292401215805471,0.3297619047619043,-0.0373606889564333,0.0851063829787236,0.0829365079365077,0.0021698750422159,2075593.5,0.873876518393025,D2_1,D2_2,0.8749024626489,0.0373606889564333,False,ENSG00000236905,ENSG00000236905,processed_pseudogene,chr1,False,False,False
ENSG00000246526,4.675379939209727,4.710317460317459,-0.0349375211077314,0.0395136778115501,0.0559523809523808,-0.0164387031408306,2039111.0,0.0184445663262925,D2_1,D2_2,0.0188523167604601,0.0349375211077314,False,ENSG00000246526,LINC02481,lncRNA,chr4,False,False,False
ENSG00000225142,0.4784194528875384,0.5126984126984121,-0.0342789598108736,0.0784194528875382,0.091269841269841,-0.0128503883823028,2045508.0,0.1408192815528442,D2_1,D2_2,0.1425277576049162,0.0342789598108736,False,ENSG00000225142,RPL21P22,processed_pseudogene,chr1,False,True,False
ENSG00000103522,3.5452887537993925,3.5793650793650755,-0.034076325565683,0.0425531914893617,0.0805555555555553,-0.0380023640661936,1994724.5,1.6566246148101371e-06,D2_1,D2_2,1.7795092958247452e-06,0.034076325565683,False,ENSG00000103522,IL21R,protein_coding,chr16,False,False,False
ENSG00000103832,0.3136778115501518,0.3436507936507936,-0.0299729821006417,0.0747720364741643,0.0202380952380952,0.054533941236069,2185696.0,8.46797670062236e-18,D2_1,D2_2,1.1588075452844184e-17,0.0299729821006417,False,ENSG00000103832,GOLGA8UP,transcribed_unprocessed_pseudogene,chr15,False,False,False
ENSG00000259105,0.2376899696048625,0.2666666666666663,-0.0289766970618037,0.0717325227963527,0.0825396825396823,-0.0108071597433295,2049651.5,0.1919864074066276,D2_1,D2_2,0.193944807745425,0.0289766970618037,False,ENSG00000259105,RPS3AP4,processed_pseudogene,chr14,False,True,False
ENSG00000233609,0.3744680851063836,0.4007936507936505,-0.0263255656872668,0.2079027355623089,0.0726190476190474,0.1352836879432615,2347490.0,2.9124412888894705e-36,D2_1,D2_2,5.980732278856637e-36,0.0263255656872668,False,ENSG00000233609,RPL10P19,transcribed_processed_pseudogene,chr8,False,True,False
ENSG00000230507,0.1021276595744682,0.1277777777777777,-0.0256501182033094,0.082066869300912,0.0198412698412698,0.0622255994596422,2201567.5,1.7619612042484146e-21,D2_1,D2_2,2.6314559724861997e-21,0.0256501182033094,False,ENSG00000230507,RPL7AP8,processed_pseudogene,chr10,False,True,False
ENSG00000260389,0.1027355623100305,0.1281746031746031,-0.0254390408645726,0.0583586626139818,0.0134920634920635,0.0448665991219183,2165486.5,4.672742479561255e-16,D2_1,D2_2,6.110111343493079e-16,0.0254390408645726,False,ENSG00000260389,WBP11P1,transcribed_processed_pseudogene,chr18,False,False,False
ENSG00000223873,0.0644376899696049,0.0884920634920634,-0.0240543735224584,0.052887537993921,0.0119047619047619,0.0409827760891591,2157498.5,5.721797645817253e-15,D2_1,D2_2,7.287553423771561e-15,0.0240543735224584,False,ENSG00000223873,SAP18P2,processed_pseudogene,chr2,False,False,False
ENSG00000269637,0.1617021276595745,0.1845238095238094,-0.0228216818642349,0.1173252279635262,0.0412698412698411,0.076055386693685,2230217.0,1.2677559588099587e-20,D2_1,D2_2,1.857761715296694e-20,0.0228216818642349,False,ENSG00000269637,RPL12P41,processed_pseudogene,chr19,False,True,False
ENSG00000235828,0.0838905775075989,0.1051587301587301,-0.0212681526511311,0.0547112462006079,0.0238095238095237,0.0309017223910842,2136678.0,1.7412720225424456e-07,D2_1,D2_2,1.89685086551888e-07,0.0212681526511311,False,ENSG00000235828,RPL36AP26,processed_pseudogene,chr7,False,True,False
ENSG00000215236,0.0814589665653496,0.1015873015873015,-0.0201283350219518,0.0638297872340426,0.0222222222222222,0.0416075650118204,2159077.5,9.188102015712948e-12,D2_1,D2_2,1.0878315922961339e-11,0.0201283350219518,False,ENSG00000215236,RPL7P33,processed_pseudogene,chr9,False,True,False
ENSG00000218347,0.1142857142857145,0.1317460317460317,-0.0174603174603172,0.0863221884498482,0.0238095238095237,0.0625126646403244,2202812.5,3.0820020561264333e-20,D2_1,D2_2,4.4829651816109876e-20,0.0174603174603172,False,ENSG00000218347,HNRNPA1P1,processed_pseudogene,chr6,False,False,False
ENSG00000225251,0.3118541033434645,0.3269841269841265,-0.015130023640662,0.0772036474164135,0.0825396825396823,-0.0053360351232687,2060824.0,0.5067354759247624,D2_1,D2_2,0.5094570052033732,0.015130023640662,False,ENSG00000225251,RPL5P25,processed_pseudogene,chr10,False,True,False
ENSG00000250303,11.011550151975689,11.02500000000001,-0.0134498480243223,0.0729483282674773,0.0309523809523809,0.0419959473150964,2160916.0,2.8478915855913604e-10,D2_1,D2_2,3.260863481935505e-10,0.0134498480243223,False,ENSG00000250303,LINC02762,lncRNA,chr11,False,False,False
ENSG00000214657,0.1112462006079029,0.1246031746031745,-0.0133569739952716,0.0547112462006079,0.0238095238095237,0.0309017223910842,2136669.5,1.747933247018056e-07,D2_1,D2_2,1.9038370355302037e-07,0.0133569739952716,False,ENSG00000214657,RPLP1P5,processed_pseudogene,chr2,False,True,False
ENSG00000233876,0.070516717325228,0.0825396825396825,-0.0120229652144544,0.0522796352583587,0.0095238095238095,0.0427558257345492,2161320.5,4.0806801710360656e-17,D2_1,D2_2,5.484497034007846e-17,0.0120229652144544,False,ENSG00000233876,GAPDHP68,processed_pseudogene,chr7,False,False,False
ENSG00000237442,0.161094224924012,0.1710317460317459,-0.0099375211077339,0.0869300911854105,0.023015873015873,0.0639142181695375,2204755.5,6.870556893579116e-21,D2_1,D2_2,1.0117330038031412e-20,0.0099375211077339,False,ENSG00000237442,HNRNPA1P57,transcribed_processed_pseudogene,chr2,False,False,False
ENSG00000257884,0.1617021276595744,0.1702380952380952,-0.0085359675785207,0.0772036474164135,0.021031746031746,0.0561719013846675,2188587.0,4.268480469288588e-18,D2_1,D2_2,5.889014488907049e-18,0.0085359675785207,False,ENSG00000257884,ENSG00000257884,transcribed_processed_pseudogene,chr14,False,False,False
ENSG00000228462,0.1398176291793313,0.1460317460317458,-0.0062141168524145,0.0638297872340426,0.0388888888888888,0.0249408983451538,2124250.5,0.0002698394329215,D2_1,D2_2,0.0002813118239164,0.0062141168524145,False,ENSG00000228462,RPS19P7,processed_pseudogene,chr10,False,True,False
ENSG00000239797,1.1604863221884538,1.1658730158730142,-0.0053866936845603,0.1604863221884496,0.1480158730158725,0.012470449172577,2093365.5,0.3841206544711157,D2_1,D2_2,0.3867916587596187,0.0053866936845603,False,ENSG00000239797,RPL21P39,processed_pseudogene,chr3,False,True,False
ENSG00000214593,0.105775075987842,0.1107142857142856,-0.0049392097264435,0.0516717325227964,0.0281746031746031,0.0234971293481932,2121303.0,9.816295731033318e-05,D2_1,D2_2,0.000102888453036,0.0049392097264435,False,ENSG00000214593,ENSG00000214593,processed_pseudogene,chr9,False,False,False
ENSG00000258960,0.1270516717325229,0.1317460317460317,-0.0046943600135087,0.0577507598784195,0.0242063492063491,0.0335444106720703,2142345.0,2.3881179088861553e-08,D2_1,D2_2,2.6398970114793664e-08,0.0046943600135087,False,ENSG00000258960,FTH1P13,processed_pseudogene,chr14,False,False,False
ENSG00000213108,0.1580547112462007,0.1579365079365078,0.0001182033096928,0.0924012158054713,0.0162698412698412,0.0761313745356301,2230050.5,4.771665360660016e-30,D2_1,D2_2,8.59784755090166e-30,0.0001182033096928,False,ENSG00000213108,BTF3L4P3,processed_pseudogene,chr6,False,False,False
ENSG00000258153,0.1537993920972643,0.1527777777777776,0.0010216143194866,0.074164133738602,0.0257936507936507,0.0483704829449512,2172795.0,1.91548077073853e-13,D2_1,D2_2,2.352586800354972e-13,0.0010216143194866,False,ENSG00000258153,HSPE1P4,processed_pseudogene,chr12,False,False,False
ENSG00000223904,0.2012158054711243,0.1984126984126983,0.0028031070584259,0.1258358662613986,0.0261904761904761,0.0996453900709224,2279432.0,5.43963289082043e-37,D2_1,D2_2,1.1334106810654756e-36,0.0028031070584259,False,ENSG00000223904,HMGB1P12,processed_pseudogene,chrX,False,False,False
ENSG00000205412,0.099696048632219,0.0960317460317459,0.0036643026004731,0.0844984802431613,0.0222222222222222,0.0622762580209391,2201662.5,1.5509939336030357e-20,D2_1,D2_2,2.269134281434102e-20,0.0036643026004731,False,ENSG00000205412,HNRNPA1P20,processed_pseudogene,chr3,False,False,False
ENSG00000267476,1.9604863221884503,1.953174603174601,0.0073117190138491,0.062613981762918,0.0603174603174601,0.0022965214454578,2078015.0,0.7360068265500617,D2_1,D2_2,0.7384603429991141,0.0073117190138491,False,ENSG00000267476,ENSG00000267476,lncRNA,chr18,False,False,False
ENSG00000258778,0.1136778115501521,0.1019841269841269,0.0116936845660251,0.0699088145896658,0.0186507936507936,0.0512580209388721,2178854.0,6.586861015429083e-17,D2_1,D2_2,8.795086689877906e-17,0.0116936845660251,False,ENSG00000258778,EIF2S2P1,processed_pseudogene,chr14,False,False,False
ENSG00000197575,0.1580547112462006,0.145238095238095,0.0128166160081056,0.0705167173252281,0.0575396825396824,0.0129770347855457,2099212.0,0.0961288707095683,D2_1,D2_2,0.0974557932363697,0.0128166160081056,False,ENSG00000197575,RPS17P2,processed_pseudogene,chr5,False,True,False
ENSG00000244192,0.1063829787234044,0.0920634920634918,0.0143194866599126,0.0632218844984803,0.0563492063492062,0.0068726781492741,2086782.5,0.3634591078164829,D2_1,D2_2,0.3661786101984124,0.0143194866599126,False,ENSG00000244192,ENSG00000244192,processed_pseudogene,chr5,False,False,False
ENSG00000213291,0.1027355623100305,0.0869047619047618,0.0158308004052686,0.0522796352583587,0.0257936507936507,0.0264859844647079,2127271.0,8.895247254450699e-06,D2_1,D2_2,9.446007980340244e-06,0.0158308004052686,False,ENSG00000213291,RPL31P39,processed_pseudogene,chr7,False,True,False
ENSG00000243538,0.1489361702127659,0.1309523809523808,0.017983789260385,0.0699088145896658,0.0365079365079364,0.0334008780817293,2141257.0,1.591781614933082e-06,D2_1,D2_2,1.710454867988996e-06,0.017983789260385,False,ENSG00000243538,RPS26P28,processed_pseudogene,chr5,False,True,False
ENSG00000213671,0.1775075987841944,0.1591269841269841,0.0183806146572103,0.0601823708206688,0.0126984126984127,0.0474839581222561,2171176.0,9.022486528096319e-18,D2_1,D2_2,1.2335901684000936e-17,0.0183806146572103,False,ENSG00000213671,OLA1P2,processed_pseudogene,chr17,False,False,False
ENSG00000252139,0.7531914893617029,0.7333333333333327,0.0198581560283701,0.0747720364741643,0.0753968253968252,-0.0006247889226608,2073914.5,0.944183312041182,D2_1,D2_2,0.9446140806773216,0.0198581560283701,False,ENSG00000252139,ENSG00000252139,scaRNA,chr18,False,False,False
ENSG00000234371,0.0990881458966567,0.0789682539682539,0.0201198919284028,0.0765957446808512,0.0313492063492063,0.0452465383316449,2166510.5,4.154609988405666e-11,D2_1,D2_2,4.8485716811394337e-11,0.0201198919284028,False,ENSG00000234371,RPSAP31,transcribed_processed_pseudogene,chr3,False,True,False
ENSG00000214047,0.0954407294832828,0.0706349206349205,0.0248058088483623,0.0553191489361703,0.0432539682539681,0.0120651806822021,2097897.5,0.0729599322421241,D2_1,D2_2,0.0740991769165413,0.0248058088483623,False,ENSG00000214047,RPS11P7,processed_pseudogene,chrX,False,True,False
ENSG00000227309,1.1562310030395158,1.131349206349206,0.0248817966903098,0.1465045592705167,0.0730158730158728,0.0734886862546439,2222427.0,5.6368126314198484e-14,D2_1,D2_2,7.016305051272679e-14,0.0248817966903098,False,ENSG00000227309,RPL31P19,processed_pseudogene,chr3,False,True,False
ENSG00000244538,0.1440729483282674,0.1182539682539681,0.0258189800742992,0.0595744680851065,0.0325396825396824,0.027034785545424,2128510.5,2.96514170383342e-05,D2_1,D2_2,3.126239793518991e-05,0.0258189800742992,False,ENSG00000244538,RPS27P13,processed_pseudogene,chr4,False,True,False
ENSG00000232917,0.1069908814589667,0.08015873015873,0.0268321513002366,0.064437689969605,0.0186507936507936,0.0457868963188113,2167415.5,1.834441476548915e-14,D2_1,D2_2,2.3103607372026463e-14,0.0268321513002366,False,ENSG00000232917,HSPE1P6,processed_pseudogene,chr1,False,False,False
ENSG00000240388,0.070516717325228,0.0424603174603174,0.0280563998649106,0.0510638297872341,0.0186507936507936,0.0324130361364404,2139811.5,4.877846058130921e-09,D2_1,D2_2,5.454971367646047e-09,0.0280563998649106,False,ENSG00000240388,ENSG00000240388,processed_pseudogene,chr5,False,False,False
ENSG00000270225,0.0972644376899698,0.0686507936507935,0.0286136440391762,0.064437689969605,0.0416666666666665,0.0227710233029384,2119679.0,0.0011159955606986,D2_1,D2_2,0.0011554385442279,0.0286136440391762,False,ENSG00000270225,MTCO2P22,processed_pseudogene,chr5,False,False,False
