cell_id,population_label,group_order,total_counts,detected_genes,zero_fraction,pc1,pc2,pc3,pc4,pc5,H,S,M,R,glycolysis_score,oxphos_score,metabolic_balance_score,R_adjusted_raw,R_adjusted,R_minus_R_adjusted,S_refined,S_refined_raw
G1-2015-05-07-A-B1_S96_L000,G1,0,1297470,5635,0.9058290718272668,-1.3100244894363653,-11.076359998634263,-27.846523581971663,10.069212595490573,-3.229790225281852,-1.036341447738032,0.0056614780881348,-0.6744907594765952,1.47140719715079,0.2624993847322273,-0.0534381612236182,0.3159375459558455,1.3104480148542472,1.7709873161994156,-0.2995801190486256,-0.1872690438921296,-0.3768725631797206
G1-2015-05-07-A-B2_S97_L000,G1,0,848066,5250,0.9122631103980748,-14.99915126865976,-23.921401413054912,-11.696362565803028,6.607170564606283,-0.530517885537932,-1.6743228024989365,-0.4889083935551479,-0.6744907594765952,1.1725074178752648,-0.620156288718412,-0.8732657419416093,0.2531094532231973,1.270673968585881,1.7209198028641117,-0.5484123849888469,0.9700999118992096,0.8531594841969409
G1-2015-05-07-A-B3_S98_L000,G1,0,1142762,4287,0.9283565627193422,-29.78665039959149,-19.542363788370565,-17.496308345475896,10.903976317362355,20.604280024277728,-1.764411666258031,-1.7266256390530346,-0.6744907594765952,0.2576104764438779,-0.6690346625921773,-1.1540734131255757,0.4850387505333984,0.5906372626070365,0.8648905566727,-0.6072800802288221,-0.3134138149559856,-0.510937081016597
G1-2015-05-07-A-B4_S99_L000,G1,0,1885261,5893,0.9015174303954008,34.783275767501856,-31.608198663967578,1.658623250925946,-7.507152657033408,8.449489370617206,-0.5128419006605266,-0.4106554170677267,-0.6744907594765952,1.4568327664828644,0.0815756156442703,0.6046018983973998,-0.5230262827531295,0.5751812611339548,0.8454345638214155,0.611398202661449,1.927058336541994,1.8701986266654596
G1-2015-05-07-A-C1_S108_L000,G1,0,1035852,5214,0.9128647347839166,0.9398469610965412,-32.63408333655274,2.7835021850686403,-5.206898740549244,1.3270709559997709,-1.4598149031956953,0.6778701136821926,-0.6744907594765952,2.1217820376681344,-0.428895031578187,0.0458077913106332,-0.4747028228888202,1.4692935291930187,1.9709418255734077,0.15084021209472676,1.8811898336441093,1.8214503616914688
G1-2015-05-07-A-C2_S109_L000,G1,0,1521557,7192,0.8798088171396102,46.65851979806447,-35.872653687543504,1.1812260414721478,16.014459791360945,-1.95699489269268,-0.3339107140083087,-1.4266724688995491,-0.6744907594765952,0.7202607727162293,0.2311280421576104,0.4719329284619964,-0.240804886304386,0.04909395012357898,0.1831965988473766,0.5370641738688527,2.1048258291122988,2.0591268951740624
G1-2015-05-07-A-C3_S110_L000,G1,0,1542431,6640,0.8890337243891842,37.58058211950039,-32.19197580833326,-5.23394923129135,16.48073625182698,2.8216577596704404,-0.4884745903739257,-0.6423434894706176,-0.6744907594765952,1.287626095192988,0.4047961553423936,0.559382594554704,-0.1545864392123103,0.634657270956788,0.9203028810864791,0.36732321410650903,2.1869327731200854,2.146388759194499
G1-2015-05-07-A-C4_S111_L000,G1,0,1078047,6090,0.8982252080617668,16.29742758796493,-37.23230970792617,0.2180944594176599,5.834380484402342,-2.751887760213497,-1.0831362104783706,0.6200262900789516,-0.6744907594765952,2.27766563404726,-0.6384468852565763,-0.1571151283615888,-0.4813317568949875,1.694459009917281,2.2543798150791,0.023285818968159955,2.2997530420013965,2.26629222266936
G1-2015-05-07-A-D1_S120_L000,G1,0,1071734,4911,0.9179284066980848,-2.560811299625964,-37.65946788375686,11.90381040036667,-1.1133372964513857,12.751159468801209,-1.5483736654085023,0.2079147426314219,-0.6744907594765952,1.8100223100555723,-0.7863491360413802,-0.3476644271370648,-0.4386847089043154,1.3200457969129058,1.78306899071573,0.026953319339842352,1.207009038216459,1.1049424754617938
G1-2015-05-07-A-D2_S121_L000,G1,0,1049816,3834,0.9359270029078512,-40.06973540493164,-15.971691771802757,-18.19481202591397,5.716526574332504,17.72999209406322,-2.099569106144136,-2.60038781622181,-0.6744907594765952,-0.3870423237169432,-1.4105501529747355,-0.993098885527826,-0.4174512674469098,-0.6322599738332568,-0.6744907594765952,0.287448435759652,-1.3268632408404264,-1.588013899083665
G1-2015-05-07-A-D3_S122_L000,G1,0,1431834,6190,0.8965540292122063,25.61337337810557,-29.184363154673644,-13.30874988546278,5.938798706229314,4.134306985663263,-0.7232655082157241,0.3562977206197151,-0.6744907594765952,2.0095936462514645,-0.1733030771748959,0.203128959842371,-0.3764320370172669,1.3570795844227046,1.829687070191299,0.17990657606016547,2.2525227754587505,2.2160966984478945
G1-2015-05-07-A-D4_S123_L000,G1,0,1502745,5811,0.9028877970520404,24.704973892403043,-36.68220250889137,-1.499490304817815,-0.1312755210774267,0.6270276448736732,-0.8025221083118538,0.1890226316869061,-0.6744907594765952,1.943213254959576,0.2525470700654173,0.356445157211007,-0.1038980871455897,1.3925729073777755,1.8743660150584351,0.06884723990114083,2.212683163354084,2.1737558360992155
G1-2015-05-07-A-E1_S132_L000,G1,0,1403806,6366,0.8936127544369799,22.289883611606125,-33.655154775906134,-9.83196463234336,13.0180172228299,-5.10171849164704,-0.6861714027943465,0.4871293091701797,-0.6744907594765952,2.153237025589171,-0.6139880349435699,-0.363865003898207,-0.2501230310453629,1.7777958427835712,2.3592841027319627,-0.20604707714279158,2.3362786725677083,2.305111041786972
G1-2015-05-07-A-E2_S133_L000,G1,0,1813073,7003,0.8829673451652796,49.79584514071727,-30.49109931617534,3.1183704903988634,19.083210276154905,-5.936081558295105,-0.1898266962268687,-1.6025955915018009,-0.6744907594765952,0.5697765679449144,0.5912457413397321,0.6392253406164371,-0.047979599276705,-0.05050067763264565,0.05782702192114597,0.5119495460237684,2.001418054609528,1.949226870683308
G1-2015-05-07-A-E3_S134_L000,G1,0,1518250,6422,0.892676894281226,23.20867557135457,-17.395394811180132,-23.664495598186,5.472003524994188,-22.170982131033394,-0.5777155829849208,0.3217491781119887,-0.6744907594765952,1.8472557452902407,-0.4513216072710655,0.228719117378612,-0.6800407246496776,1.010503265168925,1.3934172884130247,0.453838456877216,1.1738133335992662,1.069662645023903
G1-2015-05-07-A-E4_S135_L000,G1,0,1222228,5712,0.9045422641131052,6.292102511637584,-24.42277997222335,-12.191941803158253,-6.253805876505932,-8.876434685983336,-1.075867207796222,1.2039787271269728,-0.6744907594765952,2.365955911225671,0.2209817212777098,0.3014984645493957,-0.0805167432716859,1.8485886833782788,2.448398030608558,-0.08244211938288704,1.2183904831683363,1.1170384816370156
G1-2015-05-07-A-F1_S144_L000,G1,0,1392910,4738,0.9208195461078243,1.2103486476359182,-30.325118938140765,13.596055583554683,-6.211593602769345,22.58497479813403,-1.3244760052102529,0.781646348215889,-0.6744907594765952,2.1645883334718845,0.0850344800978189,-0.4674371756525992,0.5524716557504181,2.2891262386456175,3.0029460837341477,-0.8383577502622632,-0.2697250032276615,-0.464505354756149
G1-2015-05-07-A-F2_S145_L000,G1,0,1694442,5597,0.9064641197901,8.07364653153304,-7.167362114643494,-31.05806092509184,7.648923154903933,0.740949318914619,-0.7449221113104114,0.0,-0.6744907594765952,1.4792231362519637,-0.1500187607506447,0.5860715473081171,-0.7360903080587617,0.4814234337262814,0.7274123429402503,0.7518107933117134,-0.4529173747043467,-0.6591990923267962
G1-2015-05-07-A-F3_S146_L000,G1,0,1734316,5424,0.9093552591998396,16.092065593761124,-27.607730450084247,-27.606821268595542,-5.862210838430384,2.3252377577729995,-0.7851774872938833,1.1387927302522594,-0.6744907594765952,2.556739451157569,0.1401529980347136,0.104061241171513,0.0360917568632006,2.177719845312123,2.862707872961534,-0.3059684218039651,2.012779928345896,1.9613020769034568
G1-2015-05-07-A-G1_S154_L000,G1,0,1851065,6407,0.8929275711086601,41.55995728409776,-31.77254013856172,11.09380785274356,-0.2077814034027,-2.3930656778772965,-0.3556118701327724,-0.9535578522074604,-0.6744907594765952,1.0545428461566857,0.3237741976221706,0.3774457950808934,-0.0536715974587228,0.5252907655496215,0.782632478357956,0.2719103677987297,1.871246264209894,1.8108825051681032
G1-2015-05-07-A-G2_S155_L000,G1,0,1455616,5848,0.9022694608777032,17.365110936251522,-29.320374952753628,-11.426158057980995,6.133682616754016,-9.883532782122376,-0.8255048070356406,1.001765966897815,-0.6744907594765952,2.5002676103653947,-0.2713892109162404,0.1838160596221373,-0.4552052705383777,1.8093010967629768,2.398942871998307,0.10132473836708789,2.2151219032162333,2.176347687358616
G1-2015-05-07-A-G3_S156_L000,G1,0,1213178,4446,0.925699388348541,-19.139309538838475,-19.945001226540864,-12.364020367190168,-0.8535537250676352,6.015446922595192,-1.618303472479733,-0.8736872438601976,-0.6744907594765952,0.876353642273218,-0.6781691902674951,-0.2519259053034165,-0.4262432849640786,0.3590592460423866,0.573380476096981,0.30297316617623704,-0.2118914817021968,-0.4030408714269498
G1-2015-05-07-A-G4_S157_L000,G1,0,1718914,8439,0.8589692168855911,56.283739120802025,-15.793498624841458,4.540343804634931,30.087637067080347,-9.828884032158216,0.1465598856365815,-2.217194001138771,-0.6744907594765952,0.0658235735074382,0.419096875725936,0.4066019840226304,0.0124948917033055,-0.43578944854437673,-0.4271739393943821,0.49299751290182026,0.7708398209335856,0.6413892475541891
G1-2015-05-07-A-H2_S163_L000,G1,0,1034785,3382,0.9434807313078646,-51.69531683795687,-37.59344217482646,13.098321711446472,12.166908475168109,-1.08060606369477,-2.3833706269503967,-3.52922619155174,-0.6744907594765952,-1.011943830372274,-0.8057933442983389,-2.3658764558444503,1.5600831115461111,0.3773610339652831,0.5964187409168795,-1.6083625712891536,-1.3141746129549394,-1.5745286411127402
G1-2015-05-07-A-H3_S164_L000,G1,0,1923338,7428,0.8758648350546475,53.43168210234307,-23.727438293568724,8.722664407492822,28.338100700849388,-15.312696056119607,0.0033705050471173,-1.890613468879056,-0.6744907594765952,0.3328287678340968,-0.0448062935656633,0.4131265410358389,-0.4579328346015022,-0.44231946714457787,-0.43539391759673507,0.7682226854308318,1.8443583724238084,1.78230651095486
G1-2015-05-07-A-H4_S165_L000,G1,0,1359568,5151,0.9139175774591396,-5.292041769627454,-16.457853158661376,-16.809016967513188,-0.2742473037709902,1.7994482268509375,-1.1741460611599428,0.0660797303154379,-0.6744907594765952,1.5308905981345844,-0.4717911109189133,-0.0171591561916989,-0.4546319547272143,0.912656145238772,1.2702474718731287,0.2606431262614557,-0.0474932049190823,-0.2283211781391106
G1-2015-05-07-B-A1_S170_L000,G1,0,918052,5025,0.916023262809586,-19.28655410195389,-25.258243109705024,-0.3739561968960425,6.670980700453392,14.69455427009683,-1.6768097978509446,-0.8272475005317935,-0.6744907594765952,0.9333004035300272,-0.8835193893386551,-1.0633708349673885,0.1798514456287333,1.0577219267743068,1.4528560730328064,-0.5195556695027792,0.8778629532744867,0.7551316128830857
G1-2015-05-07-B-A2_S171_L000,G1,0,1702997,6226,0.8959524048263645,37.40927342870834,-34.53081084312353,3.224539848247533,-0.7461892959912411,12.373799391319132,-0.5122001885926866,-0.6744907594765952,-0.6744907594765952,1.2754896050454445,0.6225523670923747,0.4692607536940751,0.1532916133982996,0.8324679520831604,1.1693066874464346,0.10618291759900989,2.0182365383472844,1.9671012692337504
G1-2015-05-07-B-A3_S172_L000,G1,0,1186237,4738,0.9208195461078243,-3.473729704379369,-34.32505254475138,4.273614519674846,-7.587172756129058,11.842906908987114,-1.5084904805591672,0.2994788944433639,-0.6744907594765952,1.8411142464943249,-0.3809734827006297,-1.3002657717344683,0.9192922890338386,2.477138616607655,3.2396157998928294,-1.3985015533985046,1.763808870851202,1.6966998702732123
G1-2015-05-07-B-A4_S173_L000,G1,0,1219218,4884,0.9183796249874662,-15.512373474197984,-16.948950489172802,-19.19360951432988,4.283679774573149,-9.048188656553313,-1.4124002256648756,-0.6609205213050494,-0.6744907594765952,1.0171167615220726,-1.051922647688803,-0.6146936777923881,-0.4372289698964149,0.6241770404276032,0.9071103816802936,0.11000637984177908,-0.5266575165294116,-0.7375688612488535
High-2015-09-08-2-A1_S62_L000,PKH26_High,2,1248768,5089,0.9149537083458672,-19.50775926475663,12.408773905492271,-17.923783667717633,10.082372858680143,11.658611511931198,0.473892124604551,0.5501743181236433,0.6744907594765952,-0.5970579661787405,-0.3024854497671315,-0.7706613060407785,0.468175856273647,-0.4118767100305274,-0.39707261788568754,-0.19998534829305298,1.108305391206395,1.0000419176856254
High-2015-09-08-2-A2_S63_L000,PKH26_High,2,1071540,4027,0.9327016277281994,-37.94949529960643,-7.902477663066259,-12.487765381874294,0.5955219299708457,13.098481369847752,-0.2002143543511771,-1.391698584215673,0.6744907594765952,-0.7227710357014772,-0.2335637505852966,-1.2852884616922824,1.0517247111069858,-0.015799712092959606,0.1015085483915358,-0.8242795840930129,-0.7367159388835846,-0.9608153808864492
High-2015-09-08-2-A3_S64_L000,PKH26_High,2,2050592,7144,0.8806109829873993,22.406010453857604,30.757403484405508,-39.59501513675595,23.33905872210564,9.52405064794535,1.764938626611264,-1.2312798546058386,0.6744907594765952,-1.109101390665156,0.4191391154943794,0.2661263376092128,0.1530127778851665,-1.4791043631247252,-1.740497282114439,0.6313958914492832,0.0121065562967518,-0.1649795652985036
High-2015-09-08-2-A4_S65_L000,PKH26_High,2,1751556,6081,0.8983756141582272,17.902921498439344,17.257606005415283,11.88327406348211,6.965764321479354,18.14123366172388,1.2410362994832982,-0.4504087490195397,0.6744907594765952,-0.2751392038534613,0.6524754000072447,0.1058293717988301,0.5466460282084146,-0.3604795316564838,-0.332373922251945,0.05723471839848371,-0.4676201710389709,-0.6748249742783944
High-2015-09-08-2-A5_S66_L000,PKH26_High,2,885672,5413,0.9095390888732912,-21.350085733495764,3.815151245179083,4.873877631332853,-11.735739670174103,-13.57522155906062,0.2117814883155179,0.2493139349857422,0.6744907594765952,-0.2841179021017376,-0.1314455607377997,-0.8557773122625473,0.7243317515247475,0.07939119631837388,0.22133472961853048,-0.5054526317202681,-0.7688811872229036,-0.995000059913147
High-2015-09-08-2-A6_S67_L000,PKH26_High,2,1719341,5949,0.900581570239647,16.970454768944315,4.119973849576811,-14.187240117530706,-18.13422079246912,-28.05310330764481,1.1730018665234916,-0.4130541535077242,0.6744907594765952,0.506819634344223,-0.0614587647804008,-0.1066472409599002,0.0451884761794993,0.20895194698370717,0.3844256197909927,0.12239401455323023,-1.2010843346100235,-1.4543382161709535
High-2015-09-08-2-C1_S72_L000,PKH26_High,2,2241798,7101,0.8813295898927103,46.407621625391,11.591916030546374,-32.444670051826016,-19.713423037525803,-32.15386708061598,1.854214793682443,-2.7079914821791324,0.6744907594765952,-0.6605978790692387,-0.3901211733543839,0.9503999393897126,-1.3405211127440966,-2.1380800337096897,-2.570014926661815,1.909417047592576,-1.1270943927119594,-1.3757029639786833
High-2015-09-08-2-C3_S73_L000,PKH26_High,2,2243682,7311,0.8778201143086333,41.91940508781974,24.75736700980907,-26.07073266066661,-1.8937559444941128,-21.165628924365148,1.917284125174144,-2.487648170934247,0.6744907594765952,-1.1573997477347029,1.2138997617592735,0.6599139713866479,0.5539857903726256,-1.4381186130085144,-1.6889044776847604,0.5315047299500575,-0.3073013789075197,-0.5044408879145341
High-2015-09-08-2-C5_S74_L000,PKH26_High,2,1985386,6354,0.8938132958989271,26.91712140470416,22.23902030545626,12.668510909412676,19.26445258004019,20.28588393827194,1.4781880667046172,-1.2630108046637174,0.6744907594765952,-0.6744907594765952,0.8421140371118749,-0.6133012035734672,1.4554152406853422,0.02310947128669183,0.15048737354254552,-0.8249781330191407,-0.1956169498569053,-0.385744575698961
High-2015-09-08-2-D1_S82_L000,PKH26_High,2,1790393,6493,0.891490357298038,34.861150363584166,2.6383123853696304,18.672563210921336,-1.88719907361312,4.1024568510439945,1.4058589507270498,-1.8480107127425949,0.6744907594765952,0.1818981644477868,-0.7812343556494193,0.1380716826872371,-0.9193060383366564,-0.7601263504353808,-0.8354487739684607,1.0173469384162475,-0.908468225255254,-1.143350790524182
High-2015-09-08-2-D2_S83_L000,PKH26_High,2,1934813,5765,0.9036565393228384,-4.359832878192217,16.032647925258516,-29.98859291218677,3.050959789638635,29.732560968476697,1.2413281063476749,1.184121149904663,0.6744907594765952,-0.3527756441303062,0.4822377313985186,0.4229361000877225,0.059301631310796,-0.833290642505097,-0.9275478816165056,0.5747722374861994,0.5337065725241563,0.3893680631405339
High-2015-09-08-2-D3_S84_L000,PKH26_High,2,1975159,7359,0.8770179484608442,50.31383176667974,14.847189409872833,19.156970662113405,12.449045616354148,10.276694635863375,1.7851839300129595,-3.032560196098669,0.6744907594765952,-0.9587682753999854,1.0712823724751304,0.3090286866981041,0.7622536857770262,-0.9930213108029897,-1.128616621545596,0.1698483461456105,-0.5773364002687623,-0.7914295171898584
High-2015-09-08-2-D4_S85_L000,PKH26_High,2,2182259,6147,0.8972726361175173,25.502108715997224,24.54825934045865,-12.90811969406222,-0.2752008630326559,21.81002836976581,1.5159355735235218,-1.2187401556691593,0.6744907594765952,-0.7853393306405253,1.1481560728755251,0.6536200115531177,0.4945360613224074,-1.0980614285608916,-1.2608409736042494,0.4755016429637241,0.0,-0.1778462074819313
High-2015-09-08-2-E1_S90_L000,PKH26_High,2,1090293,4858,0.918814131488352,-52.0470858206189,5.37772197317033,2.6233785679373853,20.597102552947344,1.2619075771355437,0.2194155141150248,-2.11919622890752,0.6744907594765952,-1.8224776513377237,-1.4863300860197806,-1.7507480420217911,0.2644179560020105,-1.4016780934875297,-1.6430332031166162,-0.1794444482211075,0.9851299838346276,0.8691331890923689
High-2015-09-08-2-E2_S91_L000,PKH26_High,2,1772001,5885,0.9016511247033656,7.324037301217348,21.672705731810765,-28.24120379263134,3.754126789737498,6.893984134866835,1.1845175683066782,0.1936663022253479,0.6744907594765952,-0.5294135868125338,0.6601288673864343,0.5805574002551572,0.079571467131277,-1.0550270150155,-1.206669314539868,0.6772557277273341,-0.3303138065016214,-0.5288981046793696
High-2015-09-08-2-G1_S51_L000,PKH26_High,2,1320543,5591,0.9065643905210736,-10.272594871987286,7.575793536665052,-14.91149440126357,3.519495705822917,-3.842239989621361,0.7383899672861217,1.1605855094380308,0.6744907594765952,-0.0496440563844302,-0.1279758319634341,-0.8270790440786784,0.6991032121152443,0.28898310692084783,0.4851687310237944,-0.5348127874082246,-0.1016918865826684,-0.2859226154665828
High-2015-09-08-2-G2_S52_L000,PKH26_High,2,1139584,4609,0.9229753668237576,-27.97000190875821,2.612006522681773,-17.25252113833401,8.818537480093278,21.89143273731693,0.157959541241772,-0.2784146505937501,0.6744907594765952,-0.5314833922527245,-0.0571166142865892,-0.7176855873424617,0.6605689730558724,-0.2544789626142218,-0.1989405554714009,-0.33254283678132357,0.0244413139997899,-0.151870394540602
High-2015-09-08-2-G3_S53_L000,PKH26_High,2,1247271,5470,0.9085865169290418,-8.602222992156058,9.007041708891991,-11.50056524681508,-7.768557496144322,2.8369482656555167,0.6263625316166467,1.3367376541742082,0.6744907594765952,-0.0740895134329993,0.2869399547192102,0.2456130721844826,0.0413268825347275,-0.5010854752531435,-0.5093684857054437,0.4352789722724444,-0.5348498743616984,-0.7462755598576822
High-2015-09-08-2-G4_S54_L000,PKH26_High,2,1865996,5675,0.9051606002874428,5.978875557092019,18.74775916763018,5.594363226811555,-6.0927169487008905,16.428145211202953,1.1663054311301109,0.4143039139300276,0.6744907594765952,-0.3652054622435676,0.4606484873677809,0.1620930195697664,0.2985554677980145,-0.6138301586418815,-0.6512913341117372,0.28608587186816964,-0.700990143753861,-0.922846613271176
High-2015-09-08-2-G5_S55_L000,PKH26_High,2,1652093,6122,0.8976904308299074,18.52819564186868,15.84034915174322,22.96056071188585,9.651002518768284,27.25323223598767,1.1883744323441483,-0.4773279975651998,0.6744907594765952,-0.196511893268659,0.7996469863443121,0.2663508355883665,0.5332961507559455,-0.3473759987886895,-0.31587921356248316,0.11936732029382416,-0.4978252052217139,-0.7069263710291638
High-2015-09-08-2-G6_S56_L000,PKH26_High,2,1445549,5263,0.912045857147632,-2.72153579129032,-3.576274686333133,21.99515223201641,-3.798921158953034,3.854181248194352,0.7131888132027747,0.3294047770763431,0.6744907594765952,0.7501342979945851,-0.7361369081934783,-0.1713574394569754,-0.5647794687365029,0.12395386691263455,0.27743015650019043,0.47270414149439466,-0.9308975152273672,-1.1671882585395044
High-2015-09-08-4-C1_S12_L000,PKH26_High,2,619412,4002,0.9331194224405897,-59.755299264708526,-0.9046260667435456,0.4068910733818041,11.190860583989371,4.397536577625782,-0.8414365765500061,-2.8269415074279896,0.6744907594765952,-2.0810362065326,-0.6268423711498344,-2.084742394685181,1.4579000235353463,-0.8519151179138147,-0.9509923449883564,-1.1300438615442436,0.3068542262266473,0.1482732466844137
High-2015-09-08-4-C2_S13_L000,PKH26_High,2,907146,5263,0.912045857147632,-27.381775457766008,9.50846647003139,8.970083237393187,12.01735906189981,4.673931059279025,0.1793463487622359,-0.0936890385600746,0.6744907594765952,-0.7774310643686774,-0.5284100703228419,-1.0186816054723795,0.4902715351495376,-0.49016282784577836,-0.49561907255710075,-0.2818119918115766,0.5614192223944365,0.4188205962222306
High-2015-09-08-4-C3_S14_L000,PKH26_High,2,1214646,6021,0.8993783214679635,-3.1761656401156646,14.868838615369665,15.5714509788469,4.3209995661291165,0.3439138362381555,0.8005097359991343,1.2029955901136038,0.6744907594765952,-0.2639911063528019,-0.115918461777192,-0.3410557162064803,0.2251372544292882,-0.37367883202271446,-0.3489891829333442,0.08499807658054231,-0.0393525212806678,-0.219669397984909
High-2015-09-08-4-C4_S15_L000,PKH26_High,2,934599,6163,0.8970052475015876,-22.34941666890622,12.511038893005612,-10.305306962924444,30.83649561578809,-5.581851513331563,0.5498980891427236,0.3197269707834594,0.6744907594765952,-0.7067148591740696,-0.8698316751000024,-0.7736443852446927,-0.0961872898553096,-0.8457940832380506,-0.943287195173151,0.23657233599908134,1.1805847875647644,1.0768592311628526
High-2015-09-08-4-C5_S16_L000,PKH26_High,2,1242309,5642,0.9057120893077976,-14.015146976358944,13.397088865799558,-11.393293096740168,-3.277088070039944,-13.395521707747118,0.687768494840729,0.9789302720114724,0.6744907594765952,-0.4612307498289997,-0.5659646953018593,-0.1753427363416435,-0.3906219589602158,-0.9855799068684382,-1.1192493927700096,0.6580186429410099,-0.3861823450819309,-0.5882742375452226
High-2015-09-08-4-C6_S17_L000,PKH26_High,2,2086631,5018,0.9161402453290552,-5.78185480806675,6.587179512462511,-17.16242974046844,-9.310419753053118,6.518864735377899,1.0321636343615372,1.1881163606140162,0.6744907594765952,0.131027652631334,0.0984297269713741,-0.5769877060103205,0.6754174329816947,0.3659051055463438,0.5819980343834407,-0.4509703817521067,-0.5587002969056946,-0.7716233834067694
High-2015-09-08-4-D1_S22_L000,PKH26_High,2,1387689,6828,0.8858919081520105,8.331580955903789,26.60363305072344,0.4717803442805197,24.67428497024752,5.646160587353629,1.22113564387802,-0.1294747617038747,0.6744907594765952,-0.8170413982781366,-0.0281413790070472,-0.1408359391299606,0.1126945601229133,-1.0636777264469703,-1.2175588178866643,0.4005174196085277,0.6245113288787484,0.4858738142335455
High-2015-09-08-4-D2_S23_L000,PKH26_High,2,1594118,6745,0.8872789865971457,18.194290415526915,23.73036869162416,23.192428059957063,17.721544682767504,4.63482168946353,1.35396381075353,-0.6504455808207017,0.6744907594765952,-0.659524450213822,0.2078149753439712,-0.203398099224619,0.4112130745685903,-0.7115374539429415,-0.7742851396057749,0.11476068939195294,-0.5249576397699421,-0.735762261132032
High-2015-09-08-4-D3_S24_L000,PKH26_High,2,1301907,7287,0.8782211972325278,10.962949780093496,22.12632956485355,-18.47328852156998,13.268902705462764,-22.99350025877436,1.2866698726745431,-0.0728927237837004,0.6744907594765952,-0.5439268644188076,-0.1177629292682928,-0.2801947694725368,0.162431840204244,-0.711687244967704,-0.7744736963364429,0.23054683191763536,0.1851823753548246,0.0189624723742049
High-2015-09-08-4-D4_S25_L000,PKH26_High,2,747494,5198,0.9131321233998464,-36.413292245261054,-0.6754808312815866,-1.2258888737369122,13.032245550378027,-7.394877780672303,-0.0689217771856714,-1.0128931144225763,0.6744907594765952,-0.8353486161443426,-0.2236485052257422,-0.5269844728820774,0.3033359676563351,-0.8329765251706596,-0.9271524711590258,0.09180385501468313,0.2440661442348666,0.0815431407344078
High-2015-09-08-4-D5_S26_L000,PKH26_High,2,1065626,6242,0.8956850162104348,-12.004653941317253,20.534664206236062,1.271862524142761,9.45743339371036,-11.380842044719666,0.7273598591448389,0.7448976891527476,0.6744907594765952,-0.7769456241734911,-0.1982759847570177,-0.7059027303490748,0.507626745592057,-0.5923516987256774,-0.6242542790678399,-0.1526913451056512,0.3021156526586883,0.1432371712667381
High-2015-09-08-4-E1_S1_L000,PKH26_High,2,1008018,6812,0.8861592967679401,2.656034173729816,12.53033964173944,19.62513433143629,10.733915754950592,-11.525097668654343,0.8498994847148521,0.8349634297070585,0.6744907594765952,-0.0348122245244233,-0.323138574207631,-0.7866856517058755,0.4635470774982444,0.15347349637923752,0.3145894244308424,-0.3494016489552657,-0.463987855768902,-0.6709646113699168
High-2015-09-08-4-E2_S2_L000,PKH26_High,2,1075931,6879,0.8850396069387346,4.103881534653998,18.38941807455696,19.66364225452197,20.64645705040741,5.034025612475222,0.9454584945364836,0.5594795527396597,0.6744907594765952,-0.3603652806991427,0.1296268577871259,-0.2243026355231867,0.3539294933103126,-0.4378693326143659,-0.429792094527693,0.06942681382855032,0.4335227261802037,0.2828943746802588
High-2015-09-08-4-E4_S3_L000,PKH26_High,2,1192436,5012,0.9162405160600288,-29.282167153729013,10.645818966201691,-10.30010686194894,5.485849601997516,8.352595604606536,0.3885181737574323,-0.2412321916255805,0.6744907594765952,-0.905639998524022,-0.3784058487726016,-0.9489765779660264,0.5705707291934249,-0.5971934734759088,-0.6303490982933747,-0.2752909002306473,1.0209234409299306,0.9071738666941982
High-2015-09-08-4-E5_S4_L000,PKH26_High,2,1864447,5826,0.9026371202246064,10.485634702290682,11.84739057294516,-13.375034823808733,-14.908510959414164,-14.784891821942365,1.2213122924378763,0.2043013657284506,0.6744907594765952,0.0664484901871412,0.8041874959114718,0.408622447120259,0.3955650487912127,-0.2150661822543702,-0.149327803152115,0.2157762933392562,-0.8000014324000958,-1.02807412734741
High-2015-09-08-4-E6_S5_L000,PKH26_High,2,1061123,5545,0.9073331327918712,-16.68008219005349,8.2369748816965,12.645375990847912,4.510913129027654,-0.3458445311885166,0.4701967937344776,0.7393653188325722,0.6744907594765952,-0.2977069897130142,-0.3535442222136845,-0.6536497384533071,0.3001055162396226,-0.2515658230778923,-0.19527349953249382,-0.10243349018052036,-0.3330124152031404,-0.5317661401226811
High-2015-09-08-4-F2_S31_L000,PKH26_High,2,972821,5810,0.902904508840536,-21.71916197737372,10.260604878198755,-11.093937058440718,16.77325511653628,1.9451301942540888,0.4701322899203275,0.3690708122665199,0.6744907594765952,-0.5800771981183884,0.072124100440388,-0.9281861352009496,1.0003102356413376,-0.03139102314942155,0.08188222802756688,-0.6619594261459553,1.166623069405831,1.0620209544957664
High-2015-09-08-4-F3_S32_L000,PKH26_High,2,1056399,6763,0.8869781744042248,-14.19798261943584,21.584301595749988,-11.271736033961473,29.794967305305462,-19.3907858645656,0.8882272378809163,0.5750657435254705,0.6744907594765952,-0.8911791938808848,-0.7398355917379529,-1.5109911849991378,0.7711555932611849,-0.26463623747730336,-0.21172651874067355,-0.6794526751402112,0.7247751949524921,0.5924325463020607
High-2015-09-08-4-F4_S33_L000,PKH26_High,2,840891,5416,0.9094889535078045,-26.89199978072561,9.543172279583157,-4.908271166581502,-4.064531075330871,-6.136256153040092,0.1535164071089219,-0.0538925985821705,0.6744907594765952,-0.7581636835602604,-1.2824102412605372,-0.6921261127697441,-0.590284128490793,-1.2114390927136245,-1.4035606173033446,0.6453969337430842,-0.4495327281224774,-0.6556019474890064
High-2015-09-08-4-F6_S34_L000,PKH26_High,2,126745,5100,0.9147698786724155,-76.29333958391089,-14.35259724859083,23.13365005478742,0.2433248673106953,-21.444936608807723,-2.1426274686232825,-4.428677894482704,0.6744907594765952,-2.818381854358321,-2.518254986063355,-2.5441268689283545,0.0258718828649993,-2.2492798805028347,-2.709993136940802,-0.10838871741751888,-0.9169274433331858,-1.1523411036646358
High-2015-09-08-4-G1_S39_L000,PKH26_High,2,1180337,5089,0.9149537083458672,-35.34182797838754,12.434147962213848,-9.4355882975153,11.771981412964742,1.6344693416352754,0.409321693180063,-0.7323442295822499,0.6744907594765952,-1.2429790809465255,-0.4862813604008971,-2.16412237126409,1.677841010863193,0.1415268411346018,0.29955099166146143,-1.542530072607987,1.062274721068606,0.951121304126407
High-2015-09-08-4-G2_S40_L000,PKH26_High,2,954306,5072,0.9152378087502924,-33.93193345737302,11.07827674780862,-7.374051054835522,14.500590528000997,1.6677252190216227,0.1586427405626566,-0.6171497436644753,0.6744907594765952,-1.1267329697527542,-0.5024878016292816,-1.371888049828485,0.8694002481992033,-0.4936675616877544,-0.5000308265734223,-0.6267021431793318,1.0789454653410984,0.968838687685193
High-2015-09-08-4-G3_S41_L000,PKH26_High,2,1116518,6898,0.8847220829573181,14.062006863603909,7.610770786817653,16.740673038781875,3.933073302301645,-9.071075598907594,0.9937609738919244,-0.1150970952223044,0.6744907594765952,0.3171725792403517,-0.4434027265378137,-0.00843145741584,-0.4349712691219737,-0.29287235669959666,-0.24727010578637415,0.5644426850267259,-0.8144758501217332,-1.043457292392266
High-2015-09-08-4-G5_S43_L000,PKH26_High,2,1512511,3928,0.9343560947892644,-35.85605784356372,7.007737200733453,-10.857462563143486,-11.304122932306283,9.839944836318264,0.1416518396150824,-0.8009972988390317,0.6744907594765952,-1.062489483538403,0.0787565053254244,-0.744835442360429,0.8235919476858534,-0.6817273804304811,-0.7367602611199128,-0.3257292224184901,-0.3280418106157158,-0.5264834660827598
High-2015-09-08-4-G6_S44_L000,PKH26_High,2,602771,5156,0.9138340185166616,-34.229957200033304,0.5647248551062101,35.554540061930666,1.2142694673137948,-4.477132958020999,-0.3327575099943068,-0.8110961734826031,0.6744907594765952,-0.7634614481646882,-0.5890268539556303,-1.705430607860701,1.116403753905071,0.13215174332730895,0.28774963176663637,-1.0512110799313246,-0.693188529821711,-0.9145551906355622
Low-2015-09-08-2-A10_S70_L000,PKH26_Low,1,2151778,6385,0.8932952304555634,33.56278602818022,22.55720978347944,16.38836222877177,-18.874746919068205,-2.672471598472773,0.6951489592189442,-1.4561337484373182,0.0,-0.6726216896862054,1.126849044327297,0.3691914882261234,0.7576575561011736,-0.7311979512604612,-0.7990337458949598,0.1264120562087544,0.9877335091478006,0.8719001715272567
Low-2015-09-08-2-A12_S71_L000,PKH26_Low,1,2241000,4116,0.9312142785520906,-5.467368252422943,-0.3735923953363462,-6.8101081191089605,-42.58447689480378,34.250958144266,-0.1939068661994387,0.9251201091118432,0.0,0.6535564237507459,0.9422967910249536,-0.1948803915513489,1.1371771825763026,1.016967209564363,1.4015540924996295,-0.7479976687488836,0.9083569570701664,0.7875401216251102
Low-2015-09-08-2-A7_S68_L000,PKH26_Low,1,1749782,5994,0.8998295397573448,15.406788175780685,15.403469888756964,11.640485909950128,-10.958921322007273,-7.992743649725107,0.323547936996447,0.1155826384892253,0.0,0.0,0.8627385624266775,-0.3860376384555761,1.2487762008822536,0.4966082518587249,0.7465269705848846,-0.7465269705848846,0.9968070225164172,0.8815433472577376
Low-2015-09-08-2-A9_S69_L000,PKH26_Low,1,1972874,6563,0.8903205321033457,33.561119145011844,16.788408577993003,17.55455690057677,-12.491130112650753,-4.011141262270746,0.6542898263969407,-1.2810977079752857,0.0,-0.3584186399831687,0.256801082921694,0.1362237150261783,0.1205773678955157,-0.7003218874884753,-0.7601670003741479,0.40174836039097916,0.5793320710113685,0.4378580671586858
Low-2015-09-08-2-C10_S79_L000,PKH26_Low,1,1680037,5918,0.9010996356830108,17.06590898206758,8.523937145987595,-20.74906428342753,-21.750900156587967,-15.997867823396152,0.249753244024847,0.177650266737042,0.0,0.3971457439418575,-0.1544457029797469,0.0903567986812387,-0.2448025016609857,-0.13886229824597668,-0.05340246145946787,0.45054820540132534,0.1424368284059287,-0.0264667681170743
Low-2015-09-08-2-C11_S80_L000,PKH26_Low,1,1739895,5447,0.9089708880644408,12.752606380891788,0.3250381411506556,12.322384945118216,-13.240149617363826,20.723331672553982,0.1131390824215603,0.4457605307706795,0.0,0.9039153502509886,-0.8781812494963129,0.4549186977136924,-1.3330999472100054,-0.3907910514390046,-0.3705300205951933,1.2744453708461818,0.2679757521056639,0.1069538654424863
Low-2015-09-08-2-C12_S81_L000,PKH26_Low,1,1552862,6101,0.8980413783883151,18.287170522098208,15.651058374375872,22.58171183976648,-5.633693335330689,12.135424454358366,0.2244618459083491,-0.0980654163108561,0.0,-0.0327582777359908,0.7918057946352645,0.1684517204738994,0.623354074161365,-0.09643894163330038,0.0,-0.0327582777359908,-0.0348452889537915,-0.2148791881047421
Low-2015-09-08-2-C7_S76_L000,PKH26_Low,1,1727024,5186,0.9133326648617937,11.41392750339532,1.84033808506896,2.932504042707178,-27.02387555074016,14.061014697806751,0.0,0.5920764638715067,0.0,0.813793055633315,0.4580996136992997,0.193826072456553,0.2642735412427466,0.5339741858640479,0.7935631556004766,0.02022990003283842,1.0708080219231504,0.9601903511822092
Low-2015-09-08-2-C8_S77_L000,PKH26_Low,1,2053676,5292,0.9115612152812594,5.662948983411337,18.87621128745328,-25.73729246119704,-11.786268737508712,15.388733958856276,0.241592224384722,0.4469479222223252,0.0,-0.2246045187417267,0.7717275255482524,0.2406403314162306,0.5310871941320218,-0.3674797683922032,-0.34118581037997464,0.11658129163824793,-0.6744907594765952,-0.8946835182324813
Low-2015-09-08-2-C9_S78_L000,PKH26_Low,1,1576879,7197,0.8797252581971322,23.880794234941103,33.35390456348705,12.024142656770536,8.10641627849041,-11.329935492430405,0.5941082675079636,-1.3613535048054095,0.0,-1.1260783639275809,0.2303046901605029,0.3224734467978577,-0.0921687566373547,-1.6577188228368809,-1.9653369120373563,0.8392585481097754,-0.3058926987292025,-0.5029437665729222
Low-2015-09-08-2-D10_S89_L000,PKH26_Low,1,1150842,5604,0.9063471372706308,0.8166992738216852,-1.1019768113685011,18.83258805592782,-12.614964720714514,-0.9342375739457792,-0.2998752656972974,1.0120212067002805,0.0,0.8601223181947026,-1.0239293095939883,-0.5668100530963947,-0.4571192564975936,0.43846642561390425,0.6733381217257552,0.1867841964689474,1.1326349094229664,1.0258989159694232
Low-2015-09-08-2-D7_S86_L000,PKH26_Low,1,1823782,5995,0.8998128279688492,23.69720203094635,5.546141081082246,-8.655232010950908,-19.804151281048327,-11.010050768211707,0.371360883035695,-0.345587681468217,0.0,0.4815025698670905,0.5409428120853585,0.2835324303678882,0.2574103817174703,0.1654105104890753,0.3296157209533401,0.15188684891375043,0.5635911427473749,0.4211288762439953
Low-2015-09-08-2-D8_S87_L000,PKH26_Low,1,1669540,5297,0.9114776563387814,12.880166370384895,-0.256204900390951,2.861241684131241,-24.957908105800115,18.280218655562862,0.0063431331294728,0.4167424906114232,0.0,0.9382925998575662,0.6197440808022388,0.4485583849817713,0.1711856958204674,0.5130442978194184,0.7672166420546737,0.17107595780289253,1.0306462405701415,0.9175070928342623
Low-2015-09-08-2-E10_S95_L000,PKH26_Low,1,1428915,5171,0.9135833416892276,2.494814337385948,-8.452747965512382,-12.128586250341325,-23.444588332059304,-0.8558495667319516,-0.2232701179257089,0.4016133991830536,0.0,1.3014178808069696,0.0183175212904562,-0.3298548208789543,0.3481723421694105,1.2586203399747113,1.70574671217184,-0.4043288313648703,-0.4379467283477234,-0.6432885439260931
Low-2015-09-08-2-E11_S92_L000,PKH26_Low,1,1359383,5482,0.9083859754670944,4.930789588947124,-1.3107550628841211,14.516764077010333,-12.506291190922662,-0.6252450235798863,-0.1559715389740924,0.868697400351034,0.0,0.9480901750919608,0.0739608572632902,-0.1927070937852392,0.2666679510485294,0.8089006376527001,1.1396401852866374,-0.19155001019467655,0.7658886361421957,0.6361272125432971
Low-2015-09-08-2-E12_S93_L000,PKH26_Low,1,1117731,6057,0.8987766970821217,-0.1911114195999763,6.186332251364818,-8.209113999625156,-6.928328516546939,-21.67152243604126,-0.167676818836883,1.579633617326413,0.0,0.432811278476047,-0.3112350798242975,-0.3232617329207825,0.0120266530964849,0.19386262080687863,0.3654311972853806,0.06738008119066641,-0.2163246505199718,-0.4077523678689515
Low-2015-09-08-2-G10_S60_L000,PKH26_Low,1,1866021,4690,0.9216217119556136,-9.041937544680597,11.3989553057269,-21.04820568557654,-14.409579237723868,18.96298368954748,-0.1255267067565262,0.7566669108332236,0.0,-0.0614619080467624,0.4012265371435181,0.6380728012492167,-0.2368462641056986,-0.7901988169423168,-0.8733039523856235,0.8118420443388611,-0.7192873506840577,-0.942292573687693
Low-2015-09-08-2-G11_S61_L000,PKH26_Low,1,2096514,6565,0.8902871085263545,28.341759070358783,29.663589089473994,14.555275153798563,-3.30233220792722,8.077298570763851,0.7245818641309424,-1.4129037378354576,0.0,-0.9720018019885728,1.1079873323399214,0.0652077398713287,1.0427795924685928,-0.7567049095779566,-0.8311418690435955,-0.14085993294497723,0.0730700216397853,-0.1001886308986812
Low-2015-09-08-2-G12_S94_L000,PKH26_Low,1,1580703,6512,0.8911728333166216,26.15627970302696,13.750822198079922,22.10848217299841,3.898361438183176,-2.4212088194514143,0.3837471167593198,-0.6348689340678554,0.0,-0.0278484039135112,0.7962581316825272,0.1961945203281928,0.6000636113543344,-0.11494956256489933,-0.0233011435166627,-0.004547260396848503,0.1276953070272189,-0.0421338063870816
Low-2015-09-08-2-G7_S57_L000,PKH26_Low,1,1128132,4290,0.9283064273538554,-31.12791759899821,-2.0356561363279684,-6.348866828212495,-11.659583821677538,4.153028142702135,-0.8920637180071848,-0.9943697217927656,0.0,-0.3740990392709953,-0.9044820870917932,-1.0583985542348684,0.153916467143075,-0.26641937227622303,-0.21397112631017198,-0.16012791296082332,-0.3429797555271318,-0.5423592599435219
Low-2015-09-08-2-G8_S58_L000,PKH26_Low,1,1713844,5969,0.9002473344697349,21.608730529494764,4.3392990241455545,14.929178095044133,-11.538383778762086,6.066724625229869,0.2908648842039357,-0.1810477794757321,0.0,0.5867599441903951,0.4552107459672747,0.1417979806529454,0.3134127653143292,0.354011259944745,0.5670260783182186,0.019733865872176515,1.0368361679995992,0.9240856424584508
Low-2015-09-08-2-G9_S59_L000,PKH26_Low,1,1665376,6664,0.8886326414652896,26.37476032439356,9.763181300773836,-10.155423952500351,-14.349694703814336,-0.7729307362554583,0.4927012810334927,-0.5837288681771303,0.0,0.1920662925627352,0.7251217448898415,0.4399945886996522,0.2851271561901892,-0.16441372101290166,-0.08556655639432176,0.277632848957057,0.1673400948241978,0.0
Low-2015-09-08-4-C11_S20_L000,PKH26_Low,1,1351751,5042,0.9157391624051606,-17.4424203745459,8.273938931291017,-12.749273668549938,2.804630491313856,-11.612652297552987,-0.3407078752030176,0.1866397565331333,0.0,-0.176662425942211,-1.0895774744336466,-0.7467669134434037,-0.3428105609902429,-0.4675937734424074,-0.46720917871120643,0.29054675276899544,-0.8981552612152006,-1.1323903476945787
Low-2015-09-08-4-C12_S21_L000,PKH26_Low,1,1694992,6591,0.8898526020254688,23.16674973896723,18.68831111488224,18.93714246621556,21.23803170484256,28.512549690631392,0.4894248491059534,-0.5630115857930786,0.0,-0.263298602800499,0.7214053459941059,0.3735496960397469,0.3478556499543589,-0.5596810336931354,-0.5831284920117966,0.3198298892112976,-0.7358447360374744,-0.959889481314736
Low-2015-09-08-4-C8_S18_L000,PKH26_Low,1,924771,4483,0.9250810521742036,-36.84499427279723,1.7543963662224429,1.0767352572356632,-11.44125813654739,-14.267155438503217,-1.0260350811754355,-1.3944007904096511,0.0,-0.7820591846145125,-0.6653219538785897,-0.890524217735942,0.2252022638573523,-0.6937627421426035,-0.7519103574654321,-0.030148827149080404,-0.3066050225871731,-0.5037008122574729
Low-2015-09-08-4-C9_S19_L000,PKH26_Low,1,406651,4061,0.9321334269193488,-50.41945550352517,-20.14787957131724,26.0573754653512,-12.448675734402189,-9.51880684656268,-2.178012823636747,-2.994411424657995,0.0,-1.0935803392233936,-1.6226531856948585,-2.052640885533631,0.4299876998387726,-0.4685784926369283,-0.4684487418441738,-0.6251315973792198,-0.5080179500197507,-0.7177590468924495
Low-2015-09-08-4-D11_S30_L000,PKH26_Low,1,884171,5899,0.9014171596644271,-5.71840153138752,1.4903793128208156,27.916298398304463,2.7502591404043266,-5.233451712081036,-0.4925667241150329,1.0180666905903302,0.0,0.5505639213309697,-0.6275068974039916,-0.467147347945841,-0.1603595494581505,0.2640757597237817,0.4538153975077127,0.09674852382325694,-0.287537901730611,-0.4834366004109234
Low-2015-09-08-4-D7_S27_L000,PKH26_Low,1,1470301,6210,0.8962197934422942,17.662657928305666,4.8260589397088856,18.4740928137134,-11.639865187322638,-13.118868750655382,0.1996030389260686,0.1408964937017945,0.0,0.6096048295815719,-0.3464877613343236,-0.1506607812059991,-0.1958269801283244,0.18865629602774248,0.3588774829977135,0.2507273465838584,0.6780425401454155,0.5427658753722255
Low-2015-09-08-4-D8_S28_L000,PKH26_Low,1,1543856,5288,0.911628062435242,0.2178891615958475,6.443241960937367,12.461335685645793,-19.33578697333442,-1.6732139166772055,-0.0869509985759391,1.5439660318101036,0.0,0.4261572359324124,-0.2925786983525044,-0.2018818029576095,-0.0906968953948948,0.08426486550340395,0.22746969751359788,0.1986875384188145,1.1959884629895252,1.093229995494344
Low-2015-09-08-4-E10_S9_L000,PKH26_Low,1,1309250,7058,0.8820481967980214,21.700846272070915,13.870382365171112,19.74292492606268,2.076555698809346,-8.415592931957086,0.3394504945184811,-0.2942474400711568,0.0,0.0355188700775405,-0.1644360940556937,0.2149429786247313,-0.379379072680425,-0.6229500668087845,-0.6627714616472231,0.6982903317247636,0.1441908319732844,-0.024602642949154
Low-2015-09-08-4-E11_S10_L000,PKH26_Low,1,1335299,5695,0.9048263645175306,-4.451173915156711,14.002643545426364,-15.045111868559648,-2.8807381106444114,-7.840449419906064,-0.0952246962780982,0.8612686197533301,0.0,-0.0908990716662107,-0.1641161109422328,0.1750946107031423,-0.3392107216453751,-0.7118569702614298,-0.7746873462967618,0.6837882746305511,-0.6790896481585007,-0.8995711389283325
Low-2015-09-08-4-E12_S11_L000,PKH26_Low,1,1322368,5790,0.9032387446104482,-2.097154433011636,7.943467754094113,-13.649503406442465,-7.5753835457018575,-10.94429213319817,-0.071120585364328,1.3761974788245577,0.0,0.2958027708481215,-0.2248309142213266,0.160564281195034,-0.3853951954163606,-0.3465442537488475,-0.3148322140796323,0.6106349849277538,-0.4821168566222044,-0.6902318052279324
Low-2015-09-08-4-E7_S6_L000,PKH26_Low,1,1422923,5348,0.9106253551255056,-15.516054945681566,16.565476002013543,-6.727191536009767,-2.3195530017880768,-10.318281630241374,-0.1563661893436766,0.0879781500883995,0.0,-0.5180816347477227,-0.2890609327197742,-0.1628798546172587,-0.1261810781025154,-0.8944798645369205,-1.004572787993501,0.4864911532457782,-0.8205261087297411,-1.049887404367818
Low-2015-09-08-4-E8_S7_L000,PKH26_Low,1,991466,5180,0.9134329355927672,-15.742266633016069,2.825138294929591,4.300828378304911,-8.118481589459964,1.6575737445258456,-0.6383127812522503,0.3103780675602649,0.0,0.1377330405360849,-0.5294472238085555,-0.6153189185485174,0.0858716947399619,0.04656735873811656,0.18001612917549625,-0.042283088639411354,-0.1945216936029572,-0.384580555974996
Low-2015-09-08-4-E9_S8_L000,PKH26_Low,1,1518233,5378,0.9101240014706374,7.2107332264861315,-4.961411714965648,13.052430569944292,-23.222659573355457,7.033381482590948,-0.0701639543912315,0.5200874957952057,0.0,1.1900769458819844,-0.8521909929553668,-0.3733011159875675,-0.4788898769677993,0.6861592416894569,0.9851334891934335,0.20494345668855096,1.165836201190332,1.0611846843355182
Low-2015-09-08-4-F11_S38_L000,PKH26_Low,1,1187464,5519,0.9077676392927572,-7.051774792553768,5.101052995250385,-8.45736801333085,-9.823471143091544,-8.497836437445262,-0.2965528119293619,1.036321729851584,0.0,0.3246052608191668,-0.9016527365054636,-0.1444858429369417,-0.7571668935685221,-0.4221601544706663,-0.4100174032405786,0.7346226640597454,-0.2220509097672822,-0.4138381388329418
Low-2015-09-08-4-F7_S35_L000,PKH26_Low,1,752807,4934,0.917544035562686,-33.01090608684271,0.3115506252479803,1.5582928198152082,-11.8049847872107,-7.2200528630170435,-1.0574967312027368,-1.103390442530147,0.0,-0.5438351875017617,-1.335032123915222,-1.1614749063606695,-0.1735572175545521,-0.5877989889643123,-0.6185233344425201,0.07468814694075832,-0.2836318365304212,-0.4792853007313057
Low-2015-09-08-4-F8_S36_L000,PKH26_Low,1,1035900,5255,0.9121795514555968,-13.785229468042644,1.2588747440593508,-3.306537433392045,-14.565579221299071,-2.674520577922149,-0.5574511593341921,0.4297831382438709,0.0,0.2842556757030516,-0.4960326549715332,-0.4905322791544426,-0.0055003758170906,0.09546273036680078,0.24156555400735763,0.04269012169569397,-0.113271291751616,-0.2982290103945736
Low-2015-09-08-4-F9_S37_L000,PKH26_Low,1,810961,6497,0.8914235101440556,-5.385027240900677,10.907688494978062,25.279252202020835,0.887699193376637,-10.804376897420736,-0.3858327693540651,1.0175992359321588,0.0,0.0585910524410702,-0.2992700120177912,-0.4639312787982074,0.1646612667804162,-0.04169284373879174,0.06891431080194571,-0.010323258360875512,-0.3092702919175674,-0.506533415184025
Low-2015-09-08-4-G10_S48_L000,PKH26_Low,1,252207,5388,0.9099568835856814,-50.95546150543299,-14.65500544090714,34.48097889690105,0.3895432543521708,-19.54824483984452,-2.122847943720159,-2.8465863045238744,0.0,-1.185457771858276,-2.2514719672716623,-2.608301043033333,0.3568290757616705,-0.40245200740042875,-0.38520881550988967,-0.8002489563483863,-0.7862063577117075,-1.0134129565273666
Low-2015-09-08-4-G11_S49_L000,PKH26_Low,1,597551,6078,0.898425749523714,-15.128453405591731,-1.4299414218165694,26.928983539277404,1.3559814820964038,-9.950150374041042,-0.8777758673184956,0.2442344613680077,0.0,0.3487456170698511,-0.8013630109604163,-1.1318807053870554,0.3305176944266391,0.5847015995568288,0.85741875239825,-0.508673135328399,-0.3249098475159121,-0.5231548689533114
Low-2015-09-08-4-G12_S50_L000,PKH26_Low,1,841574,5562,0.907049032387446,-6.696794483960893,-11.6334788119969,14.880588502154335,-9.186604011223924,-17.33458970608632,-0.6744907594765952,0.0711418662079838,0.0,1.1320152084879165,-1.1270255596245051,-1.3990923380089384,0.2720667783844332,1.4305396455832013,1.9221584915535914,-0.7901432830656749,0.5658329958586131,0.4235114796122088
Low-2015-09-08-4-G7_S45_L000,PKH26_Low,1,1253653,4983,0.9167251579264012,-13.672195070564117,3.926476240007557,3.0432007702383626,-16.574987246644813,-4.248874839189887,-0.4521080054966885,0.4914221628594923,0.0,0.1652330877929237,-0.3056446471206883,-0.6483221980260475,0.3426775509053592,0.23399625458594095,0.415951358871896,-0.25071827107897227,0.228137906690594,0.0646148807014718
Low-2015-09-08-4-G8_S46_L000,PKH26_Low,1,1052371,4435,0.9258832180219928,-40.02142530232948,3.96486803593222,-0.6184931670272855,5.000349350936786,3.349424706415595,-0.9008819416625516,-1.6362398911208296,0.0,-1.01207753195356,-0.9895616930040384,-2.1714165149038576,1.181854821899819,0.0891378426199132,0.23360379423378755,-1.2456813261873476,-0.784107787129308,-1.0111826313945584
Low-2015-09-08-4-G9_S47_L000,PKH26_Low,1,680752,5750,0.9039072161502724,-19.29661869025433,0.5148975629451988,26.35243703819185,-0.2747737667917006,-8.883228159621073,-0.8466359836827458,-0.0144670135337668,0.0,0.0908457584916623,-0.7284006888158499,-1.3979298413841788,0.6695291525683289,0.6180742262800274,0.8994281678402686,-0.8085824093486063,-0.1729833000188471,-0.3616899174928596
