cell_id,population_label,group_order,total_counts,detected_genes,zero_fraction,pc1,pc2,pc3,pc4,pc5,H,S,M,R,oxidative_stress_score
G1-2015-05-07-A-B1_S96_L000,G1,0,1297470,5635,0.9058290718272668,-1.3100244894363653,-11.076359998634263,-27.846523581971663,10.069212595490573,-3.229790225281852,-1.036341447738032,0.0056614780881348,-0.6744907594765952,1.47140719715079,-0.8134241148580836
G1-2015-05-07-A-B2_S97_L000,G1,0,848066,5250,0.9122631103980748,-14.99915126865976,-23.921401413054912,-11.696362565803028,6.607170564606283,-0.530517885537932,-1.6743228024989365,-0.4889083935551479,-0.6744907594765952,1.1725074178752648,-0.48178647720762374
G1-2015-05-07-A-B3_S98_L000,G1,0,1142762,4287,0.9283565627193422,-29.78665039959149,-19.542363788370565,-17.496308345475896,10.903976317362355,20.604280024277728,-1.764411666258031,-1.7266256390530346,-0.6744907594765952,0.2576104764438779,-0.4980496905880058
G1-2015-05-07-A-B4_S99_L000,G1,0,1885261,5893,0.9015174303954008,34.783275767501856,-31.608198663967578,1.658623250925946,-7.507152657033408,8.449489370617206,-0.5128419006605266,-0.4106554170677267,-0.6744907594765952,1.4568327664828644,0.25568528609363106
G1-2015-05-07-A-C1_S108_L000,G1,0,1035852,5214,0.9128647347839166,0.9398469610965412,-32.63408333655274,2.7835021850686403,-5.206898740549244,1.3270709559997709,-1.4598149031956953,0.6778701136821926,-0.6744907594765952,2.1217820376681344,-0.8004443313034582
G1-2015-05-07-A-C2_S109_L000,G1,0,1521557,7192,0.8798088171396102,46.65851979806447,-35.872653687543504,1.1812260414721478,16.014459791360945,-1.95699489269268,-0.3339107140083087,-1.4266724688995491,-0.6744907594765952,0.7202607727162293,-0.3402839239850083
G1-2015-05-07-A-C3_S110_L000,G1,0,1542431,6640,0.8890337243891842,37.58058211950039,-32.19197580833326,-5.23394923129135,16.48073625182698,2.8216577596704404,-0.4884745903739257,-0.6423434894706176,-0.6744907594765952,1.287626095192988,-0.03817109502639096
G1-2015-05-07-A-C4_S111_L000,G1,0,1078047,6090,0.8982252080617668,16.29742758796493,-37.23230970792617,0.2180944594176599,5.834380484402342,-2.751887760213497,-1.0831362104783706,0.6200262900789516,-0.6744907594765952,2.27766563404726,-0.45426379282846785
G1-2015-05-07-A-D1_S120_L000,G1,0,1071734,4911,0.9179284066980848,-2.560811299625964,-37.65946788375686,11.90381040036667,-1.1133372964513857,12.751159468801209,-1.5483736654085023,0.2079147426314219,-0.6744907594765952,1.8100223100555723,-1.4824066479986522
G1-2015-05-07-A-D2_S121_L000,G1,0,1049816,3834,0.9359270029078512,-40.06973540493164,-15.971691771802757,-18.19481202591397,5.716526574332504,17.72999209406322,-2.099569106144136,-2.60038781622181,-0.6744907594765952,-0.3870423237169432,-1.2553570827237097
G1-2015-05-07-A-D3_S122_L000,G1,0,1431834,6190,0.8965540292122063,25.61337337810557,-29.184363154673644,-13.30874988546278,5.938798706229314,4.134306985663263,-0.7232655082157241,0.3562977206197151,-0.6744907594765952,2.0095936462514645,-0.262488588866772
G1-2015-05-07-A-D4_S123_L000,G1,0,1502745,5811,0.9028877970520404,24.704973892403043,-36.68220250889137,-1.499490304817815,-0.1312755210774267,0.6270276448736732,-0.8025221083118538,0.1890226316869061,-0.6744907594765952,1.943213254959576,-0.04956766421630579
G1-2015-05-07-A-E1_S132_L000,G1,0,1403806,6366,0.8936127544369799,22.289883611606125,-33.655154775906134,-9.83196463234336,13.0180172228299,-5.10171849164704,-0.6861714027943465,0.4871293091701797,-0.6744907594765952,2.153237025589171,-0.47159532282361116
G1-2015-05-07-A-E2_S133_L000,G1,0,1813073,7003,0.8829673451652796,49.79584514071727,-30.49109931617534,3.1183704903988634,19.083210276154905,-5.936081558295105,-0.1898266962268687,-1.6025955915018009,-0.6744907594765952,0.5697765679449144,0.4421014294704041
G1-2015-05-07-A-E3_S134_L000,G1,0,1518250,6422,0.892676894281226,23.20867557135457,-17.395394811180132,-23.664495598186,5.472003524994188,-22.170982131033394,-0.5777155829849208,0.3217491781119887,-0.6744907594765952,1.8472557452902407,-0.20498497521583137
G1-2015-05-07-A-E4_S135_L000,G1,0,1222228,5712,0.9045422641131052,6.292102511637584,-24.42277997222335,-12.191941803158253,-6.253805876505932,-8.876434685983336,-1.075867207796222,1.2039787271269728,-0.6744907594765952,2.365955911225671,-0.04398728709848327
G1-2015-05-07-A-F1_S144_L000,G1,0,1392910,4738,0.9208195461078243,1.2103486476359182,-30.325118938140765,13.596055583554683,-6.211593602769345,22.58497479813403,-1.3244760052102529,0.781646348215889,-0.6744907594765952,2.1645883334718845,-1.0955251443993037
G1-2015-05-07-A-F2_S145_L000,G1,0,1694442,5597,0.9064641197901,8.07364653153304,-7.167362114643494,-31.05806092509184,7.648923154903933,0.740949318914619,-0.7449221113104114,0.0,-0.6744907594765952,1.4792231362519637,-0.004584416725131614
G1-2015-05-07-A-F3_S146_L000,G1,0,1734316,5424,0.9093552591998396,16.092065593761124,-27.607730450084247,-27.606821268595542,-5.862210838430384,2.3252377577729995,-0.7851774872938833,1.1387927302522594,-0.6744907594765952,2.556739451157569,-0.2126112171128804
G1-2015-05-07-A-G1_S154_L000,G1,0,1851065,6407,0.8929275711086601,41.55995728409776,-31.77254013856172,11.09380785274356,-0.2077814034027,-2.3930656778772965,-0.3556118701327724,-0.9535578522074604,-0.6744907594765952,1.0545428461566857,-0.2321145127741685
G1-2015-05-07-A-G2_S155_L000,G1,0,1455616,5848,0.9022694608777032,17.365110936251522,-29.320374952753628,-11.426158057980995,6.133682616754016,-9.883532782122376,-0.8255048070356406,1.001765966897815,-0.6744907594765952,2.5002676103653947,-0.1628257752816994
G1-2015-05-07-A-G3_S156_L000,G1,0,1213178,4446,0.925699388348541,-19.139309538838475,-19.945001226540864,-12.364020367190168,-0.8535537250676352,6.015446922595192,-1.618303472479733,-0.8736872438601976,-0.6744907594765952,0.876353642273218,-0.3875884776062133
G1-2015-05-07-A-G4_S157_L000,G1,0,1718914,8439,0.8589692168855911,56.283739120802025,-15.793498624841458,4.540343804634931,30.087637067080347,-9.828884032158216,0.1465598856365815,-2.217194001138771,-0.6744907594765952,0.0658235735074382,-0.09032873813270374
G1-2015-05-07-A-H2_S163_L000,G1,0,1034785,3382,0.9434807313078646,-51.69531683795687,-37.59344217482646,13.098321711446472,12.166908475168109,-1.08060606369477,-2.3833706269503967,-3.52922619155174,-0.6744907594765952,-1.011943830372274,-2.2107751960119644
G1-2015-05-07-A-H3_S164_L000,G1,0,1923338,7428,0.8758648350546475,53.43168210234307,-23.727438293568724,8.722664407492822,28.338100700849388,-15.312696056119607,0.0033705050471173,-1.890613468879056,-0.6744907594765952,0.3328287678340968,-0.2857181616324207
G1-2015-05-07-A-H4_S165_L000,G1,0,1359568,5151,0.9139175774591396,-5.292041769627454,-16.457853158661376,-16.809016967513188,-0.2742473037709902,1.7994482268509375,-1.1741460611599428,0.0660797303154379,-0.6744907594765952,1.5308905981345844,-0.49243412751990895
G1-2015-05-07-B-A1_S170_L000,G1,0,918052,5025,0.916023262809586,-19.28655410195389,-25.258243109705024,-0.3739561968960425,6.670980700453392,14.69455427009683,-1.6768097978509446,-0.8272475005317935,-0.6744907594765952,0.9333004035300272,-1.0825162665350077
G1-2015-05-07-B-A2_S171_L000,G1,0,1702997,6226,0.8959524048263645,37.40927342870834,-34.53081084312353,3.224539848247533,-0.7461892959912411,12.373799391319132,-0.5122001885926866,-0.6744907594765952,-0.6744907594765952,1.2754896050454445,-0.4020073995278972
G1-2015-05-07-B-A3_S172_L000,G1,0,1186237,4738,0.9208195461078243,-3.473729704379369,-34.32505254475138,4.273614519674846,-7.587172756129058,11.842906908987114,-1.5084904805591672,0.2994788944433639,-0.6744907594765952,1.8411142464943249,-0.5408880364346378
G1-2015-05-07-B-A4_S173_L000,G1,0,1219218,4884,0.9183796249874662,-15.512373474197984,-16.948950489172802,-19.19360951432988,4.283679774573149,-9.048188656553313,-1.4124002256648756,-0.6609205213050494,-0.6744907594765952,1.0171167615220726,-0.652533855209232
High-2015-09-08-2-A1_S62_L000,PKH26_High,2,1248768,5089,0.9149537083458672,-19.50775926475663,12.408773905492271,-17.923783667717633,10.082372858680143,11.658611511931198,0.473892124604551,0.5501743181236433,0.6744907594765952,-0.5970579661787405,0.40075286245605113
High-2015-09-08-2-A2_S63_L000,PKH26_High,2,1071540,4027,0.9327016277281994,-37.94949529960643,-7.902477663066259,-12.487765381874294,0.5955219299708457,13.098481369847752,-0.2002143543511771,-1.391698584215673,0.6744907594765952,-0.7227710357014772,-0.29537495565230665
High-2015-09-08-2-A3_S64_L000,PKH26_High,2,2050592,7144,0.8806109829873993,22.406010453857604,30.757403484405508,-39.59501513675595,23.33905872210564,9.52405064794535,1.764938626611264,-1.2312798546058386,0.6744907594765952,-1.109101390665156,0.42860872682817136
High-2015-09-08-2-A4_S65_L000,PKH26_High,2,1751556,6081,0.8983756141582272,17.902921498439344,17.257606005415283,11.88327406348211,6.965764321479354,18.14123366172388,1.2410362994832982,-0.4504087490195397,0.6744907594765952,-0.2751392038534613,0.3706032063924247
High-2015-09-08-2-A5_S66_L000,PKH26_High,2,885672,5413,0.9095390888732912,-21.350085733495764,3.815151245179083,4.873877631332853,-11.735739670174103,-13.57522155906062,0.2117814883155179,0.2493139349857422,0.6744907594765952,-0.2841179021017376,-0.6813039666416381
High-2015-09-08-2-A6_S67_L000,PKH26_High,2,1719341,5949,0.900581570239647,16.970454768944315,4.119973849576811,-14.187240117530706,-18.13422079246912,-28.05310330764481,1.1730018665234916,-0.4130541535077242,0.6744907594765952,0.506819634344223,0.40516207858409525
High-2015-09-08-2-C1_S72_L000,PKH26_High,2,2241798,7101,0.8813295898927103,46.407621625391,11.591916030546374,-32.444670051826016,-19.713423037525803,-32.15386708061598,1.854214793682443,-2.7079914821791324,0.6744907594765952,-0.6605978790692387,0.6608912889379162
High-2015-09-08-2-C3_S73_L000,PKH26_High,2,2243682,7311,0.8778201143086333,41.91940508781974,24.75736700980907,-26.07073266066661,-1.8937559444941128,-21.165628924365148,1.917284125174144,-2.487648170934247,0.6744907594765952,-1.1573997477347029,0.8598283725779026
High-2015-09-08-2-C5_S74_L000,PKH26_High,2,1985386,6354,0.8938132958989271,26.91712140470416,22.23902030545626,12.668510909412676,19.26445258004019,20.28588393827194,1.4781880667046172,-1.2630108046637174,0.6744907594765952,-0.6744907594765952,0.6760100924692419
High-2015-09-08-2-D1_S82_L000,PKH26_High,2,1790393,6493,0.891490357298038,34.861150363584166,2.6383123853696304,18.672563210921336,-1.88719907361312,4.1024568510439945,1.4058589507270498,-1.8480107127425949,0.6744907594765952,0.1818981644477868,0.5522237978151227
High-2015-09-08-2-D2_S83_L000,PKH26_High,2,1934813,5765,0.9036565393228384,-4.359832878192217,16.032647925258516,-29.98859291218677,3.050959789638635,29.732560968476697,1.2413281063476749,1.184121149904663,0.6744907594765952,-0.3527756441303062,0.8380940351126909
High-2015-09-08-2-D3_S84_L000,PKH26_High,2,1975159,7359,0.8770179484608442,50.31383176667974,14.847189409872833,19.156970662113405,12.449045616354148,10.276694635863375,1.7851839300129595,-3.032560196098669,0.6744907594765952,-0.9587682753999854,0.5864693237126514
High-2015-09-08-2-D4_S85_L000,PKH26_High,2,2182259,6147,0.8972726361175173,25.502108715997224,24.54825934045865,-12.90811969406222,-0.2752008630326559,21.81002836976581,1.5159355735235218,-1.2187401556691593,0.6744907594765952,-0.7853393306405253,0.45084689733886
High-2015-09-08-2-E1_S90_L000,PKH26_High,2,1090293,4858,0.918814131488352,-52.0470858206189,5.37772197317033,2.6233785679373853,20.597102552947344,1.2619075771355437,0.2194155141150248,-2.11919622890752,0.6744907594765952,-1.8224776513377237,-0.9439389027004642
High-2015-09-08-2-E2_S91_L000,PKH26_High,2,1772001,5885,0.9016511247033656,7.324037301217348,21.672705731810765,-28.24120379263134,3.754126789737498,6.893984134866835,1.1845175683066782,0.1936663022253479,0.6744907594765952,-0.5294135868125338,0.17553295371446268
High-2015-09-08-2-G1_S51_L000,PKH26_High,2,1320543,5591,0.9065643905210736,-10.272594871987286,7.575793536665052,-14.91149440126357,3.519495705822917,-3.842239989621361,0.7383899672861217,1.1605855094380308,0.6744907594765952,-0.0496440563844302,0.21582786012990318
High-2015-09-08-2-G2_S52_L000,PKH26_High,2,1139584,4609,0.9229753668237576,-27.97000190875821,2.612006522681773,-17.25252113833401,8.818537480093278,21.89143273731693,0.157959541241772,-0.2784146505937501,0.6744907594765952,-0.5314833922527245,0.11634802441327613
High-2015-09-08-2-G3_S53_L000,PKH26_High,2,1247271,5470,0.9085865169290418,-8.602222992156058,9.007041708891991,-11.50056524681508,-7.768557496144322,2.8369482656555167,0.6263625316166467,1.3367376541742082,0.6744907594765952,-0.0740895134329993,-0.1679061754158762
High-2015-09-08-2-G4_S54_L000,PKH26_High,2,1865996,5675,0.9051606002874428,5.978875557092019,18.74775916763018,5.594363226811555,-6.0927169487008905,16.428145211202953,1.1663054311301109,0.4143039139300276,0.6744907594765952,-0.3652054622435676,0.42358406169524865
High-2015-09-08-2-G5_S55_L000,PKH26_High,2,1652093,6122,0.8976904308299074,18.52819564186868,15.84034915174322,22.96056071188585,9.651002518768284,27.25323223598767,1.1883744323441483,-0.4773279975651998,0.6744907594765952,-0.196511893268659,0.429490580271712
High-2015-09-08-2-G6_S56_L000,PKH26_High,2,1445549,5263,0.912045857147632,-2.72153579129032,-3.576274686333133,21.99515223201641,-3.798921158953034,3.854181248194352,0.7131888132027747,0.3294047770763431,0.6744907594765952,0.7501342979945851,-0.6095633758870546
High-2015-09-08-4-C1_S12_L000,PKH26_High,2,619412,4002,0.9331194224405897,-59.755299264708526,-0.9046260667435456,0.4068910733818041,11.190860583989371,4.397536577625782,-0.8414365765500061,-2.8269415074279896,0.6744907594765952,-2.0810362065326,-0.7312324643512643
High-2015-09-08-4-C2_S13_L000,PKH26_High,2,907146,5263,0.912045857147632,-27.381775457766008,9.50846647003139,8.970083237393187,12.01735906189981,4.673931059279025,0.1793463487622359,-0.0936890385600746,0.6744907594765952,-0.7774310643686774,-1.278184647712961
High-2015-09-08-4-C3_S14_L000,PKH26_High,2,1214646,6021,0.8993783214679635,-3.1761656401156646,14.868838615369665,15.5714509788469,4.3209995661291165,0.3439138362381555,0.8005097359991343,1.2029955901136038,0.6744907594765952,-0.2639911063528019,-0.13997975896216647
High-2015-09-08-4-C4_S15_L000,PKH26_High,2,934599,6163,0.8970052475015876,-22.34941666890622,12.511038893005612,-10.305306962924444,30.83649561578809,-5.581851513331563,0.5498980891427236,0.3197269707834594,0.6744907594765952,-0.7067148591740696,-0.5000262775539102
High-2015-09-08-4-C5_S16_L000,PKH26_High,2,1242309,5642,0.9057120893077976,-14.015146976358944,13.397088865799558,-11.393293096740168,-3.277088070039944,-13.395521707747118,0.687768494840729,0.9789302720114724,0.6744907594765952,-0.4612307498289997,0.21960219910505016
High-2015-09-08-4-C6_S17_L000,PKH26_High,2,2086631,5018,0.9161402453290552,-5.78185480806675,6.587179512462511,-17.16242974046844,-9.310419753053118,6.518864735377899,1.0321636343615372,1.1881163606140162,0.6744907594765952,0.131027652631334,-0.9312323583117984
High-2015-09-08-4-D1_S22_L000,PKH26_High,2,1387689,6828,0.8858919081520105,8.331580955903789,26.60363305072344,0.4717803442805197,24.67428497024752,5.646160587353629,1.22113564387802,-0.1294747617038747,0.6744907594765952,-0.8170413982781366,0.25455481215971165
High-2015-09-08-4-D2_S23_L000,PKH26_High,2,1594118,6745,0.8872789865971457,18.194290415526915,23.73036869162416,23.192428059957063,17.721544682767504,4.63482168946353,1.35396381075353,-0.6504455808207017,0.6744907594765952,-0.659524450213822,0.10760244766235867
High-2015-09-08-4-D3_S24_L000,PKH26_High,2,1301907,7287,0.8782211972325278,10.962949780093496,22.12632956485355,-18.47328852156998,13.268902705462764,-22.99350025877436,1.2866698726745431,-0.0728927237837004,0.6744907594765952,-0.5439268644188076,0.37970280270752377
High-2015-09-08-4-D4_S25_L000,PKH26_High,2,747494,5198,0.9131321233998464,-36.413292245261054,-0.6754808312815866,-1.2258888737369122,13.032245550378027,-7.394877780672303,-0.0689217771856714,-1.0128931144225763,0.6744907594765952,-0.8353486161443426,-1.377620534541488
High-2015-09-08-4-D5_S26_L000,PKH26_High,2,1065626,6242,0.8956850162104348,-12.004653941317253,20.534664206236062,1.271862524142761,9.45743339371036,-11.380842044719666,0.7273598591448389,0.7448976891527476,0.6744907594765952,-0.7769456241734911,-0.6133016399321468
High-2015-09-08-4-E1_S1_L000,PKH26_High,2,1008018,6812,0.8861592967679401,2.656034173729816,12.53033964173944,19.62513433143629,10.733915754950592,-11.525097668654343,0.8498994847148521,0.8349634297070585,0.6744907594765952,-0.0348122245244233,-0.1891134536240941
High-2015-09-08-4-E2_S2_L000,PKH26_High,2,1075931,6879,0.8850396069387346,4.103881534653998,18.38941807455696,19.66364225452197,20.64645705040741,5.034025612475222,0.9454584945364836,0.5594795527396597,0.6744907594765952,-0.3603652806991427,-0.6918728846219248
High-2015-09-08-4-E4_S3_L000,PKH26_High,2,1192436,5012,0.9162405160600288,-29.282167153729013,10.645818966201691,-10.30010686194894,5.485849601997516,8.352595604606536,0.3885181737574323,-0.2412321916255805,0.6744907594765952,-0.905639998524022,-0.550819783666585
High-2015-09-08-4-E5_S4_L000,PKH26_High,2,1864447,5826,0.9026371202246064,10.485634702290682,11.84739057294516,-13.375034823808733,-14.908510959414164,-14.784891821942365,1.2213122924378763,0.2043013657284506,0.6744907594765952,0.0664484901871412,0.9531792929391667
High-2015-09-08-4-E6_S5_L000,PKH26_High,2,1061123,5545,0.9073331327918712,-16.68008219005349,8.2369748816965,12.645375990847912,4.510913129027654,-0.3458445311885166,0.4701967937344776,0.7393653188325722,0.6744907594765952,-0.2977069897130142,-1.467441947029725
High-2015-09-08-4-F2_S31_L000,PKH26_High,2,972821,5810,0.902904508840536,-21.71916197737372,10.260604878198755,-11.093937058440718,16.77325511653628,1.9451301942540888,0.4701322899203275,0.3690708122665199,0.6744907594765952,-0.5800771981183884,-0.6054524241178755
High-2015-09-08-4-F3_S32_L000,PKH26_High,2,1056399,6763,0.8869781744042248,-14.19798261943584,21.584301595749988,-11.271736033961473,29.794967305305462,-19.3907858645656,0.8882272378809163,0.5750657435254705,0.6744907594765952,-0.8911791938808848,-1.5143897262662311
High-2015-09-08-4-F4_S33_L000,PKH26_High,2,840891,5416,0.9094889535078045,-26.89199978072561,9.543172279583157,-4.908271166581502,-4.064531075330871,-6.136256153040092,0.1535164071089219,-0.0538925985821705,0.6744907594765952,-0.7581636835602604,-0.11980304077334791
High-2015-09-08-4-F6_S34_L000,PKH26_High,2,126745,5100,0.9147698786724155,-76.29333958391089,-14.35259724859083,23.13365005478742,0.2433248673106953,-21.444936608807723,-2.1426274686232825,-4.428677894482704,0.6744907594765952,-2.818381854358321,-1.7277197680872312
High-2015-09-08-4-G1_S39_L000,PKH26_High,2,1180337,5089,0.9149537083458672,-35.34182797838754,12.434147962213848,-9.4355882975153,11.771981412964742,1.6344693416352754,0.409321693180063,-0.7323442295822499,0.6744907594765952,-1.2429790809465255,-0.45434785063774036
High-2015-09-08-4-G2_S40_L000,PKH26_High,2,954306,5072,0.9152378087502924,-33.93193345737302,11.07827674780862,-7.374051054835522,14.500590528000997,1.6677252190216227,0.1586427405626566,-0.6171497436644753,0.6744907594765952,-1.1267329697527542,-0.44977819472847813
High-2015-09-08-4-G3_S41_L000,PKH26_High,2,1116518,6898,0.8847220829573181,14.062006863603909,7.610770786817653,16.740673038781875,3.933073302301645,-9.071075598907594,0.9937609738919244,-0.1150970952223044,0.6744907594765952,0.3171725792403517,-0.22089991261383043
High-2015-09-08-4-G5_S43_L000,PKH26_High,2,1512511,3928,0.9343560947892644,-35.85605784356372,7.007737200733453,-10.857462563143486,-11.304122932306283,9.839944836318264,0.1416518396150824,-0.8009972988390317,0.6744907594765952,-1.062489483538403,-0.7513787058292212
High-2015-09-08-4-G6_S44_L000,PKH26_High,2,602771,5156,0.9138340185166616,-34.229957200033304,0.5647248551062101,35.554540061930666,1.2142694673137948,-4.477132958020999,-0.3327575099943068,-0.8110961734826031,0.6744907594765952,-0.7634614481646882,-0.6788370446171058
Low-2015-09-08-2-A10_S70_L000,PKH26_Low,1,2151778,6385,0.8932952304555634,33.56278602818022,22.55720978347944,16.38836222877177,-18.874746919068205,-2.672471598472773,0.6951489592189442,-1.4561337484373182,0.0,-0.6726216896862054,0.6392860704898546
Low-2015-09-08-2-A12_S71_L000,PKH26_Low,1,2241000,4116,0.9312142785520906,-5.467368252422943,-0.3735923953363462,-6.8101081191089605,-42.58447689480378,34.250958144266,-0.1939068661994387,0.9251201091118432,0.0,0.6535564237507459,-0.2203634833756308
Low-2015-09-08-2-A7_S68_L000,PKH26_Low,1,1749782,5994,0.8998295397573448,15.406788175780685,15.403469888756964,11.640485909950128,-10.958921322007273,-7.992743649725107,0.323547936996447,0.1155826384892253,0.0,0.0,0.26690248504611774
Low-2015-09-08-2-A9_S69_L000,PKH26_Low,1,1972874,6563,0.8903205321033457,33.561119145011844,16.788408577993003,17.55455690057677,-12.491130112650753,-4.011141262270746,0.6542898263969407,-1.2810977079752857,0.0,-0.3584186399831687,0.27930845619432243
Low-2015-09-08-2-C10_S79_L000,PKH26_Low,1,1680037,5918,0.9010996356830108,17.06590898206758,8.523937145987595,-20.74906428342753,-21.750900156587967,-15.997867823396152,0.249753244024847,0.177650266737042,0.0,0.3971457439418575,0.8676319417891581
Low-2015-09-08-2-C11_S80_L000,PKH26_Low,1,1739895,5447,0.9089708880644408,12.752606380891788,0.3250381411506556,12.322384945118216,-13.240149617363826,20.723331672553982,0.1131390824215603,0.4457605307706795,0.0,0.9039153502509886,0.2076205211488115
Low-2015-09-08-2-C12_S81_L000,PKH26_Low,1,1552862,6101,0.8980413783883151,18.287170522098208,15.651058374375872,22.58171183976648,-5.633693335330689,12.135424454358366,0.2244618459083491,-0.0980654163108561,0.0,-0.0327582777359908,0.11665358385141844
Low-2015-09-08-2-C7_S76_L000,PKH26_Low,1,1727024,5186,0.9133326648617937,11.41392750339532,1.84033808506896,2.932504042707178,-27.02387555074016,14.061014697806751,0.0,0.5920764638715067,0.0,0.813793055633315,0.6113099265021921
Low-2015-09-08-2-C8_S77_L000,PKH26_Low,1,2053676,5292,0.9115612152812594,5.662948983411337,18.87621128745328,-25.73729246119704,-11.786268737508712,15.388733958856276,0.241592224384722,0.4469479222223252,0.0,-0.2246045187417267,-0.017786909555361847
Low-2015-09-08-2-C9_S78_L000,PKH26_Low,1,1576879,7197,0.8797252581971322,23.880794234941103,33.35390456348705,12.024142656770536,8.10641627849041,-11.329935492430405,0.5941082675079636,-1.3613535048054095,0.0,-1.1260783639275809,0.3899859978357977
Low-2015-09-08-2-D10_S89_L000,PKH26_Low,1,1150842,5604,0.9063471372706308,0.8166992738216852,-1.1019768113685011,18.83258805592782,-12.614964720714514,-0.9342375739457792,-0.2998752656972974,1.0120212067002805,0.0,0.8601223181947026,-0.2890011981970728
Low-2015-09-08-2-D7_S86_L000,PKH26_Low,1,1823782,5995,0.8998128279688492,23.69720203094635,5.546141081082246,-8.655232010950908,-19.804151281048327,-11.010050768211707,0.371360883035695,-0.345587681468217,0.0,0.4815025698670905,0.3464168742474322
Low-2015-09-08-2-D8_S87_L000,PKH26_Low,1,1669540,5297,0.9114776563387814,12.880166370384895,-0.256204900390951,2.861241684131241,-24.957908105800115,18.280218655562862,0.0063431331294728,0.4167424906114232,0.0,0.9382925998575662,0.5118955240467905
Low-2015-09-08-2-E10_S95_L000,PKH26_Low,1,1428915,5171,0.9135833416892276,2.494814337385948,-8.452747965512382,-12.128586250341325,-23.444588332059304,-0.8558495667319516,-0.2232701179257089,0.4016133991830536,0.0,1.3014178808069696,-0.0015552576983378025
Low-2015-09-08-2-E11_S92_L000,PKH26_Low,1,1359383,5482,0.9083859754670944,4.930789588947124,-1.3107550628841211,14.516764077010333,-12.506291190922662,-0.6252450235798863,-0.1559715389740924,0.868697400351034,0.0,0.9480901750919608,-0.22938727926778701
Low-2015-09-08-2-E12_S93_L000,PKH26_Low,1,1117731,6057,0.8987766970821217,-0.1911114195999763,6.186332251364818,-8.209113999625156,-6.928328516546939,-21.67152243604126,-0.167676818836883,1.579633617326413,0.0,0.432811278476047,0.4404575357923236
Low-2015-09-08-2-G10_S60_L000,PKH26_Low,1,1866021,4690,0.9216217119556136,-9.041937544680597,11.3989553057269,-21.04820568557654,-14.409579237723868,18.96298368954748,-0.1255267067565262,0.7566669108332236,0.0,-0.0614619080467624,0.29107529194860976
Low-2015-09-08-2-G11_S61_L000,PKH26_Low,1,2096514,6565,0.8902871085263545,28.341759070358783,29.663589089473994,14.555275153798563,-3.30233220792722,8.077298570763851,0.7245818641309424,-1.4129037378354576,0.0,-0.9720018019885728,0.4447779656276361
Low-2015-09-08-2-G12_S94_L000,PKH26_Low,1,1580703,6512,0.8911728333166216,26.15627970302696,13.750822198079922,22.10848217299841,3.898361438183176,-2.4212088194514143,0.3837471167593198,-0.6348689340678554,0.0,-0.0278484039135112,0.301066545973287
Low-2015-09-08-2-G7_S57_L000,PKH26_Low,1,1128132,4290,0.9283064273538554,-31.12791759899821,-2.0356561363279684,-6.348866828212495,-11.659583821677538,4.153028142702135,-0.8920637180071848,-0.9943697217927656,0.0,-0.3740990392709953,-1.0034726128876228
Low-2015-09-08-2-G8_S58_L000,PKH26_Low,1,1713844,5969,0.9002473344697349,21.608730529494764,4.3392990241455545,14.929178095044133,-11.538383778762086,6.066724625229869,0.2908648842039357,-0.1810477794757321,0.0,0.5867599441903951,0.16612496858304004
Low-2015-09-08-2-G9_S59_L000,PKH26_Low,1,1665376,6664,0.8886326414652896,26.37476032439356,9.763181300773836,-10.155423952500351,-14.349694703814336,-0.7729307362554583,0.4927012810334927,-0.5837288681771303,0.0,0.1920662925627352,0.3859846089921055
Low-2015-09-08-4-C11_S20_L000,PKH26_Low,1,1351751,5042,0.9157391624051606,-17.4424203745459,8.273938931291017,-12.749273668549938,2.804630491313856,-11.612652297552987,-0.3407078752030176,0.1866397565331333,0.0,-0.176662425942211,-0.0005151255181225439
Low-2015-09-08-4-C12_S21_L000,PKH26_Low,1,1694992,6591,0.8898526020254688,23.16674973896723,18.68831111488224,18.93714246621556,21.23803170484256,28.512549690631392,0.4894248491059534,-0.5630115857930786,0.0,-0.263298602800499,0.415886859862275
Low-2015-09-08-4-C8_S18_L000,PKH26_Low,1,924771,4483,0.9250810521742036,-36.84499427279723,1.7543963662224429,1.0767352572356632,-11.44125813654739,-14.267155438503217,-1.0260350811754355,-1.3944007904096511,0.0,-0.7820591846145125,-0.2451529861923296
Low-2015-09-08-4-C9_S19_L000,PKH26_Low,1,406651,4061,0.9321334269193488,-50.41945550352517,-20.14787957131724,26.0573754653512,-12.448675734402189,-9.51880684656268,-2.178012823636747,-2.994411424657995,0.0,-1.0935803392233936,-1.16328065276807
Low-2015-09-08-4-D11_S30_L000,PKH26_Low,1,884171,5899,0.9014171596644271,-5.71840153138752,1.4903793128208156,27.916298398304463,2.7502591404043266,-5.233451712081036,-0.4925667241150329,1.0180666905903302,0.0,0.5505639213309697,-0.16413337828357008
Low-2015-09-08-4-D7_S27_L000,PKH26_Low,1,1470301,6210,0.8962197934422942,17.662657928305666,4.8260589397088856,18.4740928137134,-11.639865187322638,-13.118868750655382,0.1996030389260686,0.1408964937017945,0.0,0.6096048295815719,0.8360131812095087
Low-2015-09-08-4-D8_S28_L000,PKH26_Low,1,1543856,5288,0.911628062435242,0.2178891615958475,6.443241960937367,12.461335685645793,-19.33578697333442,-1.6732139166772055,-0.0869509985759391,1.5439660318101036,0.0,0.4261572359324124,0.4803551408242611
Low-2015-09-08-4-E10_S9_L000,PKH26_Low,1,1309250,7058,0.8820481967980214,21.700846272070915,13.870382365171112,19.74292492606268,2.076555698809346,-8.415592931957086,0.3394504945184811,-0.2942474400711568,0.0,0.0355188700775405,0.03526383419930624
Low-2015-09-08-4-E11_S10_L000,PKH26_Low,1,1335299,5695,0.9048263645175306,-4.451173915156711,14.002643545426364,-15.045111868559648,-2.8807381106444114,-7.840449419906064,-0.0952246962780982,0.8612686197533301,0.0,-0.0908990716662107,-0.2679530461898197
Low-2015-09-08-4-E12_S11_L000,PKH26_Low,1,1322368,5790,0.9032387446104482,-2.097154433011636,7.943467754094113,-13.649503406442465,-7.5753835457018575,-10.94429213319817,-0.071120585364328,1.3761974788245577,0.0,0.2958027708481215,0.34456983451200407
Low-2015-09-08-4-E7_S6_L000,PKH26_Low,1,1422923,5348,0.9106253551255056,-15.516054945681566,16.565476002013543,-6.727191536009767,-2.3195530017880768,-10.318281630241374,-0.1563661893436766,0.0879781500883995,0.0,-0.5180816347477227,0.5924586094659213
Low-2015-09-08-4-E8_S7_L000,PKH26_Low,1,991466,5180,0.9134329355927672,-15.742266633016069,2.825138294929591,4.300828378304911,-8.118481589459964,1.6575737445258456,-0.6383127812522503,0.3103780675602649,0.0,0.1377330405360849,-0.10295228983933094
Low-2015-09-08-4-E9_S8_L000,PKH26_Low,1,1518233,5378,0.9101240014706374,7.2107332264861315,-4.961411714965648,13.052430569944292,-23.222659573355457,7.033381482590948,-0.0701639543912315,0.5200874957952057,0.0,1.1900769458819844,0.3712994731125057
Low-2015-09-08-4-F11_S38_L000,PKH26_Low,1,1187464,5519,0.9077676392927572,-7.051774792553768,5.101052995250385,-8.45736801333085,-9.823471143091544,-8.497836437445262,-0.2965528119293619,1.036321729851584,0.0,0.3246052608191668,0.16445217072538637
Low-2015-09-08-4-F7_S35_L000,PKH26_Low,1,752807,4934,0.917544035562686,-33.01090608684271,0.3115506252479803,1.5582928198152082,-11.8049847872107,-7.2200528630170435,-1.0574967312027368,-1.103390442530147,0.0,-0.5438351875017617,-0.5704615448434738
Low-2015-09-08-4-F8_S36_L000,PKH26_Low,1,1035900,5255,0.9121795514555968,-13.785229468042644,1.2588747440593508,-3.306537433392045,-14.565579221299071,-2.674520577922149,-0.5574511593341921,0.4297831382438709,0.0,0.2842556757030516,-0.06886415326031102
Low-2015-09-08-4-F9_S37_L000,PKH26_Low,1,810961,6497,0.8914235101440556,-5.385027240900677,10.907688494978062,25.279252202020835,0.887699193376637,-10.804376897420736,-0.3858327693540651,1.0175992359321588,0.0,0.0585910524410702,-0.09700072823511328
Low-2015-09-08-4-G10_S48_L000,PKH26_Low,1,252207,5388,0.9099568835856814,-50.95546150543299,-14.65500544090714,34.48097889690105,0.3895432543521708,-19.54824483984452,-2.122847943720159,-2.8465863045238744,0.0,-1.185457771858276,-1.651090908680018
Low-2015-09-08-4-G11_S49_L000,PKH26_Low,1,597551,6078,0.898425749523714,-15.128453405591731,-1.4299414218165694,26.928983539277404,1.3559814820964038,-9.950150374041042,-0.8777758673184956,0.2442344613680077,0.0,0.3487456170698511,-0.3422274348366485
Low-2015-09-08-4-G12_S50_L000,PKH26_Low,1,841574,5562,0.907049032387446,-6.696794483960893,-11.6334788119969,14.880588502154335,-9.186604011223924,-17.33458970608632,-0.6744907594765952,0.0711418662079838,0.0,1.1320152084879165,-1.1770812253457714
Low-2015-09-08-4-G7_S45_L000,PKH26_Low,1,1253653,4983,0.9167251579264012,-13.672195070564117,3.926476240007557,3.0432007702383626,-16.574987246644813,-4.248874839189887,-0.4521080054966885,0.4914221628594923,0.0,0.1652330877929237,-0.24147392724304803
Low-2015-09-08-4-G8_S46_L000,PKH26_Low,1,1052371,4435,0.9258832180219928,-40.02142530232948,3.96486803593222,-0.6184931670272855,5.000349350936786,3.349424706415595,-0.9008819416625516,-1.6362398911208296,0.0,-1.01207753195356,-1.2951064037947408
Low-2015-09-08-4-G9_S47_L000,PKH26_Low,1,680752,5750,0.9039072161502724,-19.29661869025433,0.5148975629451988,26.35243703819185,-0.2747737667917006,-8.883228159621073,-0.8466359836827458,-0.0144670135337668,0.0,0.0908457584916623,-0.3924056632027088
