contrast_a,contrast_b,ID_REF,n_a,n_b,median_a,median_b,delta_median_a_minus_b,mean_a,mean_b,delta_mean_a_minus_b,std_a,std_b,u_statistic,p_value,rank_biserial,q_value_bh,abs_delta_median,abs_rank_biserial,direction
D2,D1,cg26039484,91,256,0.188871870846913,0.518131389917241,-0.3292595190703279,0.2189540395437312,0.5259645008349071,-0.3070104612911759,0.1271443857478123,0.1926496592340231,2219.0,2.2320163759244653e-30,-0.8094951923076923,1.1160081879622327e-26,0.3292595190703279,0.8094951923076923,lower_in_a
D2,D1,cg01787382,91,256,0.169539029480174,0.498552133460035,-0.329013103979861,0.2201566109876648,0.5073628277058013,-0.2872062167181364,0.1508377591663236,0.1842827601009182,2328.0,8.46491490986079e-30,-0.8001373626373627,2.116228727465197e-26,0.329013103979861,0.8001373626373627,lower_in_a
D2,D1,cg12466613,91,256,0.275510208023029,0.7116615405375759,-0.4361513325145469,0.3329772980805428,0.6752331744610189,-0.3422558763804761,0.1860647959649375,0.1757121006164833,2394.0,2.1118686589106017e-29,-0.7944711538461539,3.5197810981843364e-26,0.4361513325145469,0.7944711538461539,lower_in_a
D2,D1,cg07589972,91,256,0.261850885397025,0.6865165097089345,-0.4246656243119095,0.3311361962218586,0.6540644204044466,-0.322928224182588,0.1866086946128136,0.1662059856241507,2600.0,3.5160385881906447e-28,-0.7767857142857143,4.395048235238306e-25,0.4246656243119095,0.7767857142857143,lower_in_a
D2,D1,cg07152817,91,256,0.313422899283594,0.712553282235267,-0.399130382951673,0.3619764997344988,0.6761071906073834,-0.3141306908728846,0.1797929532124839,0.1650145999904361,2553.0,5.489638732964999e-28,-0.7808207417582418,5.489638732964999e-25,0.399130382951673,0.7808207417582418,lower_in_a
D2,D1,cg26738530,91,256,0.215008907239853,0.576517226813536,-0.361508319573683,0.2652660296547093,0.5638112662614,-0.2985452366066907,0.1666495763773883,0.1801514827033665,2665.0,1.0319625713927191e-27,-0.7712053571428572,8.599688094939326e-25,0.361508319573683,0.7712053571428572,lower_in_a
D2,D1,cg04212450,91,256,0.263261531573024,0.6454873641884336,-0.3822258326154095,0.3128835535299757,0.6187760436509868,-0.3058924901210111,0.1653771516640899,0.181717387015081,2689.0,1.745694275705112e-27,-0.7691449175824175,1.2469244826465083e-24,0.3822258326154095,0.7691449175824175,lower_in_a
D2,D1,cg06017143,91,256,0.272841227939068,0.6286023772606579,-0.3557611493215899,0.3205886935343695,0.6173373034951759,-0.2967486099608064,0.1696639610450555,0.1805949573646158,2742.0,2.3562507668764004e-27,-0.7645947802197802,1.4726567292977502e-24,0.3557611493215899,0.7645947802197802,lower_in_a
D2,D1,cg19446340,91,256,0.289882035653136,0.6811245559483605,-0.3912425202952245,0.3396431549216669,0.651223648192383,-0.311580493270716,0.1869057130943699,0.1685330818046915,2764.0,3.155505832435472e-27,-0.762706043956044,1.6286063743236024e-24,0.3912425202952245,0.762706043956044,lower_in_a
D2,D1,cg01676105,91,256,0.57779393254451,0.270710395399545,0.3070835371449649,0.5576332840780996,0.2732529033123127,0.2843803807657869,0.1637387857725223,0.1719102878285592,20454.0,3.2572127486472045e-27,0.7560096153846154,1.6286063743236024e-24,0.3070835371449649,0.7560096153846154,higher_in_a
D2,D1,cg05404847,91,256,0.235599754740038,0.573135494907779,-0.337535740167741,0.2841385014445584,0.5642833863005602,-0.2801448848560018,0.1630120338202043,0.1848640405766371,2805.0,5.4280408103502284e-27,-0.7591861263736264,2.4672912774319216e-24,0.337535740167741,0.7591861263736264,lower_in_a
D2,D1,cg27232401,91,256,0.2423899167345884,0.606279667574074,-0.3638897508394855,0.2892849718135601,0.5885917176834371,-0.299306745869877,0.1802792363219456,0.169535442005379,2762.0,9.100840933554955e-27,-0.7628777472527473,3.7920170556478995e-24,0.3638897508394855,0.7628777472527473,lower_in_a
D2,D1,cg15368264,91,256,0.260153972886593,0.6341214021560571,-0.3739674292694641,0.3150277347529177,0.6089126918817694,-0.2938849571288517,0.1762653332250195,0.1730944422603628,2859.0,1.1047808330859643e-26,-0.7545501373626373,4.249157050330632e-24,0.3739674292694641,0.7545501373626373,lower_in_a
D2,D1,cg09319828,91,256,0.289535176497508,0.682475455723335,-0.3929402792258269,0.3372503228699814,0.6554384510812569,-0.3181881282112754,0.1751555672216657,0.2026645672946287,2808.0,1.6737047166929223e-26,-0.7589285714285714,5.977516845331866e-24,0.3929402792258269,0.7589285714285714,lower_in_a
D2,D1,cg03534360,91,256,0.280136189536457,0.6526789543111295,-0.3725427647746725,0.3140333504578218,0.6381932307260334,-0.3241598802682116,0.19633210851065,0.1855261144956679,2896.0,1.7933855821459075e-26,-0.7513736263736264,5.9779519404863596e-24,0.3725427647746725,0.7513736263736264,lower_in_a
D2,D1,cg21245684,91,256,0.261108506454019,0.6255272510349685,-0.3644187445809495,0.3027493307639963,0.6030830846776423,-0.3003337539136459,0.1803832525147391,0.1819863135910193,2905.0,3.058123553300331e-26,-0.7506009615384616,9.556636104063534e-24,0.3644187445809495,0.7506009615384616,lower_in_a
D2,D1,cg00071984,91,256,0.244206358532429,0.626593576135734,-0.3823872176033049,0.3017564442893804,0.631271021743324,-0.3295145774539435,0.2093164250984332,0.2265743484529821,2915.0,3.4857291326373825e-26,-0.749742445054945,1.0252144507757009e-23,0.3823872176033049,0.749742445054945,lower_in_a
D2,D1,cg05388880,91,256,0.2563703245981095,0.670477943258753,-0.4141076186606435,0.3318995870219629,0.6377922911994791,-0.3058927041775162,0.1842577745104247,0.1814069470039629,2885.0,3.7513128976685415e-26,-0.7523179945054945,1.0420313604634837e-23,0.4141076186606435,0.7523179945054945,lower_in_a
D2,D1,cg09559196,91,256,0.166078111841631,0.48241171514622,-0.316333603304589,0.2172508952791338,0.4933162873167149,-0.276065392037581,0.1586982053426431,0.2069674114350679,2944.0,4.128777510802119e-26,-0.7472527472527473,1.086520397579505e-23,0.316333603304589,0.7472527472527473,lower_in_a
D2,D1,cg00425843,91,256,0.305545298265441,0.6948180809745386,-0.3892727827090975,0.3580682886334168,0.6644810863267224,-0.3064127976933056,0.1935564626292113,0.1633790705750397,2966.0,4.460010372409806e-26,-0.745364010989011,1.1150025931024516e-23,0.3892727827090975,0.745364010989011,lower_in_a
D2,D1,cg23387692,91,256,0.276356835820655,0.710342427742864,-0.433985591922209,0.3476581502559424,0.663580409739736,-0.3159222594837936,0.2036308251188178,0.1469846732035614,2970.0,4.697327088711792e-26,-0.7450206043956045,1.1184112115980456e-23,0.433985591922209,0.7450206043956045,lower_in_a
D2,D1,cg19961800,91,256,0.1464128044521395,0.568343985117863,-0.4219311806657235,0.2155760758126385,0.5522056872852098,-0.3366296114725712,0.2037004335966742,0.2351481996806336,2930.0,8.294071254685612e-26,-0.7484546703296704,1.88501619424673e-23,0.4219311806657235,0.7484546703296704,lower_in_a
D2,D1,cg19572323,91,256,0.198043018317269,0.5488865921539795,-0.3508435738367105,0.2398305416287208,0.5582488594177887,-0.3184183177890678,0.1643511896394281,0.2390157933026684,3018.0,8.734430589015941e-26,-0.7408997252747253,1.898789258481726e-23,0.3508435738367105,0.7408997252747253,lower_in_a
D2,D1,cg08480996,91,256,0.2706060133720175,0.711467254371715,-0.4408612409996975,0.3463386358517123,0.6784068335025115,-0.3320681976507992,0.2127763151107455,0.1832477917005515,2940.0,9.44741075824926e-26,-0.7475961538461539,1.966771654605371e-23,0.4408612409996975,0.7475961538461539,lower_in_a
D2,D1,cg05341786,91,256,0.292546608452877,0.691832842703775,-0.399286234250898,0.3501251703343351,0.6549615840085403,-0.3048364136742052,0.1805526416295842,0.1810719761537206,2949.0,1.0620566934869002e-25,-0.746823489010989,1.966771654605371e-23,0.399286234250898,0.746823489010989,lower_in_a
D2,D1,cg18712566,91,256,0.322753229920017,0.704225981288271,-0.381472751368254,0.3766849124169862,0.6676285476713328,-0.2909436352543466,0.1783334894716644,0.1676948588696433,3015.0,1.0364887679577911e-25,-0.7411572802197802,1.966771654605371e-23,0.381472751368254,0.7411572802197802,lower_in_a
D2,D1,cg26474717,91,256,0.262113512119275,0.624132566017064,-0.362019053897789,0.3124977599963315,0.6065113354162643,-0.2940135754199328,0.1809104023149519,0.1795545568112746,2899.0,1.0328830846029748e-25,-0.7511160714285714,1.966771654605371e-23,0.362019053897789,0.7511160714285714,lower_in_a
D2,D1,cg11631592,91,256,0.26267871769538,0.6035845594957965,-0.3409058418004165,0.3177951229400054,0.5961763508970083,-0.2783812279570028,0.1721879592430774,0.1934126259742254,3048.0,1.284854094613314e-25,-0.7383241758241759,2.2943823118094894e-23,0.3409058418004165,0.7383241758241759,lower_in_a
D2,D1,cg03195147,91,256,0.264662977944653,0.7116311638538015,-0.4469681859091485,0.3480578588401344,0.6727178873666863,-0.3246600285265518,0.2080811987539516,0.1767393639174067,2976.0,1.8574200129425384e-25,-0.7445054945054945,3.2024482981767906e-23,0.4469681859091485,0.7445054945054945,lower_in_a
D2,D1,cg01346596,91,256,0.322658162966176,0.712425522776678,-0.389767359810502,0.3619658499620313,0.680920725490736,-0.3189548755287046,0.1967074621471152,0.1905821761072706,3021.0,2.189790896477441e-25,-0.7406421703296704,3.649651494129068e-23,0.389767359810502,0.7406421703296704,lower_in_a
D2,D1,cg01010328,91,256,0.245973975033266,0.601088203001512,-0.355114227968246,0.3016338959885725,0.5940186496119964,-0.2923847536234238,0.175181322625108,0.1977974018599004,3013.0,2.99925885780408e-25,-0.7413289835164836,4.8375142867807744e-23,0.355114227968246,0.7413289835164836,lower_in_a
D2,D1,cg24496563,91,256,0.2251304060764924,0.761425520887301,-0.5362951148108085,0.3384910265251075,0.7078082177438134,-0.3693171912187059,0.24595434969851,0.1709655077449567,3034.0,3.18901051277264e-25,-0.7395260989010989,4.982828926207249e-23,0.5362951148108085,0.7395260989010989,lower_in_a
D2,D1,cg15877425,91,256,0.180860021696512,0.5889877286571685,-0.4081277069606565,0.2364726632369685,0.5628639109428561,-0.3263912477058877,0.1924961089418605,0.2249874512841316,2860.0,3.4405093552938715e-25,-0.7544642857142857,5.212892962566472e-23,0.4081277069606565,0.7544642857142857,lower_in_a
D2,D1,cg24298423,91,256,0.338053840257923,0.756758456526358,-0.4187046162684349,0.4106528158685337,0.7198701622256226,-0.3092173463570889,0.2077665451073822,0.1554625090398403,3143.0,4.323787720119836e-25,-0.7301682692307692,6.358511353117406e-23,0.4187046162684349,0.7301682692307692,lower_in_a
D2,D1,cg00141929,91,256,0.292314641783131,0.6347387495922034,-0.3424241078090724,0.3440332887576072,0.620711152715237,-0.2766778639576298,0.1717728995606841,0.1797190203540521,3146.0,4.491724752181776e-25,-0.7299107142857143,6.416749645973965e-23,0.3424241078090724,0.7299107142857143,lower_in_a
D2,D1,cg07264876,91,256,0.197167669061124,0.494341930298809,-0.297174261237685,0.2511102321191457,0.5134119499271776,-0.2623017178080319,0.16918997732575,0.1859621021926835,3143.0,5.346341738726751e-25,-0.7301682692307692,7.425474637120487e-23,0.297174261237685,0.7301682692307692,lower_in_a
D2,D1,cg05040893,91,256,0.267828862408588,0.6747362004056885,-0.4069073379971005,0.3456718615479403,0.6505239805115347,-0.3048521189635944,0.1943654199097239,0.1871558272356623,3173.0,6.325488040143328e-25,-0.7275927197802198,8.233613960838414e-23,0.4069073379971005,0.7275927197802198,lower_in_a
D2,D1,cg14453174,91,256,0.289931476046251,0.6859753122768815,-0.3960438362306304,0.3544949717466528,0.6575632936583722,-0.3030683219117194,0.2040559054362618,0.1533747164464627,3105.0,6.422218889453964e-25,-0.7334306318681318,8.233613960838414e-23,0.3960438362306304,0.7334306318681318,lower_in_a
D2,D1,cg09169764,91,256,0.183711707244252,0.4904746454591045,-0.3067629382148525,0.2395412181159167,0.4967414342334035,-0.2572002161174868,0.1555197366955042,0.1879402190633118,3172.0,6.245908553440991e-25,-0.7276785714285714,8.233613960838414e-23,0.3067629382148525,0.7276785714285714,lower_in_a
D2,D1,cg23729283,91,256,0.249857927135499,0.659266165614445,-0.4094082384789459,0.3223652682798231,0.6179391426552474,-0.2955738743754243,0.1907564106681008,0.1858343597327367,3211.0,1.0222610545621856e-24,-0.7243303571428572,1.277826318202732e-22,0.4094082384789459,0.7243303571428572,lower_in_a
D2,D1,cg20005074,91,256,0.182105739332984,0.595335754985356,-0.4132300156523719,0.2534744300351665,0.5728224586406406,-0.319348028605474,0.2088002826357601,0.191326714499006,3131.0,1.103659190597684e-24,-0.731198489010989,1.2982698862611678e-22,0.4132300156523719,0.731198489010989,lower_in_a
D2,D1,cg05676570,91,256,0.264042410180055,0.6063881089259195,-0.3423456987458645,0.3182765714032347,0.5950848381700504,-0.2768082667668157,0.1815027693250489,0.1723380350938462,3218.0,1.1165121021846043e-24,-0.7237293956043955,1.2982698862611678e-22,0.3423456987458645,0.7237293956043955,lower_in_a
D2,D1,cg17504591,91,256,0.216791489732624,0.5112898670594714,-0.2944983773268474,0.2390597089440501,0.5204260310064546,-0.2813663220624044,0.1558757747740833,0.2097266565848538,2979.0,1.0784712193601471e-24,-0.7442479395604396,1.2982698862611678e-22,0.2944983773268474,0.7442479395604396,lower_in_a
D2,D1,cg18116971,91,256,0.718693786124413,0.4137081964590835,0.3049855896653295,0.6784754704355466,0.4032432069403902,0.2752322634951564,0.1687919867402649,0.1930156172763819,20067.0,1.282296997691089e-24,0.7227850274725274,1.425079669053049e-22,0.3049855896653295,0.7227850274725274,higher_in_a
D2,D1,cg19212767,91,256,0.244366578273393,0.464421138479006,-0.220054560205613,0.2768215010603823,0.5190925874131539,-0.2422710863527715,0.1416614576447183,0.2018102748066571,3090.0,1.2825717021477444e-24,-0.7347184065934066,1.425079669053049e-22,0.220054560205613,0.7347184065934066,lower_in_a
D2,D1,cg05624196,91,256,0.211363518897063,0.648718301815326,-0.4373547829182629,0.2881815244284932,0.5912669752120255,-0.3030854507835323,0.193188143761367,0.1927386940100591,3220.0,1.4177585317864001e-24,-0.7235576923076923,1.5410418823765216e-22,0.4373547829182629,0.7235576923076923,lower_in_a
D2,D1,cg20637405,91,256,0.236511150998459,0.488454137385872,-0.2519429863874129,0.2715761572125478,0.52573678129027,-0.2541606240777221,0.1284853105077954,0.1992270687792212,3052.0,1.4750842251484603e-24,-0.7379807692307692,1.569238537391979e-22,0.2519429863874129,0.7379807692307692,lower_in_a
D2,D1,cg08900233,91,256,0.4024215914623364,0.833719642803298,-0.4312980513409615,0.4550735201818834,0.7842466321187794,-0.3291731119368959,0.2367261969996259,0.1474931601898808,3141.0,1.548903917287747e-24,-0.7303399725274725,1.61344158050807e-22,0.4312980513409615,0.7303399725274725,lower_in_a
D2,D1,cg12744758,91,256,0.189956163357109,0.543428037141821,-0.353471873784712,0.2645506381313218,0.5476069595871612,-0.2830563214558393,0.1881536666432947,0.1782728782425774,3025.0,1.5868204860963828e-24,-0.7402987637362637,1.6192045776493701e-22,0.353471873784712,0.7402987637362637,lower_in_a
D2,D1,cg06145336,91,256,0.774825441972188,0.5256358709184801,0.2491895710537078,0.7425980445342939,0.5054903739145877,0.2371076706197061,0.1385521052057546,0.1996442338673917,20045.0,1.6904711473138913e-24,0.7208962912087913,1.6904711473138912e-22,0.2491895710537078,0.7208962912087913,higher_in_a
D2,D1,cg16163558,91,256,0.357686776007176,0.701819347833122,-0.344132571825946,0.3890319709649288,0.6687479438506706,-0.2797159728857418,0.1788035059356729,0.1710456140139812,3258.0,1.845572085000553e-24,-0.7202953296703296,1.8093843970593657e-22,0.344132571825946,0.7202953296703296,lower_in_a
D2,D1,cg14886530,91,256,0.30311685551605,0.769100078428273,-0.465983222912223,0.3958982310955448,0.7362362240077747,-0.3403379929122298,0.2347150386417137,0.1359689401493759,3268.0,2.091889082303336e-24,-0.7194368131868132,2.0114318099070531e-22,0.465983222912223,0.7194368131868132,lower_in_a
D2,D1,cg08708778,91,256,0.283844223128846,0.714593323257073,-0.430749100128227,0.350038915769647,0.6648104847252463,-0.3147715689555992,0.2022696880280918,0.1901972642427414,3220.0,2.1802859840264336e-24,-0.7235576923076923,2.0568735698362584e-22,0.430749100128227,0.7235576923076923,lower_in_a
D2,D1,cg19754180,91,256,0.282381933481606,0.602453195395954,-0.320071261914348,0.3283414066243848,0.595674306612599,-0.2673328999882142,0.1732082498305741,0.1783955927861602,3276.0,2.312165424420169e-24,-0.71875,2.1408939115001573e-22,0.320071261914348,0.71875,lower_in_a
D2,D1,cg05869611,91,256,0.190408229228707,0.645145375931148,-0.4547371467024409,0.2929593071311231,0.6219317916116586,-0.3289724844805354,0.2226939906138541,0.1683834531726483,3284.0,2.5553970269888948e-24,-0.7180631868131868,2.3230882063535406e-22,0.4547371467024409,0.7180631868131868,lower_in_a
D2,D1,cg23720929,91,256,0.224739009739418,0.626683398503076,-0.401944388763658,0.2954624136647552,0.580313301707255,-0.2848508880424998,0.186613706476417,0.1769006811072512,3288.0,2.6863515075605543e-24,-0.7177197802197802,2.356448690842592e-22,0.401944388763658,0.7177197802197802,lower_in_a
D2,D1,cg25553466,91,256,0.0717729082591675,0.258061872061594,-0.1862889638024265,0.1020079038132415,0.3246220601801438,-0.2226141563669022,0.1051031111665486,0.2190063784068165,3048.0,2.642317189905242e-24,-0.7383241758241759,2.356448690842592e-22,0.1862889638024265,0.7383241758241759,lower_in_a
D2,D1,cg25890678,91,256,0.430359581499589,0.824729625775985,-0.394370044276396,0.4630100514720718,0.7870234934636569,-0.324013441991585,0.2385754111153105,0.1348302992134282,3276.0,2.8658067442504943e-24,-0.71875,2.470523055388357e-22,0.394370044276396,0.71875,lower_in_a
D2,D1,cg16518165,91,256,0.312829391723854,0.706026078475411,-0.393196686751557,0.3817038611962947,0.672723261092153,-0.2910193998958582,0.2014803031166475,0.1575459418569602,3282.0,3.0894079101065743e-24,-0.7182348901098901,2.6181422967004866e-22,0.393196686751557,0.7182348901098901,lower_in_a
D2,D1,cg19432505,91,256,0.385256001395839,0.898983771836165,-0.513727770440326,0.4869983608104198,0.8438861868453511,-0.3568878260349312,0.2613241177701714,0.1374637143770379,3251.0,3.224275540631889e-24,-0.7208962912087913,2.686896283859908e-22,0.513727770440326,0.7208962912087913,lower_in_a
D2,D1,cg01493297,91,256,0.31668425715441,0.647324714655922,-0.330640457501512,0.3586723046716804,0.6308265136662329,-0.2721542089945525,0.1722308838021514,0.1783340527433196,3314.0,3.715295649674343e-24,-0.7154876373626373,3.0453243030117566e-22,0.330640457501512,0.7154876373626373,lower_in_a
D2,D1,cg16353508,91,256,0.294123277651556,0.6586509950837005,-0.3645277174321445,0.3428658983406975,0.6514135565736668,-0.3085476582329693,0.208816441245999,0.1923656836653489,3317.0,3.856695489434496e-24,-0.7152300824175823,3.110238297931045e-22,0.3645277174321445,0.7152300824175823,lower_in_a
D2,D1,cg08688169,91,256,0.201937846553137,0.552165843990281,-0.350227997437144,0.2637891880949468,0.5453416489491089,-0.281552460854162,0.1938549824937155,0.1993121738456237,3286.0,4.0304312154393496e-24,-0.7178914835164836,3.1987549328883724e-22,0.350227997437144,0.7178914835164836,lower_in_a
D2,D1,cg18267436,91,256,0.336323844445166,0.7845045733578986,-0.4481807289127326,0.4309067470071096,0.7498298262271875,-0.3189230792200779,0.2264834442868375,0.1276807743982033,3349.0,5.7397507839943394e-24,-0.7124828296703296,4.484180299995578e-22,0.4481807289127326,0.7124828296703296,lower_in_a
D2,D1,cg10723575,91,256,0.231825301490572,0.6682209615101384,-0.4363956600195664,0.3200104620496183,0.6377699020517019,-0.3177594400020836,0.214929326593029,0.1790142666327526,3317.0,5.938988054036072e-24,-0.7152300824175823,4.499233374269752e-22,0.4363956600195664,0.7152300824175823,lower_in_a
D2,D1,cg26800915,91,256,0.2136841291382045,0.478034378695039,-0.2643502495568345,0.2425721109323551,0.4924031324323677,-0.2498310215000126,0.1334933502981531,0.1959918573683349,3247.0,5.9205927156424055e-24,-0.7212396978021978,4.499233374269752e-22,0.2643502495568345,0.7212396978021978,lower_in_a
D2,D1,cg25469381,91,256,0.3179199669293465,0.7635690308565205,-0.445649063927174,0.3910919933100735,0.7265060755988181,-0.3354140822887445,0.2359262253940549,0.1654919247753308,3249.0,6.071304816989009e-24,-0.7210679945054945,4.530824490290305e-22,0.445649063927174,0.7210679945054945,lower_in_a
D2,D1,cg00863007,91,256,0.312246806379767,0.7020390913165431,-0.3897922849367761,0.3722902625049761,0.6741387392196572,-0.301848476714681,0.2116427280174153,0.1513612629483019,3359.0,6.497122661164715e-24,-0.7116243131868132,4.77729607438582e-22,0.3897922849367761,0.7116243131868132,lower_in_a
D2,D1,cg01248385,91,256,0.245567391197987,0.575795006844677,-0.33022761564669,0.2951016777753096,0.5637270262906278,-0.2686253485153181,0.1706925076705548,0.1824308822647901,3365.0,6.998215540238143e-24,-0.7111092032967032,5.071170681331988e-22,0.33022761564669,0.7111092032967032,lower_in_a
D2,D1,cg08058160,91,256,0.260269975096432,0.613056753404848,-0.352786778308416,0.318335524105535,0.5993327499742874,-0.2809972258687524,0.1855038308444983,0.1928168611405002,3368.0,7.262929705862184e-24,-0.7108516483516483,5.187806932758703e-22,0.352786778308416,0.7108516483516483,lower_in_a
D2,D1,cg07464250,91,256,0.2092101032427,0.522517616943209,-0.3133075137005089,0.2598777543772991,0.5186195185007118,-0.2587417641234126,0.1524786864109373,0.1858151847856524,3353.0,7.485564561334939e-24,-0.7121394230769231,5.271524338968268e-22,0.3133075137005089,0.7121394230769231,lower_in_a
D2,D1,cg24980551,91,256,0.252749559380987,0.603832999262343,-0.351083439881356,0.308593646807094,0.6168824108839364,-0.3082887640768423,0.1982765712762452,0.2187793087747171,3219.0,8.023557942614641e-24,-0.723643543956044,5.495587631927836e-22,0.351083439881356,0.723643543956044,lower_in_a
D2,D1,cg17393083,91,256,0.257235781985184,0.5682633009180396,-0.3110275189328556,0.3100942400634584,0.5712289929979582,-0.2611347529344997,0.1830758549258309,0.1879815256937171,3376.0,8.018304721746422e-24,-0.7101648351648351,5.495587631927836e-22,0.3110275189328556,0.7101648351648351,lower_in_a
D2,D1,cg23493867,91,256,0.305122118444554,0.670746309163962,-0.365624190719408,0.3488740049654857,0.6402900339970876,-0.2914160290316018,0.1955163571938737,0.1765592667637802,3360.0,8.164753937153642e-24,-0.7115384615384616,5.51672563321192e-22,0.365624190719408,0.7115384615384616,lower_in_a
D2,D1,cg16278877,91,256,0.223206923079109,0.6479567925702234,-0.4247498694911144,0.2959967137800566,0.6104862662957544,-0.3144895525156977,0.2042985122900465,0.2148657441074787,3312.0,8.625163964039185e-24,-0.7156593406593407,5.750109309359458e-22,0.4247498694911144,0.7156593406593407,lower_in_a
D2,D1,cg06580014,91,256,0.218942699538698,0.53399248340866,-0.315049783869962,0.2833692843781921,0.5451937389492564,-0.2618244545710642,0.1796965946392074,0.1847177238843871,3385.0,8.961400638507481e-24,-0.7093921703296704,5.895658314807553e-22,0.315049783869962,0.7093921703296704,lower_in_a
D2,D1,cg19624630,91,256,0.289752030660476,0.7162375448378565,-0.4264855141773805,0.3764010195867621,0.6806811271278448,-0.3042801075410827,0.2174194326128389,0.1627727430799454,3387.0,9.185456426049e-24,-0.709220467032967,5.964582094837014e-22,0.4264855141773805,0.709220467032967,lower_in_a
D2,D1,cg23173687,91,256,0.365635995046153,0.7596749768539505,-0.3940389818077974,0.4146935925767425,0.7273285042026995,-0.3126349116259569,0.2291449474423763,0.1367475931452405,3409.0,1.2047749901206177e-23,-0.7073317307692308,7.722916603337293e-22,0.3940389818077974,0.7073317307692308,lower_in_a
D2,D1,cg02320784,91,256,0.208789772060525,0.5066503124174855,-0.2978605403569605,0.2584838268114718,0.5090230059572457,-0.2505391791457739,0.1563378507016392,0.1868861226399713,3419.0,1.362548199156677e-23,-0.7064732142857143,8.623722779472637e-22,0.2978605403569605,0.7064732142857143,lower_in_a
D2,D1,cg05042749,91,256,0.322004271681391,0.655593667383784,-0.333589395702393,0.3643684406204447,0.650965827450404,-0.2865973868299592,0.1978086853690201,0.1714207366158145,3412.0,1.552939128664069e-23,-0.7070741758241759,9.70586955415043e-22,0.333589395702393,0.7070741758241759,lower_in_a
D2,D1,cg25722945,91,256,0.341548389878792,0.709565846192208,-0.368017456313416,0.3618743489989141,0.6550501337115845,-0.2931757847126704,0.1800142974816777,0.17783925489601,2900.0,1.6213738482025006e-23,-0.7510302197802198,1.000848054445988e-21,0.368017456313416,0.7510302197802198,lower_in_a
D2,D1,cg14379939,91,256,0.137891625994309,0.4869635285152225,-0.3490719025209135,0.2194589736826911,0.4780640408342861,-0.258605067151595,0.1849764043724329,0.1781131798331313,3435.0,1.6585665894771898e-23,-0.7050995879120879,1.011321091144628e-21,0.3490719025209135,0.7050995879120879,lower_in_a
D2,D1,cg20064139,91,256,0.232130828634151,0.6720451501605811,-0.43991432152643,0.3245943355389502,0.653538536773977,-0.3289442012350268,0.2255794364241083,0.2123783809884262,3366.0,1.7002601975372502e-23,-0.7110233516483517,1.0242531310465365e-21,0.43991432152643,0.7110233516483517,lower_in_a
D2,D1,cg21396630,91,256,0.448445440586078,0.8508517600378716,-0.4024063194517935,0.4880648483379418,0.793762939743494,-0.3056980914055522,0.2337507506110002,0.134736425632938,3459.0,2.2258650313051146e-23,-0.7030391483516483,1.3249196614911397e-21,0.4024063194517935,0.7030391483516483,lower_in_a
D2,D1,cg18084999,91,256,0.347330013793539,0.756881943347341,-0.409551929553802,0.4232539120313707,0.7185243923508327,-0.2952704803194619,0.2117976724818151,0.148028278294664,3469.0,2.5155119187013288e-23,-0.7021806318681318,1.4625069294775168e-21,0.409551929553802,0.7021806318681318,lower_in_a
D2,D1,cg08028452,91,256,0.283199923824386,0.6356269419891485,-0.3524270181647624,0.3434967143979419,0.6161240580963452,-0.2726273436984033,0.1796499353164724,0.1891580464308365,3469.0,2.5155119187013288e-23,-0.7021806318681318,1.4625069294775168e-21,0.3524270181647624,0.7021806318681318,lower_in_a
D2,D1,cg20377881,91,256,0.297321911720269,0.6801650423942249,-0.3828431306739559,0.3612036714587742,0.6422992127056707,-0.2810955412468965,0.1948603882377253,0.1676040842158847,3471.0,2.577770500017821e-23,-0.7020089285714286,1.4646423295555801e-21,0.3828431306739559,0.7020089285714286,lower_in_a
D2,D1,cg14113970,91,256,0.198191725549381,0.5267806143038675,-0.3285888887544864,0.2641612298526031,0.5294662760274494,-0.2653050461748463,0.1790948463178224,0.1823955514928787,3471.0,2.577770500017821e-23,-0.7020089285714286,1.4646423295555801e-21,0.3285888887544864,0.7020089285714286,lower_in_a
D2,D1,cg13913085,91,256,0.33354336909083,0.715992627247248,-0.382449258156418,0.3993925173467418,0.6802325438796633,-0.2808400265329214,0.1967708951729295,0.1632326027253421,3471.0,3.205181351802279e-23,-0.7020089285714286,1.800663680787797e-21,0.382449258156418,0.7020089285714286,lower_in_a
D2,D1,cg18010718,91,256,0.148471167818127,0.48877095587741,-0.3402997880592829,0.2142774605751245,0.5011108429537066,-0.286833382378582,0.1795097207297249,0.2353951126404616,3445.0,3.610833677832717e-23,-0.7042410714285714,2.006018709907065e-21,0.3402997880592829,0.7042410714285714,lower_in_a
D2,D1,cg26344024,91,256,0.26685164845707,0.744261103828625,-0.477409455371555,0.3755465288962907,0.6994530055729699,-0.3239064766766791,0.2375801425830392,0.1427461598997052,3484.0,3.757447086090514e-23,-0.7008928571428572,2.0645313659837988e-21,0.477409455371555,0.7008928571428572,lower_in_a
D2,D1,cg08610281,91,256,0.258750187190329,0.605599576448337,-0.3468493892580079,0.3204610596473712,0.5995007663613168,-0.2790397067139455,0.1976148711111524,0.1806752274734006,3487.0,3.897713005878781e-23,-0.7006353021978022,2.118322285803685e-21,0.3468493892580079,0.7006353021978022,lower_in_a
D2,D1,cg06850158,91,256,0.372594716116782,0.80830023179186,-0.4357055156750779,0.4533064769998948,0.750776899942816,-0.2974704229429212,0.2207959047363518,0.1552221799663275,3511.0,4.198235783407777e-23,-0.6985748626373627,2.23310414011052e-21,0.4357055156750779,0.6985748626373627,lower_in_a
D2,D1,cg12938020,91,256,0.7480042478825519,0.4238024301981525,0.3242018176843994,0.6840850461114777,0.4161768729591379,0.2679081731523398,0.1625780410954215,0.1968810662161012,19311.0,4.189010136963473e-23,0.6578811813186813,2.23310414011052e-21,0.3242018176843994,0.6578811813186813,higher_in_a
D2,D1,cg01709589,91,256,0.253601623379809,0.7069477350336415,-0.4533461116538325,0.3528776157054121,0.6719962880616406,-0.3191186723562284,0.231003942148509,0.1628581885720336,3522.0,4.798875128827765e-23,-0.6976304945054945,2.525723752014613e-21,0.4533461116538325,0.6976304945054945,lower_in_a
D2,D1,cg16758809,91,256,0.316870712481314,0.708062996898612,-0.391192284417298,0.3908740741057388,0.6826105869517703,-0.2917365128460315,0.2118673090302995,0.1658372957231301,3505.0,4.855015486042194e-23,-0.6990899725274725,2.5286538989803088e-21,0.391192284417298,0.6990899725274725,lower_in_a
D2,D1,cg16780204,91,256,0.4700101114741425,0.859130654257797,-0.3891205427836545,0.4884755562437179,0.7969472496786857,-0.3084716934349678,0.2350087991786583,0.1541375929812693,3213.0,5.2417121901619546e-23,-0.7241586538461539,2.6473293889706838e-21,0.3891205427836545,0.7241586538461539,lower_in_a
D2,D1,cg16360831,91,256,0.208050538590997,0.4951674770126675,-0.2871169384216705,0.2545727253042733,0.5103884109642672,-0.2558156856599939,0.1575112501309399,0.2016208808797823,3351.0,5.2098380183514434e-23,-0.7123111263736264,2.6473293889706838e-21,0.2871169384216705,0.7123111263736264,lower_in_a
D2,D1,cg20595750,91,256,0.21083456599809,0.476430815271445,-0.265596249273355,0.244066079578126,0.5039117064786924,-0.2598456269005664,0.148575289879186,0.2227661356822154,3475.0,5.219962965974244e-23,-0.7016655219780219,2.6473293889706838e-21,0.265596249273355,0.7016655219780219,lower_in_a
D2,D1,cg16283362,91,256,0.807728463709052,0.3628666212441845,0.4448618424648675,0.7076142563699359,0.36952933175274,0.3380849246171959,0.2224204010529286,0.2380657528642866,19567.0,6.325684913136267e-23,0.6798592032967032,3.1315271847209245e-21,0.4448618424648675,0.6798592032967032,higher_in_a
D2,D1,cg17650397,91,256,0.318956154842123,0.7020860292282469,-0.3831298743861239,0.3827614649802339,0.6612824996203415,-0.2785210346401076,0.1969495760008576,0.1820324767844552,3544.0,6.266912029162918e-23,-0.6957417582417582,3.1315271847209245e-21,0.3831298743861239,0.6957417582417582,lower_in_a
D2,D1,cg03695591,91,256,0.257782991232204,0.724033124004581,-0.466250132772377,0.3401613660099729,0.670231294888671,-0.330069928878698,0.2347923276156585,0.1907103457311745,3303.0,6.891649041307119e-23,-0.7164320054945055,3.378259333974078e-21,0.466250132772377,0.7164320054945055,lower_in_a
D2,D1,cg04470060,91,256,0.292331198279784,0.5727186604572909,-0.2803874621775069,0.3267030553773153,0.5828785886691435,-0.2561755332918282,0.1590351870327163,0.2041953897656955,3538.0,9.036246838990616e-23,-0.6962568681318682,4.3865275917430176e-21,0.2803874621775069,0.6962568681318682,lower_in_a
D2,D1,cg09382096,91,256,0.709870332873893,0.498535745689916,0.211334587183977,0.6997867523441863,0.4596783716722346,0.2401083806719517,0.1149967737345574,0.2150313644283192,19720.0,9.227965743983376e-23,0.6929945054945055,4.436521992299699e-21,0.211334587183977,0.6929945054945055,higher_in_a
D2,D1,cg19047265,91,256,0.7879657692180531,0.5988703187768025,0.1890954504412505,0.7553468277487679,0.5483963781207899,0.206950449627978,0.1246431152468863,0.2043197473860159,19530.0,9.924196062741822e-23,0.6766826923076923,4.7258076489246764e-21,0.1890954504412505,0.6766826923076923,higher_in_a
D2,D1,cg20529645,91,256,0.1624674084295635,0.562604876430193,-0.4001374680006294,0.2584465553030315,0.5455273799879835,-0.287080824684952,0.2083856309359001,0.1709271113724374,3503.0,1.132110078199376e-22,-0.6992616758241759,5.340141878298944e-21,0.4001374680006294,0.6992616758241759,lower_in_a
D2,D1,cg09807446,91,256,0.403671774321771,0.781305530535439,-0.377633756213668,0.4686509637782884,0.7602406604744557,-0.2915896966961673,0.2158716786709576,0.1548215557227397,3579.0,1.1915979336435016e-22,-0.6927369505494505,5.5682146431939315e-21,0.377633756213668,0.6927369505494505,lower_in_a
D2,D1,cg14859724,91,256,0.41529601590211,0.805034230183222,-0.3897382142811119,0.4556015637163448,0.7506000623189846,-0.2949984986026397,0.2207620716447929,0.1607971876229064,3587.0,1.3124268523575878e-22,-0.6920501373626373,6.0760502423962405e-21,0.3897382142811119,0.6920501373626373,lower_in_a
D2,D1,cg19758859,91,256,0.224333943125054,0.6482822110623435,-0.4239482679372895,0.3153814360561404,0.6153821136069497,-0.3000006775508093,0.212027826126035,0.2005654160800452,3400.0,1.4703206752496586e-22,-0.7081043956043955,6.683275796589358e-21,0.4239482679372895,0.7081043956043955,lower_in_a
D2,D1,cg20592017,91,256,0.15517923766745,0.5719501788206245,-0.4167709411531745,0.2365062593041491,0.5317358784419958,-0.2952296191378466,0.2107180107610369,0.1872959202468913,3614.0,1.4582149603069893e-22,-0.6897321428571428,6.683275796589358e-21,0.4167709411531745,0.6897321428571428,lower_in_a
D2,D1,cg10382620,91,256,0.295838122405608,0.658539748230875,-0.362701625825267,0.3708877681995127,0.6435350707946608,-0.272647302595148,0.1954373147784626,0.169849156850767,3600.0,1.5351430514269017e-22,-0.6909340659340659,6.915058790211269e-21,0.362701625825267,0.6909340659340659,lower_in_a
D2,D1,cg14497879,91,256,0.3481211531238775,0.711457527839893,-0.3633363747160155,0.3932187473933143,0.675577665062101,-0.2823589176687867,0.2089293514210609,0.1559141780116092,3531.0,1.5908091924113227e-22,-0.6968578296703296,7.038978727483729e-21,0.3633363747160155,0.6968578296703296,lower_in_a
D2,D1,cg11328898,91,256,0.220634439123176,0.561700988215425,-0.341066549092249,0.2736843834158444,0.5613556521330464,-0.2876712687172019,0.1969502845076754,0.2030869351173811,3584.0,1.5780087249268745e-22,-0.6923076923076923,7.038978727483729e-21,0.341066549092249,0.6923076923076923,lower_in_a
D2,D1,cg07010337,91,256,0.342089395897615,0.653654494210704,-0.311565098313089,0.3641905857366466,0.6316517535680198,-0.2674611678313732,0.1848792125718984,0.1697834538360339,3425.0,1.6109419852441025e-22,-0.7059581043956045,7.065535023000449e-21,0.311565098313089,0.7059581043956045,lower_in_a
D2,D1,cg18448614,91,256,0.192327873183856,0.428351718526023,-0.236023845342167,0.2324097944801958,0.457241575337039,-0.2248317808568432,0.141770435989424,0.1964361188846969,3635.0,1.876047080703668e-22,-0.6879292582417582,8.156726437842035e-21,0.236023845342167,0.6879292582417582,lower_in_a
D2,D1,cg18495484,91,256,0.1356162143585905,0.4051667809564365,-0.269550566597846,0.1795701167700965,0.4158486859071761,-0.2362785691370796,0.1372251246350776,0.1968017083210519,3293.0,2.2139385506579663e-22,-0.7172905219780219,9.542838580422267e-21,0.269550566597846,0.7172905219780219,lower_in_a
D2,D1,cg17265300,91,256,0.332506799609666,0.7406641533589204,-0.4081573537492544,0.4037397611873188,0.7112630037616804,-0.3075232425743616,0.2365339232755307,0.1280265399017484,3650.0,2.2450736234156084e-22,-0.6866414835164836,9.594331723998325e-21,0.4081573537492544,0.6866414835164836,lower_in_a
D2,D1,cg03430116,91,256,0.267993704510276,0.6423763489052805,-0.3743826443950045,0.3483598090050188,0.6270912863119453,-0.2787314773069265,0.1941648683703303,0.1859348837769041,3616.0,2.3213273271424936e-22,-0.6895604395604396,9.836132742129211e-21,0.3743826443950045,0.6895604395604396,lower_in_a
D2,D1,cg21216015,91,256,0.2242977431715375,0.559142452416398,-0.3348447092448605,0.2867702287156267,0.5480696121815314,-0.2612993834659047,0.1854493219168221,0.1829451732962899,3568.0,2.489147212432478e-22,-0.6936813186813187,1.0458601732909572e-20,0.3348447092448605,0.6936813186813187,lower_in_a
D2,D1,cg22488081,91,256,0.32437950405027,0.7026851938617265,-0.3783056898114564,0.3954660177502446,0.6767671068404211,-0.2813010890901764,0.2062778910717372,0.1720025712177666,3662.0,2.5912956505203625e-22,-0.6856112637362637,1.0797065210501511e-20,0.3783056898114564,0.6856112637362637,lower_in_a
D2,D1,cg25758137,91,256,0.263405687920862,0.616867963920612,-0.35346227599975,0.3310895955516842,0.5947554539363369,-0.2636658583846527,0.1945017922964154,0.177172182877157,3649.0,2.7654200093643015e-22,-0.6867273351648351,1.1427355410596285e-20,0.35346227599975,0.6867273351648351,lower_in_a
D2,D1,cg09102329,91,256,0.333792861229556,0.731242249277545,-0.397449388047989,0.3816674804678061,0.6704032382152368,-0.2887357577474307,0.2084562264939795,0.1768983342836452,3679.0,3.1739429973752367e-22,-0.6841517857142857,1.3007963103996871e-20,0.397449388047989,0.6841517857142857,lower_in_a
D2,D1,cg19513876,91,256,0.241640264391428,0.508558672981102,-0.266918408589674,0.2882493957466014,0.5279984505175833,-0.2397490547709818,0.1609014723430318,0.1886117557379759,3662.0,3.230861656182629e-22,-0.6856112637362637,1.3133583968222071e-20,0.266918408589674,0.6856112637362637,lower_in_a
D2,D1,cg20284937,91,256,0.305222050568324,0.722956287088956,-0.4177342365206319,0.3846323683122269,0.6796672915246462,-0.2950349232124192,0.2148107337529764,0.1762294868216773,3692.0,3.705373290783603e-22,-0.6830357142857143,1.4821493163134412e-20,0.4177342365206319,0.6830357142857143,lower_in_a
D2,D1,cg19005390,91,256,0.300636580878321,0.6143254094793116,-0.3136888286009905,0.352234617639413,0.6012888432594874,-0.2490542256200744,0.17233553328824,0.1847379617600722,3692.0,3.705373290783603e-22,-0.6830357142857143,1.4821493163134412e-20,0.3136888286009905,0.6830357142857143,lower_in_a
D2,D1,cg19076425,91,256,0.317401495883612,0.8025993398561886,-0.4851978439725766,0.3981181792437706,0.7161226427873589,-0.3180044635435883,0.2314743188179742,0.1945326892868146,3701.0,4.123963182519196e-22,-0.6822630494505495,1.636493326396506e-20,0.4851978439725766,0.6822630494505495,lower_in_a
D2,D1,cg01706334,91,256,0.544008281921483,0.900633214148943,-0.35662493222746,0.5506729581729518,0.8492725589160501,-0.2985996007430983,0.2616451620974756,0.1247505294394833,3706.0,4.376392762404295e-22,-0.6818337912087913,1.7213455760051362e-20,0.35662493222746,0.6818337912087913,lower_in_a
D2,D1,cg19854183,91,256,0.247656865640776,0.546784108530819,-0.299127242890043,0.2926278325684375,0.5469897002920266,-0.2543618677235891,0.1809465746612571,0.197684562765032,3688.0,4.406644674573149e-22,-0.6833791208791209,1.7213455760051362e-20,0.299127242890043,0.6833791208791209,lower_in_a
D2,D1,cg15950504,91,256,0.272937544577683,0.6149343512236515,-0.3419968066459685,0.3122969582056171,0.5789929506446186,-0.2666959924390015,0.1785987697772678,0.1886530494014703,3714.0,4.8124432267832e-22,-0.6811469780219781,1.865288072396589e-20,0.3419968066459685,0.6811469780219781,lower_in_a
D2,D1,cg02025737,91,256,0.2130870283982325,0.7329439389241874,-0.519856910525955,0.3287152485384105,0.673038760856902,-0.3443235123184914,0.2537411365154435,0.1917664735752064,3569.0,4.86925457068012e-22,-0.693595467032967,1.8722498011124454e-20,0.519856910525955,0.693595467032967,lower_in_a
D2,D1,cg00657674,91,256,0.304470245995571,0.662330301512873,-0.357860055517302,0.3664635904356955,0.6399436863330316,-0.2734800958973361,0.1966210360847536,0.1693092977893516,3697.0,4.905294478914608e-22,-0.682606456043956,1.8722498011124454e-20,0.357860055517302,0.682606456043956,lower_in_a
D2,D1,cg21827809,91,256,0.316744066019546,0.776078017001412,-0.4593339509818659,0.4060564644045712,0.7345570738417305,-0.3285006094371593,0.2407926007837675,0.13900875858316,3725.0,5.482983594995003e-22,-0.6802026098901099,2.0768877253768952e-20,0.4593339509818659,0.6802026098901099,lower_in_a
D2,D1,cg12522722,91,256,0.373672442817928,0.7929068753366315,-0.4192344325187035,0.4602222390823846,0.7522016416196501,-0.2919794025372654,0.2317563569261359,0.1453925464290186,3673.0,7.043987121256619e-22,-0.6846668956043955,2.6283534034539624e-20,0.4192344325187035,0.6846668956043955,lower_in_a
D2,D1,cg20837800,91,256,0.2814082493307189,0.6029415243469125,-0.3215332750161935,0.3388016436202345,0.5971990214655587,-0.2583973778453242,0.1879917796548887,0.1788303494618274,3673.0,7.043987121256619e-22,-0.6846668956043955,2.6283534034539624e-20,0.3215332750161935,0.6846668956043955,lower_in_a
D2,D1,cg15384598,91,256,0.667019800586091,0.4216229404714965,0.2453968601145945,0.643777472027806,0.3979763382811075,0.2458011337466984,0.1654793148121668,0.1922464860024912,19547.0,7.283708974083024e-22,0.6781421703296704,2.69766999040112e-20,0.2453968601145945,0.6781421703296704,higher_in_a
D2,D1,cg03498091,91,256,0.331023431547669,0.76799184438434,-0.436968412836671,0.4153686044170625,0.7099560619679901,-0.2945874575509276,0.2209415092114268,0.1568796651984257,3732.0,7.434075492081154e-22,-0.6796016483516483,2.733115989735718e-20,0.436968412836671,0.6796016483516483,lower_in_a
D2,D1,cg21287554,91,256,0.321929917106349,0.737912200348947,-0.415982283242598,0.4099982644256215,0.7141862771273418,-0.3041880127017203,0.2303021363495264,0.158499426519453,3696.0,7.564084740901853e-22,-0.6826923076923077,2.7406104133702373e-20,0.415982283242598,0.6826923076923077,lower_in_a
D2,D1,cg09866101,91,256,0.384591048520377,0.7272744103686786,-0.3426833618483015,0.4245764823462631,0.6952770490031118,-0.2707005666568487,0.200013184159714,0.166806935763754,3752.0,7.54646859836774e-22,-0.6778846153846154,2.7406104133702373e-20,0.3426833618483015,0.6778846153846154,lower_in_a
D2,D1,cg03866600,91,256,0.40232897523561,0.787338327969238,-0.3850093527336279,0.4576071740142273,0.7577417098768364,-0.3001345358626091,0.2348305035885077,0.1393730808418418,3753.0,7.6361225813071575e-22,-0.6777987637362637,2.746806683923437e-20,0.3850093527336279,0.6777987637362637,lower_in_a
D2,D1,cg01571956,91,256,0.3373267691186224,0.727474528602913,-0.3901477594842905,0.3955515479423719,0.6852383852812018,-0.2896868373388299,0.2206064472261573,0.1498399727903351,3626.0,7.763871726418332e-22,-0.6887019230769231,2.7602358515561014e-20,0.3901477594842905,0.6887019230769231,lower_in_a
D2,D1,cg09159452,91,256,0.371294884309678,0.707140621288963,-0.335845736979285,0.4082586860575186,0.6855336067521425,-0.2772749206946239,0.2141764913242421,0.1654765270572665,3663.0,7.783865101388203e-22,-0.6855254120879121,2.7602358515561014e-20,0.335845736979285,0.6855254120879121,lower_in_a
D2,D1,cg13266188,91,256,0.28447646016191,0.8036399513432775,-0.5191634911813674,0.3969030169463428,0.7353753703566572,-0.3384723534103144,0.2608988181071845,0.1788651497715116,3758.0,8.100446500060234e-22,-0.6773695054945055,2.852269894387406e-20,0.5191634911813674,0.6773695054945055,lower_in_a
D2,D1,cg26683252,91,256,0.157296107971385,0.473385388515337,-0.316089280543952,0.2297949200695003,0.4934568146886696,-0.2636618946191693,0.2089678206530825,0.2247692123203397,3668.0,8.262151104763847e-22,-0.6850961538461539,2.888864022644702e-20,0.316089280543952,0.6850961538461539,lower_in_a
D2,D1,cg21919492,91,256,0.264417577167834,0.573989044756261,-0.309571467588427,0.3180287064289157,0.5699458926005676,-0.2519171861716519,0.1759700646591857,0.1797167422300053,3743.0,8.46862504314054e-22,-0.6786572802197802,2.940494806646021e-20,0.309571467588427,0.6786572802197802,lower_in_a
D2,D1,cg07997634,91,256,0.27485344376571,0.6969294975985201,-0.42207605383281,0.3696394224935857,0.6680563395297241,-0.2984169170361384,0.2299625645927694,0.1558612778051605,3763.0,8.592689477791966e-22,-0.6769402472527473,2.962996371652402e-20,0.42207605383281,0.6769402472527473,lower_in_a
D2,D1,cg02527886,91,256,0.2706229357314965,0.7659547126720895,-0.495331776940593,0.3584969298804417,0.7182487888580392,-0.3597518589775975,0.2680366102820978,0.2214179690373614,3511.0,9.18593222412363e-22,-0.6985748626373627,3.145867200042339e-20,0.495331776940593,0.6985748626373627,lower_in_a
D2,D1,cg13800802,91,256,0.275760017153378,0.6795187563148815,-0.4037587391615034,0.3587504305779145,0.6407545801413848,-0.2820041495634702,0.2178502483781139,0.1576197221721692,3773.0,9.667667741710245e-22,-0.6760817307692308,3.288322361125933e-20,0.4037587391615034,0.6760817307692308,lower_in_a
D2,D1,cg20583060,91,256,0.280594788156394,0.670123194254609,-0.389528406098215,0.3490401605161702,0.6389130159034746,-0.2898728553873044,0.2215534355660876,0.1691318863748077,3760.0,1.0354078029502553e-21,-0.6771978021978022,3.4979993342914033e-20,0.389528406098215,0.6771978021978022,lower_in_a
D2,D1,cg11616651,91,256,0.687632052749644,0.463817660419898,0.2238143923297459,0.6593354021212112,0.428565009638946,0.2307703924822651,0.1298508158638973,0.2021804765586358,19515.0,1.062257935863303e-21,0.6753949175824177,3.56462394585001e-20,0.2238143923297459,0.6753949175824177,higher_in_a
D2,D1,cg27291539,91,256,0.309379718034108,0.615544080162804,-0.306164362128696,0.3464269902965382,0.6004305634293298,-0.2540035731327916,0.1637311328796451,0.1864333069596121,3619.0,1.3660768715636344e-21,-0.6893028846153846,4.5535895718787813e-20,0.306164362128696,0.6893028846153846,lower_in_a
D2,D1,cg07861603,91,256,0.13299376693132,0.5136846444511389,-0.3806908775198189,0.234382148895329,0.5046624398942287,-0.2702802909988996,0.2161127951944916,0.1907022052430384,3804.0,1.391920515267928e-21,-0.6734203296703296,4.6090083287017477e-20,0.3806908775198189,0.6734203296703296,lower_in_a
D2,D1,cg10456990,91,256,0.70820110702608,0.4201478733058745,0.2880532337202054,0.6647788037159184,0.4043684215775649,0.2604103821383534,0.1841706222090225,0.2053797580759668,19485.0,1.511030865037737e-21,0.6728193681318682,4.970496266571504e-20,0.2880532337202054,0.6728193681318682,higher_in_a
D2,D1,cg24504942,91,256,0.241486327407318,0.6180571209618485,-0.3765707935545305,0.3237933311662497,0.6056375604473406,-0.2818442292810909,0.221984223579909,0.2047902372143497,3780.0,1.638538707128816e-21,-0.6754807692307692,5.354701657283712e-20,0.3765707935545305,0.6754807692307692,lower_in_a
D2,D1,cg09414280,91,256,0.252247624859518,0.5646661380505045,-0.3124185131909864,0.3068088014577803,0.5605185710804989,-0.2537097696227185,0.1749825825382333,0.1987614875722211,3823.0,1.7391232109930686e-21,-0.6717891483516483,5.646503931795678e-20,0.3124185131909864,0.6717891483516483,lower_in_a
D2,D1,cg13692426,91,256,0.268312479038869,0.767717739349009,-0.49940526031014,0.377672999930236,0.721827084163565,-0.3441540842333289,0.2611053263763322,0.1709787146810491,3477.0,1.7875618208160582e-21,-0.7014938186813187,5.729364810307879e-20,0.49940526031014,0.7014938186813187,lower_in_a
D2,D1,cg16557698,91,256,0.347506568912649,0.7324329050886825,-0.3849263361760335,0.4165776037241388,0.6972287731278763,-0.2806511694037375,0.2182933406477272,0.1563623144227663,3825.0,1.7803181282157408e-21,-0.671617445054945,5.729364810307879e-20,0.3849263361760335,0.671617445054945,lower_in_a
D2,D1,cg19366147,91,256,0.405378501589066,0.84323079051733,-0.4378522889282639,0.4943007654141945,0.806674051809095,-0.3123732863949005,0.2528586026683637,0.1179011699789563,3813.0,1.932365094963996e-21,-0.6726476648351649,6.15402896485349e-20,0.4378522889282639,0.6726476648351649,lower_in_a
D2,D1,cg02599006,91,256,0.353539126002804,0.774927522209336,-0.421388396206532,0.4439609364545526,0.7185598256764145,-0.2745988892218619,0.2177395050759234,0.1566409020501516,3834.0,1.9779659255109727e-21,-0.6708447802197802,6.182007849465364e-20,0.421388396206532,0.6708447802197802,lower_in_a
D2,D1,cg09130728,91,256,0.383793205595323,0.774407219280243,-0.39061401368492,0.439744087302255,0.7257742251023015,-0.2860301378000464,0.2242103107234811,0.1547791167298331,3815.0,1.978242511828917e-21,-0.6724759615384616,6.182007849465364e-20,0.39061401368492,0.6724759615384616,lower_in_a
D2,D1,cg27651243,91,256,0.586486370191965,0.239768579835934,0.346717790356031,0.5389128433755607,0.2725680879461695,0.2663447554293911,0.2037694715322079,0.1741246975515151,19462.0,1.9779659255109727e-21,0.6708447802197801,6.182007849465364e-20,0.346717790356031,0.6708447802197801,higher_in_a
D2,D1,cg05836184,91,256,0.351615651852792,0.697156413236791,-0.345540761383999,0.389553995674583,0.6480597334922269,-0.2585057378176439,0.1892373892803889,0.1737969140126703,3836.0,2.024753100601832e-21,-0.6706730769230769,6.288053107459104e-20,0.345540761383999,0.6706730769230769,lower_in_a
D2,D1,cg16679302,91,256,0.264817965952951,0.766515614580495,-0.501697648627544,0.3743663356574692,0.7017502717186385,-0.3273839360611692,0.2481166317536931,0.1997732740066539,3747.0,2.109228485892717e-21,-0.6783138736263736,6.470026030345759e-20,0.501697648627544,0.6783138736263736,lower_in_a
D2,D1,cg07284231,91,256,0.382864168747116,0.7213215987529644,-0.3384574300058484,0.4188627252345867,0.6926791654967875,-0.2738164402622008,0.2080989342994017,0.1692674785993602,3725.0,2.100529154559904e-21,-0.6802026098901099,6.470026030345759e-20,0.3384574300058484,0.6802026098901099,lower_in_a
D2,D1,cg01589353,91,256,0.241671967474994,0.734331379903473,-0.492659412428479,0.3568812823093163,0.688988042080208,-0.3321067597708916,0.2580107238737144,0.1950894335040263,3842.0,2.171783882910401e-21,-0.670157967032967,6.621292325946345e-20,0.492659412428479,0.670157967032967,lower_in_a
D2,D1,cg10505610,91,256,0.182205324161518,0.5555355421574979,-0.3733302179959799,0.2576060429060827,0.5300471355270218,-0.272441092620939,0.210696280019952,0.1909142055047382,3847.0,2.3023405151746103e-21,-0.6697287087912087,6.976789439923061e-20,0.3733302179959799,0.6697287087912087,lower_in_a
D2,D1,cg17829746,91,256,0.242480350407939,0.4763575944603495,-0.2338772440524105,0.2905943123051109,0.5202239550382857,-0.2296296427331747,0.1742587710592014,0.2042975463803588,3849.0,2.356710751346259e-21,-0.6695570054945055,7.098526359476683e-20,0.2338772440524105,0.6695570054945055,lower_in_a
D2,D1,cg03310087,91,256,0.353519095731212,0.871155263076903,-0.5176361673456911,0.4655041245288422,0.8130241908733341,-0.3475200663444919,0.2663089776344876,0.1431162581459081,3839.0,2.6203774654408348e-21,-0.6704155219780219,7.845441513295913e-20,0.5176361673456911,0.6704155219780219,lower_in_a
D2,D1,cg01720945,91,256,0.358967352032744,0.719657667492846,-0.360690315460102,0.4140229803616101,0.6963329026877171,-0.2823099223261069,0.2148159979663818,0.1986858502958004,3862.0,2.7424138026829557e-21,-0.6684409340659341,8.161945841318322e-20,0.360690315460102,0.6684409340659341,lower_in_a
D2,D1,cg04388226,91,256,0.119130008626479,0.3585398345829945,-0.2394098259565155,0.168272325550766,0.3919231285582359,-0.2236508030074698,0.1432594524679724,0.2024179515474328,3715.0,2.8081345629910184e-21,-0.6810611263736264,8.30809042305035e-20,0.2394098259565155,0.6810611263736264,lower_in_a
D2,D1,cg19418273,91,256,0.359169721223675,0.804475907138269,-0.445306185914594,0.4378110156644302,0.7494393115181802,-0.3116282958537499,0.2507375773641314,0.1524255641586415,3854.0,3.122333033400282e-21,-0.6691277472527473,9.183332451177301e-20,0.445306185914594,0.6691277472527473,lower_in_a
D2,D1,cg23676302,91,256,0.772705126432074,0.5296215040731524,0.2430836223589215,0.7293533149299339,0.5010808335528326,0.2282724813771013,0.1457198206489849,0.2063989941156474,19410.0,3.625573998389613e-21,0.6663804945054945,1.0601093562542729e-19,0.2430836223589215,0.6663804945054945,higher_in_a
D2,D1,cg03446876,91,256,0.2594283692303025,0.5610554560512491,-0.3016270868209466,0.3161453511896278,0.5763484629166538,-0.260203111727026,0.1948791691080224,0.2121406307664709,3817.0,3.850071729097418e-21,-0.6723042582417582,1.1192068979934356e-19,0.3016270868209466,0.6723042582417582,lower_in_a
D2,D1,cg21044434,91,256,0.288789939859313,0.6462667079080779,-0.3574767680487649,0.3497114509033223,0.6210205459900873,-0.271309095086765,0.2102308182121092,0.1654093362652751,3892.0,3.8871425952825535e-21,-0.6658653846153846,1.1234516171336858e-19,0.3574767680487649,0.6658653846153846,lower_in_a
D2,D1,cg05000761,91,256,0.301649043395712,0.677943597556231,-0.376294554160519,0.3659524733836489,0.6472800034907525,-0.2813275301071036,0.2137752570337919,0.1753830401254983,3876.0,4.035101295543779e-21,-0.667239010989011,1.159511866535569e-19,0.376294554160519,0.667239010989011,lower_in_a
D2,D1,cg12930930,91,256,0.2245648022532635,0.526157275940918,-0.3015924736876545,0.2726981288877056,0.5149737368485185,-0.2422756079608129,0.1631189015863326,0.191485223972674,3803.0,4.075646444398343e-21,-0.6735061813186813,1.1644704126852408e-19,0.3015924736876545,0.6735061813186813,lower_in_a
D2,D1,cg09251600,91,256,0.404919957964102,0.749848316985062,-0.34492835902096,0.4663188117898564,0.734329510024659,-0.2680106982348025,0.2116082551855078,0.1717738978566279,3900.0,4.2651382999158856e-21,-0.6651785714285714,1.2116870170215586e-19,0.34492835902096,0.6651785714285714,lower_in_a
D2,D1,cg25496467,91,256,0.343286977905024,0.6419192668703124,-0.2986322889652884,0.3792396379460589,0.6279746025607582,-0.2487349646146993,0.166358048269937,0.1902096292939832,3901.0,4.3148736837888215e-21,-0.6650927197802198,1.2188908711267857e-19,0.2986322889652884,0.6650927197802198,lower_in_a
D2,D1,cg10375964,91,256,0.303316363787718,0.596512499397602,-0.293196135609884,0.3542699222286583,0.6016776819275804,-0.2474077596989221,0.1883899572670798,0.1819880225146998,3904.0,4.467547465758405e-21,-0.6648351648351649,1.2549290634152825e-19,0.293196135609884,0.6648351648351649,lower_in_a
D2,D1,cg03322979,91,256,0.350428576815355,0.702916863221875,-0.3524882864065199,0.4037178022478418,0.6823944500727287,-0.2786766478248869,0.2021382399811104,0.1902049578347915,3688.0,4.8320990684368e-21,-0.6833791208791209,1.3497483431387711e-19,0.3524882864065199,0.6833791208791209,lower_in_a
D2,D1,cg02969422,91,256,0.276307527169183,0.678189846314326,-0.401882319145143,0.3593251995099355,0.6454084939752522,-0.2860832944653167,0.2223988846431858,0.167357622944776,3915.0,5.074471988268065e-21,-0.6638907967032968,1.4095755522966848e-19,0.401882319145143,0.6638907967032968,lower_in_a
D2,D1,cg13542073,91,256,0.34592600277126,0.7895364558324021,-0.443610453061142,0.4493336053100077,0.7483649087781186,-0.2990313034681108,0.2381874721168919,0.1447331195185772,3917.0,5.1932721134080224e-21,-0.6637190934065934,1.4346055561900617e-19,0.443610453061142,0.6637190934065934,lower_in_a
D2,D1,cg04860563,91,256,0.393342105569417,0.7483735206306315,-0.3550314150612144,0.4332191847140509,0.7074458515755053,-0.2742266668614544,0.2174258323231095,0.1562391107470058,3815.0,5.8554815037406135e-21,-0.6724759615384616,1.6086487647639048e-19,0.3550314150612144,0.6724759615384616,lower_in_a
D2,D1,cg10532833,91,256,0.177292923250145,0.3870344548686455,-0.2097415316185005,0.2097941080567058,0.4250917615287954,-0.2152976534720896,0.1280353279831783,0.2027074746474937,3891.0,6.0124598077559184e-21,-0.6659512362637363,1.6427485813540765e-19,0.2097415316185005,0.6659512362637363,lower_in_a
D2,D1,cg25554212,91,256,0.386926427117998,0.807923633289649,-0.420997206171651,0.4600537077147842,0.7633812465608208,-0.3033275388460366,0.242347594081447,0.1300076845034171,3911.0,6.0590355213134116e-21,-0.6642342032967032,1.6464770438351666e-19,0.420997206171651,0.6642342032967032,lower_in_a
D2,D1,cg04562683,91,256,0.371167824065457,0.746686047543228,-0.375518223477771,0.407736738593605,0.702142966395285,-0.2944062278016799,0.2296928617911386,0.1835143833018734,3893.0,6.1539252625859504e-21,-0.665779532967033,1.663223043942149e-19,0.375518223477771,0.665779532967033,lower_in_a
D2,D1,cg11418389,91,256,0.208667352705138,0.490064875328441,-0.281397522623303,0.2560395265658365,0.5089011412519147,-0.2528616146860781,0.1818147526231434,0.2130574378629236,3913.0,6.201094116866489e-21,-0.6640625,1.6669607841038948e-19,0.281397522623303,0.6640625,lower_in_a
D2,D1,cg01430970,91,256,0.249698019371209,0.621889889084564,-0.372191869713355,0.314708297665967,0.598658037930265,-0.283949740264298,0.2170818658044453,0.1862704360757432,3940.0,6.7738527155513366e-21,-0.6617445054945055,1.8111905656554376e-19,0.372191869713355,0.6617445054945055,lower_in_a
D2,D1,cg09280800,91,256,0.276354139327979,0.602884431572769,-0.3265302922447901,0.3283003217085424,0.58536085537633,-0.2570605336677876,0.1767015354009616,0.2042166526983425,3947.0,7.343263068324805e-21,-0.661143543956044,1.9529954968948951e-19,0.3265302922447901,0.661143543956044,lower_in_a
D2,D1,cg08160706,91,256,0.262126157004728,0.547005575967142,-0.284879418962414,0.3142623241975585,0.554379259791784,-0.2401169355942254,0.1790393139191315,0.1912361524317098,3933.0,7.815840614102504e-21,-0.662345467032967,2.06768270214352e-19,0.284879418962414,0.662345467032967,lower_in_a
D2,D1,cg16252110,91,256,0.259274461993943,0.517044644223436,-0.257770182229493,0.2952638462083609,0.5386121351224888,-0.2433482889141279,0.162312237416584,0.1969779596434912,3675.0,8.063106288173997e-21,-0.6844951923076923,2.1218700758352625e-19,0.257770182229493,0.6844951923076923,lower_in_a
D2,D1,cg06368184,91,256,0.74583381805442,0.4514284350654655,0.2944053829889544,0.682427510945648,0.4408812844369131,0.2415462265087348,0.1632175736344339,0.1979488231632808,19339.0,8.239696687525602e-21,0.6602850274725274,2.1569886616559168e-19,0.2944053829889544,0.6602850274725274,higher_in_a
D2,D1,cg09787236,91,256,0.315334388234215,0.679706600112638,-0.3643722118784229,0.3841647155162959,0.6531015931290862,-0.2689368776127903,0.2104197481477947,0.1598975015287363,3949.0,9.40150072650408e-21,-0.6609718406593407,2.448307480860437e-19,0.3643722118784229,0.6609718406593407,lower_in_a
D2,D1,cg12813797,91,256,0.295577922175203,0.8133887924186716,-0.5178108702434685,0.4294498061391367,0.7627827760380416,-0.3333329698989048,0.267000717941604,0.1452646549085347,3969.0,9.459187724382544e-21,-0.6592548076923077,2.4505667679747533e-19,0.5178108702434685,0.6592548076923077,lower_in_a
D2,D1,cg01128482,91,256,0.770859738554325,0.543736922308162,0.227122816246163,0.7310836063356769,0.4977911223271306,0.2332924840085463,0.1495351557235119,0.2256829300141133,19252.0,9.845254453067338e-21,0.6528159340659341,2.5374367147080766e-19,0.227122816246163,0.6528159340659341,higher_in_a
D2,D1,cg18690282,91,256,0.319329620777725,0.65837098320901,-0.339041362431285,0.3904475205882582,0.6497809635071465,-0.2593334429188883,0.208911220786771,0.1656291168512595,3958.0,1.042916985005705e-20,-0.6601991758241759,2.674146115399244e-19,0.339041362431285,0.6601991758241759,lower_in_a
D2,D1,cg06485308,91,256,0.27593949375586,0.623974645857525,-0.348035152101665,0.3420249087768742,0.6026874384547989,-0.2606625296779247,0.2000213460791362,0.1818169328627708,3981.0,1.0856876268430214e-20,-0.6582245879120879,2.756139690103924e-19,0.348035152101665,0.6582245879120879,lower_in_a
D2,D1,cg14972210,91,256,0.201418460401044,0.509685482724472,-0.308267022323428,0.267368685897468,0.5337811558500188,-0.2664124699525508,0.1901662917229896,0.218777656798403,3942.0,1.085919037900946e-20,-0.6615728021978022,2.756139690103924e-19,0.308267022323428,0.6615728021978022,lower_in_a
D2,D1,cg23325197,91,256,0.256066907657103,0.583837611060149,-0.327770703403046,0.312933803005483,0.5673812816756473,-0.2544474786701642,0.1913577928913532,0.180389297278054,3972.0,1.2252604458290416e-20,-0.6589972527472527,3.0940920349218223e-19,0.327770703403046,0.6589972527472527,lower_in_a
D2,D1,cg02479842,91,256,0.217920521924886,0.499884920328504,-0.281964398403618,0.2843395349535776,0.5265471757373965,-0.2422076407838188,0.1922879107164885,0.1964316640437678,3978.0,1.312746470513256e-20,-0.6584821428571428,3.298357966113709e-19,0.281964398403618,0.6584821428571428,lower_in_a
D2,D1,cg04847841,91,256,0.305955573038163,0.6676061240207924,-0.3616505509826294,0.3721088609776094,0.6417340420239639,-0.2696251810463544,0.2088871065320101,0.1823416955754467,3999.0,1.3344728941886699e-20,-0.6566792582417582,3.319584313902164e-19,0.3616505509826294,0.6566792582417582,lower_in_a
