contrast_a,contrast_b,ID_REF,n_a,n_b,median_a,median_b,delta_median_a_minus_b,mean_a,mean_b,delta_mean_a_minus_b,std_a,std_b,u_statistic,p_value,rank_biserial,q_value_bh,abs_delta_median,abs_rank_biserial,ID
D3,D2,cg10456990,16,91,0.1921570759824655,0.70820110702608,-0.5160440310436145,0.2443753002748592,0.6647788037159184,-0.4204035034410591,0.1543573523530625,0.1841706222090225,93.0,2.9766246644292884e-08,-0.8722527472527473,2.1049786685141124e-05,0.5160440310436145,0.8722527472527473,cg10456990
D3,D2,cg19498960,16,91,0.181845432114747,0.690628374554718,-0.508782942439971,0.247989003703637,0.6427975595451373,-0.3948085558415002,0.1406724008203338,0.1838746186526026,103.0,4.8849249867931744e-08,-0.8585164835164836,2.1049786685141124e-05,0.508782942439971,0.8585164835164836,cg19498960
D3,D2,cg23352271,16,91,0.8761217915756074,0.385275567056638,0.4908462245189694,0.8451333902943498,0.4569679665520264,0.3881654237423233,0.0643721613304111,0.2167931489624822,1377.0,1.46933699609745e-08,0.8914835164835164,2.1049786685141124e-05,0.4908462245189694,0.8914835164835164,cg23352271
D3,D2,cg12522722,16,91,0.8588646381747456,0.373672442817928,0.4851921953568175,0.8409369566019642,0.4602222390823846,0.3807147175195796,0.0608620738899131,0.2317563569261359,1338.0,5.0519488044338695e-08,0.8379120879120878,2.1049786685141124e-05,0.4851921953568175,0.8379120879120878,cg12522722
D3,D2,cg20377881,16,91,0.776807981436928,0.297321911720269,0.4794860697166589,0.736322961464724,0.3612036714587742,0.3751192900059498,0.0820283828531013,0.1948603882377253,1357.0,4.0104303789916034e-08,0.864010989010989,2.1049786685141124e-05,0.4794860697166589,0.864010989010989,cg20377881
D3,D2,cg19193931,16,91,0.270846362199717,0.731376576894462,-0.460530214694745,0.3297777682387662,0.70274851714869,-0.3729707489099237,0.1685523452888505,0.1428391968993708,84.0,1.8938604469403082e-08,-0.8846153846153846,2.1049786685141124e-05,0.460530214694745,0.8846153846153846,cg19193931
D3,D2,cg22274813,16,91,0.2568664937091655,0.704717352867637,-0.4478508591584715,0.2945626519729753,0.6575551710896836,-0.3629925191167083,0.1603427240926351,0.1571103389988554,101.0,4.426789407811965e-08,-0.8612637362637363,2.1049786685141124e-05,0.4478508591584715,0.8612637362637363,cg22274813
D3,D2,cg00440195,16,91,0.9155831955158924,0.472848660398797,0.4427345351170955,0.8975112231414102,0.5140967512093614,0.3834144719320488,0.0498801694290408,0.2315411060854204,1328.0,4.066074638553008e-08,0.8241758241758241,2.1049786685141124e-05,0.4427345351170955,0.8241758241758241,cg00440195
D3,D2,cg05404847,16,91,0.658397998335559,0.235599754740038,0.422798243595521,0.648813451240089,0.2841385014445584,0.3646749497955306,0.1138138948468211,0.1630120338202043,1370.0,2.095138869330852e-08,0.8818681318681318,2.1049786685141124e-05,0.422798243595521,0.8818681318681318,cg05404847
D3,D2,cg04212450,16,91,0.6638717970997385,0.263261531573024,0.4006102655267145,0.6630000398887742,0.3128835535299757,0.3501164863587985,0.1455838188584454,0.1653771516640899,1360.0,3.456229193683801e-08,0.8681318681318682,2.1049786685141124e-05,0.4006102655267145,0.8681318681318682,cg04212450
D3,D2,cg09382096,16,91,0.3366384264446305,0.709870332873893,-0.3732319064292625,0.3624282375028755,0.6997867523441863,-0.3373585148413107,0.1921775068016371,0.1149967737345574,96.0,3.456229193683801e-08,-0.8681318681318682,2.1049786685141124e-05,0.3732319064292625,0.8681318681318682,cg09382096
D3,D2,cg15384598,16,91,0.326131768348277,0.667019800586091,-0.340888032237814,0.3043122632145533,0.643777472027806,-0.3394652088132527,0.1453637329646767,0.1654793148121668,97.0,3.632153856421252e-08,-0.8667582417582418,2.1049786685141124e-05,0.340888032237814,0.8667582417582418,cg15384598
D3,D2,cg26738530,16,91,0.6857302439181285,0.215008907239853,0.4707213366782755,0.6175716170672308,0.2652660296547093,0.3523055874125215,0.1569700216183386,0.1666495763773883,1349.0,5.9430518990059976e-08,0.8530219780219781,2.2857891919253835e-05,0.4707213366782755,0.8530219780219781,cg26738530
D3,D2,cg18010718,16,91,0.6741397909979561,0.148471167818127,0.5256686231798291,0.6308532345510943,0.2142774605751245,0.4165757739759698,0.2346175851314834,0.1795097207297249,1342.0,8.351902848559233e-08,0.8434065934065933,2.6099696401747604e-05,0.5256686231798291,0.8434065934065933,cg18010718
D3,D2,cg08066129,16,91,0.251145943209097,0.713078191425739,-0.461932248216642,0.2748340197162228,0.6670225675848291,-0.3921885478686063,0.1531779230113036,0.1918150022000138,108.0,8.091218744007379e-08,-0.8516483516483516,2.6099696401747604e-05,0.461932248216642,0.8516483516483516,cg08066129
D3,D2,cg15368264,16,91,0.701733098839326,0.260153972886593,0.441579125952733,0.6662907186074055,0.3150277347529177,0.3512629838544878,0.1273754601381819,0.1762653332250195,1344.0,7.580968130777246e-08,0.8461538461538463,2.6099696401747604e-05,0.441579125952733,0.8461538461538463,cg15368264
D3,D2,cg05341786,16,91,0.7759524894887275,0.292546608452877,0.4834058810358505,0.7199784493699537,0.3501251703343351,0.3698532790356186,0.1600693241400442,0.1805526416295842,1326.0,9.113279134008568e-08,0.8214285714285714,2.6338865616962624e-05,0.4834058810358505,0.8214285714285714,cg05341786
D3,D2,cg16252110,16,91,0.661410607708941,0.259274461993943,0.402136145714998,0.6378803301427398,0.2952638462083609,0.3426164839343789,0.1603809751518461,0.162312237416584,1311.0,9.481991622106545e-08,0.8008241758241759,2.6338865616962624e-05,0.402136145714998,0.8008241758241759,cg16252110
D3,D2,cg25279739,16,91,0.837082012319408,0.257507569608942,0.5795744427104661,0.749179394880512,0.3366665296392009,0.4125128652413111,0.1790819915743254,0.1908628565163688,1332.0,1.3494569724763276e-07,0.8296703296703296,2.6989139449526557e-05,0.5795744427104661,0.8296703296703296,cg25279739
D3,D2,cg23729283,16,91,0.7579431460583594,0.249857927135499,0.5080852189228604,0.696030885096311,0.3223652682798231,0.3736656168164878,0.1294008954659977,0.1907564106681008,1333.0,1.286667708975874e-07,0.831043956043956,2.6989139449526557e-05,0.5080852189228604,0.831043956043956,cg23729283
D3,D2,cg05042749,16,91,0.769883544634552,0.322004271681391,0.447879272953161,0.7340685070040232,0.3643684406204447,0.3697000663835784,0.1566088512284721,0.1978086853690201,1332.0,1.3494569724763276e-07,0.8296703296703296,2.6989139449526557e-05,0.447879272953161,0.8296703296703296,cg05042749
D3,D2,cg15655935,16,91,0.753220328661333,0.329242199566548,0.423978129094785,0.7150075994439957,0.3642238079565988,0.3507837914873969,0.1418977925218959,0.1904001646062518,1332.0,1.3494569724763276e-07,0.8296703296703296,2.6989139449526557e-05,0.423978129094785,0.8296703296703296,cg15655935
D3,D2,cg12930930,16,91,0.6163903653038421,0.2245648022532635,0.3918255630505786,0.6076753530236122,0.2726981288877056,0.3349772241359066,0.158325521612741,0.1631189015863326,1320.0,1.219015457938972e-07,0.8131868131868132,2.6989139449526557e-05,0.3918255630505786,0.8131868131868132,cg12930930
D3,D2,cg03243893,16,91,0.651796515174178,0.280708959052293,0.371087556121885,0.6542545632631538,0.3230743072226331,0.3311802560405206,0.1073373490472983,0.1794424004678922,1337.0,1.0626109469683612e-07,0.8365384615384615,2.6989139449526557e-05,0.371087556121885,0.8365384615384615,cg03243893
D3,D2,cg24080247,16,91,0.31956991213422,0.678224183366346,-0.358654271232126,0.3105312570068431,0.6416950562635986,-0.3311637992567554,0.1544490217530371,0.167738238741455,122.0,1.22670916219514e-07,-0.8324175824175825,2.6989139449526557e-05,0.358654271232126,0.8324175824175825,cg24080247
D3,D2,cg07615087,16,91,0.2076268404810174,0.739420748222885,-0.5317939077418674,0.2743885941587716,0.6611329027028208,-0.3867443085440492,0.1736925679283694,0.190253506637095,132.0,1.9703482300980256e-07,-0.8186813186813187,2.744117829594444e-05,0.5317939077418674,0.8186813186813187,cg07615087
D3,D2,cg03195147,16,91,0.792917886628324,0.264662977944653,0.528254908683671,0.7408414963872619,0.3480578588401344,0.3927836375471275,0.1267378649873472,0.2080811987539516,1312.0,1.7890299526524385e-07,0.8021978021978022,2.744117829594444e-05,0.528254908683671,0.8021978021978022,cg03195147
D3,D2,cg19624630,16,91,0.774371165219813,0.289752030660476,0.484619134559337,0.7465811685633731,0.3764010195867621,0.370180148976611,0.0989107955151116,0.2174194326128389,1322.0,2.1643009052694115e-07,0.8159340659340659,2.744117829594444e-05,0.484619134559337,0.8159340659340659,cg19624630
D3,D2,cg05624196,16,91,0.693772353748236,0.211363518897063,0.482408834851173,0.6702249409878894,0.2881815244284932,0.3820434165593962,0.0992482575869786,0.193188143761367,1326.0,1.7932458081781974e-07,0.8214285714285714,2.744117829594444e-05,0.482408834851173,0.8214285714285714,cg05624196
D3,D2,cg23720929,16,91,0.694038867900147,0.224739009739418,0.469299858160729,0.649432644574509,0.2954624136647552,0.3539702309097538,0.1029210831571013,0.186613706476417,1319.0,2.4902257121484297e-07,0.8118131868131868,2.744117829594444e-05,0.469299858160729,0.8118131868131868,cg23720929
D3,D2,cg24298423,16,91,0.799435990748316,0.338053840257923,0.4613821504903929,0.7617611875102073,0.4106528158685337,0.3511083716416736,0.1214088241963413,0.2077665451073822,1318.0,2.609044620125095e-07,0.8104395604395604,2.744117829594444e-05,0.4613821504903929,0.8104395604395604,cg24298423
D3,D2,cg24216893,16,91,0.695534143036847,0.237139584644982,0.458394558391865,0.6730477233642784,0.3022161291960232,0.3708315941682552,0.1285140287822304,0.1994922617344608,1329.0,1.5561235353051557e-07,0.8255494505494505,2.744117829594444e-05,0.458394558391865,0.8255494505494505,cg24216893
D3,D2,cg10559585,16,91,0.582811464406485,0.133922469959834,0.448888994446651,0.5540045724195491,0.2066085993751984,0.3473959730443506,0.1387802688062355,0.1914745888805436,1318.0,2.609044620125095e-07,0.8104395604395604,2.744117829594444e-05,0.448888994446651,0.8104395604395604,cg10559585
D3,D2,cg27232401,16,91,0.688830868859008,0.2423899167345884,0.4464409521244195,0.6425510615160973,0.2892849718135601,0.3532660897025372,0.1252672260393764,0.1802792363219456,1239.0,2.467144736539703e-07,0.7019230769230769,2.744117829594444e-05,0.4464409521244195,0.7019230769230769,cg27232401
D3,D2,cg20595750,16,91,0.6535514197639589,0.21083456599809,0.4427168537658689,0.6067396867812664,0.244066079578126,0.3626736072031404,0.1900675518963448,0.148575289879186,1326.0,1.7932458081781974e-07,0.8214285714285714,2.744117829594444e-05,0.4427168537658689,0.8214285714285714,cg20595750
D3,D2,cg19446340,16,91,0.7284986633961545,0.289882035653136,0.4386166277430185,0.6846715753730183,0.3396431549216669,0.3450284204513513,0.1339016568993428,0.1869057130943699,1320.0,2.3766422106371735e-07,0.8131868131868132,2.744117829594444e-05,0.4386166277430185,0.8131868131868132,cg19446340
D3,D2,cg11328898,16,91,0.6560879897230545,0.220634439123176,0.4354535505998784,0.6431306906060291,0.2736843834158444,0.3694463071901847,0.1440830160031019,0.1969502845076754,1329.0,1.5561235353051557e-07,0.8255494505494505,2.744117829594444e-05,0.4354535505998784,0.8255494505494505,cg11328898
D3,D2,cg26002568,16,91,0.7038085393414215,0.2697900747397125,0.434018464601709,0.6675471381166613,0.3314845790211323,0.336062559095529,0.1476134243952578,0.182209984706934,1304.0,2.6129264465602266e-07,0.7912087912087913,2.744117829594444e-05,0.434018464601709,0.7912087912087913,cg26002568
D3,D2,cg08701134,16,91,0.8716289471367675,0.442661402062021,0.4289675450747465,0.8171328443629976,0.4796996630579335,0.3374331813050641,0.1220412806469072,0.2039816894931964,1327.0,1.7105668200982728e-07,0.8228021978021978,2.744117829594444e-05,0.4289675450747465,0.8228021978021978,cg08701134
D3,D2,cg18712566,16,91,0.7441363813581481,0.322753229920017,0.4213831514381311,0.7187541588225461,0.3766849124169862,0.3420692464055598,0.1357577060507425,0.1783334894716644,1325.0,1.879781934331027e-07,0.820054945054945,2.744117829594444e-05,0.4213831514381311,0.820054945054945,cg18712566
D3,D2,cg26474717,16,91,0.67881319599586,0.262113512119275,0.4166996838765849,0.6581661020007938,0.3124977599963315,0.3456683420044623,0.1643751122618258,0.1809104023149519,1303.0,2.738693194300309e-07,0.7898351648351649,2.744117829594444e-05,0.4166996838765849,0.7898351648351649,cg26474717
D3,D2,cg19005390,16,91,0.709264831186505,0.300636580878321,0.4086282503081839,0.6756761424963021,0.352234617639413,0.3234415248568891,0.138428741031458,0.17233553328824,1318.0,2.609044620125095e-07,0.8104395604395604,2.744117829594444e-05,0.4086282503081839,0.8104395604395604,cg19005390
D3,D2,cg21245684,16,91,0.6648093259895095,0.261108506454019,0.4037008195354905,0.6592539455634275,0.3027493307639963,0.3565046147994312,0.1331521911498014,0.1803832525147391,1322.0,2.1643009052694115e-07,0.8159340659340659,2.744117829594444e-05,0.4037008195354905,0.8159340659340659,cg21245684
D3,D2,cg10294939,16,91,0.8049682688042235,0.41487025912257,0.3900980096816534,0.7849913138540078,0.4258614929847752,0.3591298208692325,0.0809071616000117,0.2217661849648977,1314.0,1.6261564842505468e-07,0.804945054945055,2.744117829594444e-05,0.3900980096816534,0.804945054945055,cg10294939
D3,D2,cg06017143,16,91,0.6529129572677435,0.272841227939068,0.3800717293286754,0.6236234971662293,0.3205886935343695,0.3030348036318598,0.1694155816861372,0.1696639610450555,1317.0,2.733330765358042e-07,0.8090659340659341,2.744117829594444e-05,0.3800717293286754,0.8090659340659341,cg06017143
D3,D2,cg09169764,16,91,0.5603077457310175,0.183711707244252,0.3765960384867655,0.5499953921350692,0.2395412181159167,0.3104541740191524,0.1710437619696599,0.1555197366955042,1319.0,2.4902257121484297e-07,0.8118131868131868,2.744117829594444e-05,0.3765960384867655,0.8118131868131868,cg09169764
D3,D2,cg01900397,16,91,0.602540518998276,0.236756604873556,0.36578391412472,0.632337401232562,0.2989795371750199,0.333357864057542,0.1596290238940475,0.1724020113091564,1319.0,2.4902257121484297e-07,0.8118131868131868,2.744117829594444e-05,0.36578391412472,0.8118131868131868,cg01900397
D3,D2,cg06368184,16,91,0.4014136093954015,0.74583381805442,-0.3444202086590184,0.3813276964915185,0.682427510945648,-0.3010998144541295,0.1394612799606762,0.1632175736344339,131.0,1.879781934331027e-07,-0.820054945054945,2.744117829594444e-05,0.3444202086590184,0.820054945054945,cg06368184
D3,D2,cg07264876,16,91,0.5067698504445606,0.197167669061124,0.3096021813834365,0.5589539357680692,0.2511102321191457,0.3078437036489235,0.1423807938536465,0.16918997732575,1323.0,2.0651251560630659e-07,0.8173076923076923,2.744117829594444e-05,0.3096021813834365,0.8173076923076923,cg07264876
D3,D2,cg20637405,16,91,0.5320507498487046,0.236511150998459,0.2955395988502456,0.551106722654795,0.2715761572125478,0.2795305654422471,0.1781509337976732,0.1284853105077954,1289.0,2.744117829594444e-07,0.7706043956043955,2.744117829594444e-05,0.2955395988502456,0.7706043956043955,cg20637405
D3,D2,cg05388880,16,91,0.7220703674160796,0.2563703245981095,0.46570004281797,0.6775886765281542,0.3318995870219629,0.3456890895061913,0.1579890025924054,0.1842577745104247,1302.0,2.870296841412866e-07,0.7884615384615385,2.7599008090508326e-05,0.46570004281797,0.7884615384615385,cg05388880
D3,D2,cg00141929,16,91,0.6861673243162435,0.292314641783131,0.3938526825331125,0.6822715588233668,0.3440332887576072,0.3382382700657595,0.1644177471535508,0.1717728995606841,1316.0,2.863325792315387e-07,0.8076923076923077,2.7599008090508326e-05,0.3938526825331125,0.8076923076923077,cg00141929
D3,D2,cg17650397,16,91,0.765944439208512,0.318956154842123,0.446988284366389,0.7296059562641721,0.3827614649802339,0.3468444912839382,0.140750211258599,0.1969495760008576,1314.0,3.141460520063174e-07,0.804945054945055,2.8558732000574308e-05,0.446988284366389,0.804945054945055,cg17650397
D3,D2,cg00425843,16,91,0.7268959055126355,0.305545298265441,0.4213506072471945,0.6952591243888323,0.3580682886334168,0.3371908357554155,0.1366400712745382,0.1935564626292113,1314.0,3.141460520063174e-07,0.804945054945055,2.8558732000574308e-05,0.4213506072471945,0.804945054945055,cg00425843
D3,D2,cg06145336,16,91,0.4623170873588484,0.774825441972188,-0.3125083546133395,0.4502842225165721,0.7425980445342939,-0.2923138220177218,0.1935089826785451,0.1385521052057546,142.0,3.141460520063174e-07,-0.804945054945055,2.8558732000574308e-05,0.3125083546133395,0.804945054945055,cg06145336
D3,D2,cg09319828,16,91,0.7602576676650374,0.289535176497508,0.4707224911675294,0.6986858211660013,0.3372503228699814,0.3614354982960199,0.1945981186729491,0.1751555672216657,1299.0,3.30278672361338e-07,0.7843406593406594,2.948916717511947e-05,0.4707224911675294,0.7843406593406594,cg09319828
D3,D2,cg08708778,16,91,0.8069309628236581,0.283844223128846,0.523086739694812,0.7397755215896081,0.350038915769647,0.3897366058199611,0.1716378240531651,0.2022696880280918,1312.0,3.445593604243691e-07,0.8021978021978022,2.951604467120496e-05,0.523086739694812,0.8021978021978022,cg08708778
D3,D2,cg05040893,16,91,0.729775793279469,0.267828862408588,0.4619469308708809,0.6923491301723889,0.3456718615479403,0.3466772686244485,0.1279290311228856,0.1943654199097239,1310.0,3.778053717914235e-07,0.7994505494505495,2.951604467120496e-05,0.4619469308708809,0.7994505494505495,cg05040893
D3,D2,cg10505610,16,91,0.630790434706499,0.182205324161518,0.4485851105449809,0.6231879471595071,0.2576060429060827,0.3655819042534243,0.1329825789301084,0.210696280019952,1312.0,3.445593604243691e-07,0.8021978021978022,2.951604467120496e-05,0.4485851105449809,0.8021978021978022,cg10505610
D3,D2,cg00657674,16,91,0.747134859937293,0.304470245995571,0.442664613941722,0.7074188969562378,0.3664635904356955,0.3409553065205423,0.1297685301142954,0.1966210360847536,1310.0,3.778053717914235e-07,0.7994505494505495,2.951604467120496e-05,0.442664613941722,0.7994505494505495,cg00657674
D3,D2,cg21110092,16,91,0.719118757608647,0.280305011685687,0.4388137459229599,0.680026917497589,0.3236093674567657,0.3564175500408233,0.1602643130632944,0.1854457001830796,1144.0,3.645503343793403e-07,0.5714285714285714,2.951604467120496e-05,0.4388137459229599,0.5714285714285714,cg21110092
D3,D2,cg10119001,16,91,0.771434245621742,0.363385692511824,0.408048553109918,0.7391397233926759,0.3813478884767872,0.3577918349158887,0.1551473586122402,0.2088181866924987,1242.0,3.522946784641865e-07,0.706043956043956,2.951604467120496e-05,0.408048553109918,0.706043956043956,cg10119001
D3,D2,cg14302471,16,91,0.804567212077288,0.400742120379668,0.40382509169762,0.7901841101101332,0.4432086776209996,0.3469754324891336,0.083687656570852,0.2385777711647986,1310.0,3.778053717914235e-07,0.7994505494505495,2.951604467120496e-05,0.40382509169762,0.7994505494505495,cg14302471
D3,D2,cg17551891,16,91,0.676866638933606,0.327795858186888,0.349070780746718,0.6758715701325256,0.3681979592931798,0.3076736108393458,0.1182868865000831,0.1868710586028221,1310.0,3.778053717914235e-07,0.7994505494505495,2.951604467120496e-05,0.349070780746718,0.7994505494505495,cg17551891
D3,D2,cg27651243,16,91,0.191682684867094,0.586486370191965,-0.394803685324871,0.2119439111286572,0.5389128433755607,-0.3269689322469034,0.130303055745449,0.2037694715322079,147.0,3.9556880487255923e-07,-0.7980769230769231,3.013836321636746e-05,0.394803685324871,0.7980769230769231,cg27651243
D3,D2,cg12934366,16,91,0.457474487110174,0.1485021818301115,0.3089723052800625,0.5230416950587636,0.2177552043951108,0.3052864906636527,0.1955894263516021,0.1839458165861448,1295.0,3.9782639445605043e-07,0.7788461538461537,3.013836321636746e-05,0.3089723052800625,0.7788461538461537,cg12934366
D3,D2,cg23387692,16,91,0.7416930742303309,0.276356835820655,0.4653362384096759,0.6918363162455758,0.3476581502559424,0.3441781659896334,0.1255554045539907,0.2036308251188178,1308.0,4.141368331492566e-07,0.7967032967032968,3.0451237731562985e-05,0.4653362384096759,0.7967032967032968,cg23387692
D3,D2,cg20773915,16,91,0.685988828672898,0.252086542116569,0.433902286556329,0.6494476188985564,0.3102575933446368,0.3391900255539196,0.1754873083817283,0.1857518522989569,1308.0,4.141368331492566e-07,0.7967032967032968,3.0451237731562985e-05,0.433902286556329,0.7967032967032968,cg20773915
D3,D2,cg14289852,16,91,0.793939103190195,0.33669540288705,0.457243700303145,0.7315837041556827,0.3956125069478222,0.3359711972078605,0.1368360475668858,0.2001498868091506,1307.0,4.335444196932562e-07,0.7953296703296704,3.1416262296612766e-05,0.457243700303145,0.7953296703296704,cg14289852
D3,D2,cg07152817,16,91,0.7342403601431224,0.313422899283594,0.4208174608595284,0.6876845314476148,0.3619764997344988,0.3257080317131159,0.1574310085956483,0.1797929532124839,1292.0,4.570456507626678e-07,0.7747252747252746,3.264611791161913e-05,0.4208174608595284,0.7747252747252746,cg07152817
D3,D2,cg20064139,16,91,0.73797584807781,0.232130828634151,0.505845019443659,0.7356743861333157,0.3245943355389502,0.4110800505943655,0.1904788499351779,0.2255794364241083,1291.0,4.786111057155747e-07,0.7733516483516483,3.370500744475878e-05,0.505845019443659,0.7733516483516483,cg20064139
D3,D2,cg20507963,16,91,0.272624167597145,0.75658845198555,-0.483964284388405,0.3396563980416302,0.685789582541214,-0.3461331844995838,0.1863999463140775,0.1799900781568203,152.0,4.97176251120104e-07,-0.7912087912087912,3.405316788493863e-05,0.483964284388405,0.7912087912087912,cg20507963
D3,D2,cg01430970,16,91,0.685373879901742,0.249698019371209,0.435675860530533,0.6815889136075668,0.314708297665967,0.3668806159415998,0.09553367640194,0.2170818658044453,1304.0,4.97176251120104e-07,0.7912087912087913,3.405316788493863e-05,0.435675860530533,0.7912087912087913,cg01430970
D3,D2,cg13800802,16,91,0.7576420285609564,0.275760017153378,0.4818820114075784,0.7224253741546148,0.3587504305779145,0.3636749435767002,0.1330958519318396,0.2178502483781139,1302.0,5.445041723208193e-07,0.7884615384615385,3.421883681526899e-05,0.4818820114075784,0.7884615384615385,cg13800802
D3,D2,cg16600501,16,91,0.749160434579306,0.303750790903139,0.445409643676167,0.7155555549198565,0.357523241440937,0.3580323134789194,0.1530541942613389,0.2167263109733567,1302.0,5.445041723208193e-07,0.7884615384615385,3.421883681526899e-05,0.445409643676167,0.7884615384615385,cg16600501
D3,D2,cg03430116,16,91,0.7004535845609645,0.267993704510276,0.4324598800506885,0.68080678385553,0.3483598090050188,0.3324469748505111,0.1540963215452504,0.1941648683703303,1303.0,5.203215654361011e-07,0.7898351648351649,3.421883681526899e-05,0.4324598800506885,0.7898351648351649,cg03430116
D3,D2,cg22120395,16,91,0.7805102622755891,0.375218362621543,0.405291899654046,0.7388967868475153,0.396231193406612,0.3426655934409032,0.1397199981312502,0.2079836874846297,1303.0,5.203215654361011e-07,0.7898351648351649,3.421883681526899e-05,0.405291899654046,0.7898351648351649,cg22120395
D3,D2,cg02120470,16,91,0.6846847911581055,0.30834258537972,0.3763422057783855,0.6833293847208304,0.3762101716037507,0.3071192131170796,0.1573092143841235,0.1828951635700761,1302.0,5.445041723208193e-07,0.7884615384615385,3.421883681526899e-05,0.3763422057783855,0.7884615384615385,cg02120470
D3,D2,cg19526685,16,91,0.571907726843666,0.211100606884836,0.3608071199588299,0.5670205360954309,0.2633846753829323,0.3036358607124985,0.1402215557366202,0.1793378329389884,1303.0,5.203215654361011e-07,0.7898351648351649,3.421883681526899e-05,0.3608071199588299,0.7898351648351649,cg19526685
D3,D2,cg19212767,16,91,0.5821528321273395,0.244366578273393,0.3377862538539464,0.5819641196023142,0.2768215010603823,0.3051426185419318,0.1929419264661205,0.1416614576447183,1274.0,5.543451564073577e-07,0.75,3.421883681526899e-05,0.3377862538539464,0.75,cg19212767
D3,D2,cg11222703,16,91,0.6490514087749355,0.3884365035320165,0.2606149052429189,0.6620402780060375,0.3576401442588499,0.3044001337471875,0.1043643873036431,0.2082869011214496,1288.0,5.493586621168255e-07,0.7692307692307692,3.421883681526899e-05,0.2606149052429189,0.7692307692307692,cg11222703
D3,D2,cg24496563,16,91,0.788134419276194,0.2251304060764924,0.5630040131997015,0.7570154899159727,0.3384910265251075,0.4185244633908652,0.1181774962645797,0.24595434969851,1287.0,5.751064867501901e-07,0.7678571428571428,3.5067468704279884e-05,0.5630040131997015,0.7678571428571428,cg24496563
D3,D2,cg18084999,16,91,0.7875885789424415,0.347330013793539,0.4402585651489025,0.7683800303570387,0.4232539120313707,0.345126118325668,0.1028387437216996,0.2117976724818151,1300.0,5.961613276211642e-07,0.7857142857142858,3.5485793310783584e-05,0.4402585651489025,0.7857142857142858,cg18084999
D3,D2,cg26782825,16,91,0.8181352091673975,0.385687163859741,0.4324480453076564,0.747723160715397,0.410603253480079,0.337119907235318,0.1784398544425525,0.1978310171928138,1300.0,5.961613276211642e-07,0.7857142857142858,3.5485793310783584e-05,0.4324480453076564,0.7857142857142858,cg26782825
D3,D2,cg09421126,16,91,0.7956349902474635,0.308086225706017,0.4875487645414465,0.7316275517247055,0.3847427724641054,0.3468847792606001,0.142905859756713,0.2119953972508445,1299.0,6.237305402963571e-07,0.7843406593406594,3.626340350560216e-05,0.4875487645414465,0.7843406593406594,cg09421126
D3,D2,cg01706334,16,91,0.9155431096862,0.544008281921483,0.371534827764717,0.8799821228872752,0.5506729581729518,0.3293091647143233,0.0898694201235075,0.2616451620974756,1299.0,6.237305402963571e-07,0.7843406593406594,3.626340350560216e-05,0.371534827764717,0.7843406593406594,cg01706334
D3,D2,cg26864714,16,91,0.866040075675387,0.418511777252907,0.44752829842248,0.8279423249719424,0.4436771218544462,0.3842652031174962,0.1342744622188965,0.2557337149363633,1298.0,6.525265180270057e-07,0.7829670329670331,3.665879314758459e-05,0.44752829842248,0.7829670329670331,cg26864714
D3,D2,cg19854183,16,91,0.5957699961961405,0.247656865640776,0.3481131305553644,0.5953987828099888,0.2926278325684375,0.3027709502415513,0.1939362651615019,0.1809465746612571,1298.0,6.525265180270057e-07,0.7829670329670331,3.665879314758459e-05,0.3481131305553644,0.7829670329670331,cg19854183
D3,D2,cg23676302,16,91,0.4275165206664509,0.772705126432074,-0.345188605765623,0.4357179388328104,0.7293533149299339,-0.2936353760971235,0.2164952369582506,0.1457198206489849,158.0,6.525265180270057e-07,-0.782967032967033,3.665879314758459e-05,0.345188605765623,0.782967032967033,cg23676302
D3,D2,cg12684958,16,91,0.783414871631319,0.3111232048879925,0.4722916667433264,0.7415234955179285,0.3869995876102705,0.354523907907658,0.1323568884776366,0.2211976044258441,1283.0,6.902243587421455e-07,0.7623626373626373,3.79244153155025e-05,0.4722916667433264,0.7623626373626373,cg12684958
D3,D2,cg01010328,16,91,0.63252610782678,0.245973975033266,0.3865521327935139,0.6295692188189368,0.3016338959885725,0.3279353228303642,0.1898674422508856,0.175181322625108,1283.0,6.902243587421455e-07,0.7623626373626373,3.79244153155025e-05,0.3865521327935139,0.7623626373626373,cg01010328
D3,D2,cg14379939,16,91,0.491929257651575,0.137891625994309,0.354037631657266,0.5271903992065664,0.2194589736826911,0.3077314255238753,0.1203112516827516,0.1849764043724329,1296.0,7.140100637790572e-07,0.7802197802197801,3.880489477060094e-05,0.354037631657266,0.7802197802197801,cg14379939
D3,D2,cg16518165,16,91,0.75545290361561,0.312829391723854,0.442623511891756,0.7059252995588735,0.3817038611962947,0.3242214383625788,0.1194352618299574,0.2014803031166475,1295.0,7.46808668861344e-07,0.7788461538461537,4.01510037022228e-05,0.442623511891756,0.7788461538461537,cg16518165
D3,D2,cg06850158,16,91,0.8476463880346314,0.372594716116782,0.4750516719178494,0.7976394768184613,0.4533064769998948,0.3443329998185664,0.1529798836415606,0.2207959047363518,1294.0,7.810562790265071e-07,0.7774725274725274,4.110822521192143e-05,0.4750516719178494,0.7774725274725274,cg06850158
D3,D2,cg13913085,16,91,0.7986727265275015,0.33354336909083,0.4651293574366715,0.727120725245022,0.3993925173467418,0.3277282078982801,0.1593005649002431,0.1967708951729295,1294.0,7.810562790265071e-07,0.7774725274725274,4.110822521192143e-05,0.4651293574366715,0.7774725274725274,cg13913085
D3,D2,cg03534360,16,91,0.7541221739841231,0.280136189536457,0.473985984447666,0.6887178649131507,0.3140333504578218,0.3746845144553288,0.1651637916892767,0.19633210851065,1293.0,8.16814180807316e-07,0.776098901098901,4.125324145491496e-05,0.473985984447666,0.776098901098901,cg03534360
D3,D2,cg26720125,16,91,0.2636508063128685,0.71774835655001,-0.4540975502371415,0.3359834642543373,0.6573527299755957,-0.3213692657212583,0.2061950387936489,0.1735716873607782,163.0,8.16814180807316e-07,-0.7760989010989011,4.125324145491496e-05,0.4540975502371415,0.7760989010989011,cg26720125
D3,D2,cg07284231,16,91,0.798887097529998,0.382864168747116,0.416022928782882,0.743018479923927,0.4188627252345867,0.3241557546893402,0.1357260831339802,0.2080989342994017,1293.0,8.16814180807316e-07,0.776098901098901,4.125324145491496e-05,0.416022928782882,0.776098901098901,cg07284231
D3,D2,cg13941436,16,91,0.8501785242946089,0.450187685654356,0.3999908386402529,0.7964675845637823,0.4641242634385686,0.3323433211252137,0.1390351187017032,0.2229384424776334,1293.0,8.16814180807316e-07,0.776098901098901,4.125324145491496e-05,0.3999908386402529,0.776098901098901,cg13941436
D3,D2,cg18267436,16,91,0.8157969089332919,0.336323844445166,0.4794730644881259,0.7853517908424855,0.4309067470071096,0.3544450438353759,0.0972363594813529,0.2264834442868375,1292.0,8.541461278419173e-07,0.7747252747252746,4.146340426417074e-05,0.4794730644881259,0.7747252747252746,cg18267436
D3,D2,cg16360831,16,91,0.6440109812537316,0.208050538590997,0.4359604426627346,0.5875407563643328,0.2545727253042733,0.3329680310600595,0.1978587275301174,0.1575112501309399,1265.0,8.382988738442014e-07,0.7376373626373627,4.146340426417074e-05,0.4359604426627346,0.7376373626373627,cg16360831
D3,D2,cg03142256,16,91,0.7070338217112395,0.303285837942436,0.4037479837688035,0.6618236912107913,0.3546283564641315,0.3071953347466598,0.1311923991588555,0.1916651485395667,1292.0,8.541461278419173e-07,0.7747252747252746,4.146340426417074e-05,0.4037479837688035,0.7747252747252746,cg03142256
D3,D2,cg06316886,16,91,0.372285460495965,0.68007153212974,-0.307786071633775,0.3527233292289057,0.6562249964406476,-0.3035016672117419,0.1815579012169189,0.1811952851735418,164.0,8.541461278419173e-07,-0.7747252747252747,4.146340426417074e-05,0.307786071633775,0.7747252747252747,cg06316886
D3,D2,cg04388226,16,91,0.5306355298456025,0.119130008626479,0.4115055212191235,0.4977826730630997,0.168272325550766,0.3295103475123337,0.197830090959681,0.1432594524679724,1277.0,9.054661946388364e-07,0.7541208791208791,4.35320285884056e-05,0.4115055212191235,0.7541208791208791,cg04388226
D3,D2,cg25734089,16,91,0.6817143560467425,0.259195641068274,0.4225187149784685,0.6285261551562626,0.325517841983779,0.3030083131724836,0.1590965954148622,0.1883454217447734,1290.0,9.338000737785772e-07,0.7719780219780219,4.446667017993225e-05,0.4225187149784685,0.7719780219780219,cg25734089
D3,D2,cg23840812,16,91,0.8027856834979079,0.357492988583555,0.4452926949143529,0.7633836764048517,0.4236608429938753,0.3397228334109763,0.1338427404433443,0.2186472832328768,1289.0,9.7626277628522e-07,0.7706043956043955,4.600714877117164e-05,0.4452926949143529,0.7706043956043955,cg23840812
D3,D2,cg09559196,16,91,0.493496773440513,0.166078111841631,0.327418661598882,0.4808000099069504,0.2172508952791338,0.2635491146278165,0.1566486166307999,0.1586982053426431,1223.0,9.845529837030732e-07,0.679945054945055,4.600714877117164e-05,0.327418661598882,0.679945054945055,cg09559196
D3,D2,cg18336878,16,91,0.740104713305614,0.308575972446801,0.431528740858813,0.6743708400444322,0.3502934589265322,0.3240773811178999,0.1558996613869694,0.2020484577250585,1288.0,1.0205811359050736e-06,0.7692307692307692,4.7249126662271926e-05,0.431528740858813,0.7692307692307692,cg18336878
D3,D2,cg06614118,16,91,0.814149203047289,0.372832631257507,0.441316571789782,0.7406159389552744,0.4076129671433473,0.3330029718119271,0.1393855096158368,0.2060637431308529,1105.0,1.0394279325547634e-06,0.5178571428571428,4.7680180392420346e-05,0.441316571789782,0.5178571428571428,cg06614118
D3,D2,cg01720945,16,91,0.811534885551856,0.358967352032744,0.452567533519112,0.7738746092012236,0.4140229803616101,0.3598516288396134,0.1615172563543025,0.2148159979663818,1287.0,1.0668327167819825e-06,0.7678571428571428,4.8055527782972186e-05,0.452567533519112,0.7678571428571428,cg01720945
D3,D2,cg01676105,16,91,0.185162685563711,0.57779393254451,-0.3926312469807989,0.2515670496069269,0.5576332840780996,-0.3060662344711727,0.1696722191299359,0.1637387857725223,169.0,1.0668327167819825e-06,-0.7678571428571428,4.8055527782972186e-05,0.3926312469807989,0.7678571428571428,cg01676105
D3,D2,cg19961800,16,91,0.687640689093601,0.1464128044521395,0.5412278846414615,0.6348411138169399,0.2155760758126385,0.4192650380043013,0.2084552491002254,0.2037004335966742,1273.0,1.0834440290263747e-06,0.7486263736263736,4.8368037010106014e-05,0.5412278846414615,0.7486263736263736,cg19961800
D3,D2,cg15877425,16,91,0.717706952389495,0.180860021696512,0.5368469306929831,0.6562373328296012,0.2364726632369685,0.4197646695926327,0.2031084268818211,0.1924961089418605,1259.0,1.100633839729041e-06,0.7293956043956045,4.870061237739119e-05,0.5368469306929831,0.7293956043956045,cg15877425
D3,D2,cg08610281,16,91,0.720451383740468,0.258750187190329,0.461701196550139,0.6577818140846904,0.3204610596473712,0.3373207544373191,0.1584161875794333,0.1976148711111524,1286.0,1.115098165022811e-06,0.7664835164835164,4.890781425538645e-05,0.461701196550139,0.7664835164835164,cg08610281
D3,D2,cg21216015,16,91,0.6571301746707565,0.2242977431715375,0.432832431499219,0.5933761412453346,0.2867702287156267,0.3066059125297078,0.1693942995504152,0.1854493219168221,1272.0,1.1329437680179869e-06,0.7472527472527473,4.925842469643421e-05,0.432832431499219,0.7472527472527473,cg21216015
D3,D2,cg19076425,16,91,0.8400154193628115,0.317401495883612,0.5226139234791995,0.7902374186087257,0.3981181792437706,0.3921192393649551,0.142493466388258,0.2314743188179742,1285.0,1.1654613241496686e-06,0.7651098901098901,4.980603949357558e-05,0.5226139234791995,0.7651098901098901,cg19076425
D3,D2,cg08688169,16,91,0.611416780588075,0.201937846553137,0.409478934034938,0.6142592503097073,0.2637891880949468,0.3504700622147604,0.1965434357203765,0.1938549824937155,1285.0,1.1654613241496686e-06,0.7651098901098901,4.980603949357558e-05,0.409478934034938,0.7651098901098901,cg08688169
D3,D2,cg14433497,16,91,0.3083775699056905,0.707079195955786,-0.3987016260500955,0.3114480797054152,0.670266851878565,-0.3588187721731498,0.2461286752112767,0.1833747208696598,172.0,1.218009354581968e-06,-0.7637362637362637,5.1176863637897816e-05,0.3987016260500955,0.7637362637362637,cg14433497
D3,D2,cg05676570,16,91,0.6519270187482435,0.264042410180055,0.3878846085681885,0.6450967497507732,0.3182765714032347,0.3268201783475385,0.1674549676109152,0.1815027693250489,1284.0,1.218009354581968e-06,0.7637362637362637,5.1176863637897816e-05,0.3878846085681885,0.7637362637362637,cg05676570
D3,D2,cg09237447,16,91,0.7730791285596854,0.398016691949691,0.3750624366099944,0.7172252861936753,0.3996111176313605,0.3176141685623148,0.1320113600879125,0.2009784844100323,1283.0,1.2728328572769656e-06,0.7623626373626373,5.303470238654023e-05,0.3750624366099944,0.7623626373626373,cg09237447
D3,D2,cg16278877,16,91,0.815837891845802,0.223206923079109,0.5926309687666931,0.7253369184825833,0.2959967137800566,0.4293402047025266,0.2174858085945166,0.2042985122900465,1217.0,1.2963319588324835e-06,0.6717032967032968,5.356743631539188e-05,0.5926309687666931,0.6717032967032968,cg16278877
D3,D2,cg13945749,16,91,0.9144376118875136,0.440724911993056,0.4737126998944574,0.8358256282749054,0.4921697298968825,0.3436558983780228,0.1644397024428829,0.2301214011802446,1282.0,1.3300260016612405e-06,0.760989010989011,5.406609762850571e-05,0.4737126998944574,0.760989010989011,cg13945749
D3,D2,cg01787382,16,91,0.6048793468432185,0.169539029480174,0.4353403173630445,0.5518877537796242,0.2201566109876648,0.3317311427919593,0.1836333105100157,0.1508377591663236,1282.0,1.3300260016612405e-06,0.760989010989011,5.406609762850571e-05,0.4353403173630445,0.760989010989011,cg01787382
D3,D2,cg19432505,16,91,0.9161339910451404,0.385256001395839,0.5308779896493014,0.8753449144542866,0.4869983608104198,0.3883465536438668,0.0746237199087241,0.2613241177701714,1281.0,1.3896866579891714e-06,0.7596153846153846,5.495694584922268e-05,0.5308779896493014,0.7596153846153846,cg19432505
D3,D2,cg25722945,16,91,0.8008435654881829,0.341548389878792,0.4592951756093909,0.7157572017694884,0.3618743489989141,0.3538828527705743,0.2030615442019323,0.1800142974816777,1199.0,1.4178892029099453e-06,0.6469780219780219,5.495694584922268e-05,0.4592951756093909,0.6469780219780219,cg25722945
D3,D2,cg20005074,16,91,0.604824513021595,0.182105739332984,0.422718773688611,0.5860355640263308,0.2534744300351665,0.3325611339911642,0.1767075033828586,0.2088002826357601,1267.0,1.4149066408558702e-06,0.7403846153846154,5.495694584922268e-05,0.422718773688611,0.7403846153846154,cg20005074
D3,D2,cg21081729,16,91,0.8526517316983195,0.481318648589479,0.3713330831088405,0.8441619683564974,0.508946454755164,0.3352155136013334,0.0642456006706453,0.2421780239369869,1267.0,1.4149066408558702e-06,0.7403846153846154,5.495694584922268e-05,0.3713330831088405,0.7403846153846154,cg21081729
D3,D2,cg12938020,16,91,0.4132612686152845,0.7480042478825519,-0.3347429792672674,0.3895820172219543,0.6840850461114777,-0.2945030288895233,0.1970720818833384,0.1625780410954215,173.0,1.4149066408558702e-06,-0.7623626373626373,5.495694584922268e-05,0.3347429792672674,0.7623626373626373,cg12938020
D3,D2,cg25670974,16,91,0.5614909824532025,0.267405492470696,0.2940854899825065,0.5814979700044021,0.316994699585312,0.26450327041909,0.1881177550868959,0.1673103963706555,1281.0,1.3896866579891714e-06,0.7596153846153846,5.495694584922268e-05,0.2940854899825065,0.7596153846153846,cg25670974
D3,D2,cg20529645,16,91,0.586065293045218,0.1624674084295635,0.4235978846156545,0.5970252906952727,0.2584465553030315,0.3385787353922411,0.0827224642998563,0.2083856309359001,1201.0,1.492790313448679e-06,0.6497252747252746,5.7415012055718415e-05,0.4235978846156545,0.6497252747252746,cg20529645
D3,D2,cg26866325,16,91,0.708740415901802,0.274541557012429,0.434198858889373,0.6844291481766676,0.3481480581657628,0.3362810900109048,0.1175667118561641,0.2217994203364542,1279.0,1.5168213178958224e-06,0.7568681318681318,5.7455352950599335e-05,0.434198858889373,0.7568681318681318,cg26866325
D3,D2,cg16758809,16,91,0.7459751185184915,0.316870712481314,0.4291044060371775,0.7091559351709957,0.3908740741057388,0.3182818610652569,0.1366099798449575,0.2118673090302995,1279.0,1.5168213178958224e-06,0.7568681318681318,5.7455352950599335e-05,0.4291044060371775,0.7568681318681318,cg16758809
D3,D2,cg00833639,16,91,0.798577289653707,0.4184134180145445,0.3801638716391625,0.7455491222462006,0.4187338536317867,0.3268152686144139,0.1684078849757178,0.2241816974591108,1263.0,1.687934571902744e-06,0.7348901098901099,6.345618691363699e-05,0.3801638716391625,0.7348901098901099,cg00833639
D3,D2,cg09280800,16,91,0.6599298172969319,0.276354139327979,0.3835756779689529,0.633957462607507,0.3283003217085424,0.3056571408989645,0.1764720806537907,0.1767015354009616,1276.0,1.728704789302482e-06,0.7527472527472527,6.402610330749934e-05,0.3835756779689529,0.7527472527472527,cg09280800
D3,D2,cg12249516,16,91,0.7368285401404986,0.354120226779057,0.3827083133614415,0.6902611022598765,0.3885835711064671,0.3016775311534094,0.1418548633981189,0.200360584695615,1276.0,1.728704789302482e-06,0.7527472527472527,6.402610330749934e-05,0.3827083133614415,0.7527472527472527,cg12249516
D3,D2,cg07010337,16,91,0.7551622224179655,0.342089395897615,0.4130728265203505,0.6812606206768046,0.3641905857366466,0.3170700349401579,0.1772275011361226,0.1848792125718984,1248.0,1.800138745342565e-06,0.7142857142857142,6.541488759863612e-05,0.4130728265203505,0.7142857142857142,cg07010337
D3,D2,cg18944653,16,91,0.7840730539116509,0.416958917382214,0.3671141365294369,0.7499625491235659,0.4462670476891315,0.3036955014344343,0.1019751984003861,0.2182992790295324,1275.0,1.805450897722357e-06,0.7513736263736264,6.541488759863612e-05,0.3671141365294369,0.7513736263736264,cg18944653
D3,D2,cg18011760,16,91,0.584872888844808,0.241421154461325,0.343451734383483,0.5857255773549795,0.2893359206658218,0.2963896566891577,0.1839679617179479,0.1526991027779029,1275.0,1.805450897722357e-06,0.7513736263736264,6.541488759863612e-05,0.343451734383483,0.7513736263736264,cg18011760
D3,D2,cg21873275,16,91,0.771619935943183,0.3282313160242019,0.443388619918981,0.7454565928987119,0.3614000736398088,0.384056519258903,0.1451510601440695,0.2233192841006699,1033.0,1.939486078145396e-06,0.418956043956044,6.836392219233619e-05,0.443388619918981,0.418956043956044,cg21873275
D3,D2,cg24995678,16,91,0.729611965248499,0.326007296056567,0.403604669191932,0.6711281057819181,0.3685036198105829,0.3026244859713351,0.1462532026506745,0.1959866481138336,1260.0,1.9252351735393853e-06,0.7307692307692308,6.836392219233619e-05,0.403604669191932,0.7307692307692308,cg24995678
D3,D2,cg25890678,16,91,0.8109902923233455,0.430359581499589,0.3806307108237565,0.8021331277385702,0.4630100514720718,0.3391230762664983,0.0784965835288459,0.2385754111153105,1273.0,1.9688809591392823e-06,0.7486263736263736,6.836392219233619e-05,0.3806307108237565,0.7486263736263736,cg25890678
D3,D2,cg16400631,16,91,0.3283496258992205,0.700801066272413,-0.3724514403731925,0.3593456835485492,0.654230848161016,-0.2948851646124668,0.1776893312263511,0.1936374555205366,178.0,1.966620970708797e-06,-0.7554945054945055,6.836392219233619e-05,0.3724514403731925,0.7554945054945055,cg16400631
D3,D2,cg12984729,16,91,0.363849915813031,0.724834857673529,-0.3609849418604979,0.3378270105810294,0.6563584186527919,-0.3185314080717624,0.2144605166602501,0.1708918767822445,183.0,1.9688809591392823e-06,-0.7486263736263736,6.836392219233619e-05,0.3609849418604979,0.7486263736263736,cg12984729
D3,D2,cg26800915,16,91,0.5362546976246965,0.2136841291382045,0.3225705684864919,0.5364661571752651,0.2425721109323551,0.29389404624291,0.2125579660005924,0.1334933502981531,1260.0,1.9252351735393853e-06,0.7307692307692308,6.836392219233619e-05,0.3225705684864919,0.7307692307692308,cg26800915
D3,D2,cg08085232,16,91,0.733219348467675,0.3498546577913844,0.3833646906762905,0.7191508944273074,0.3890873525943595,0.3300635418329479,0.1376509091185972,0.2211267875720206,1232.0,2.0097133329089334e-06,0.6923076923076923,6.930045975548045e-05,0.3833646906762905,0.6923076923076923,cg08085232
D3,D2,cg04562683,16,91,0.745932566601283,0.371167824065457,0.374764742535826,0.7554288032374444,0.407736738593605,0.3476920646438394,0.1323973057071723,0.2296928617911386,1207.0,2.0374600325124438e-06,0.6579670329670331,6.977602851070011e-05,0.374764742535826,0.6579670329670331,cg04562683
D3,D2,cg25357830,16,91,0.625712801967674,0.32115650275405,0.304556299213624,0.624493119394651,0.3413894246603093,0.2831036947343416,0.1710556308784183,0.1663576284365988,1258.0,2.100903522133495e-06,0.7280219780219781,7.14593034739284e-05,0.304556299213624,0.7280219780219781,cg25357830
D3,D2,cg18690282,16,91,0.749214858598144,0.319329620777725,0.429885237820419,0.7113709422216355,0.3904475205882582,0.3209234216333773,0.1489266701892785,0.208911220786771,1271.0,2.1464727171357118e-06,0.7458791208791209,7.20292858099232e-05,0.429885237820419,0.7458791208791209,cg18690282
D3,D2,cg22785561,16,91,0.7411580057372931,0.401500292366289,0.3396577133710041,0.7356107208122409,0.4253764431955274,0.3102342776167134,0.1133931594373237,0.2151174261264452,1271.0,2.1464727171357118e-06,0.7458791208791209,7.20292858099232e-05,0.3396577133710041,0.7458791208791209,cg22785561
D3,D2,cg13542073,16,91,0.816173011440144,0.34592600277126,0.4702470086688839,0.7941610761243351,0.4493336053100077,0.3448274708143273,0.0828299534702504,0.2381874721168919,1270.0,2.240940830078021e-06,0.7445054945054945,7.334517016343903e-05,0.4702470086688839,0.7445054945054945,cg13542073
D3,D2,cg12744758,16,91,0.658621988505156,0.189956163357109,0.468665825148047,0.6015578083313089,0.2645506381313218,0.337007170199987,0.1748021027578861,0.1881536666432947,1243.0,2.2443622070012344e-06,0.7074175824175823,7.334517016343903e-05,0.468665825148047,0.7074175824175823,cg12744758
D3,D2,cg15442800,16,91,0.606297615314785,0.265396022334744,0.3409015929800409,0.5949792736815013,0.3128296556426739,0.2821496180388274,0.1417919905629924,0.194944831838793,1270.0,2.240940830078021e-06,0.7445054945054945,7.334517016343903e-05,0.3409015929800409,0.7445054945054945,cg15442800
D3,D2,cg11616651,16,91,0.3728186721140405,0.687632052749644,-0.3148133806356035,0.3691447713282508,0.6593354021212112,-0.2901906307929604,0.2058421653786563,0.1298508158638973,186.0,2.240940830078021e-06,-0.7445054945054945,7.334517016343903e-05,0.3148133806356035,0.7445054945054945,cg11616651
D3,D2,cg13266188,16,91,0.8303882162036536,0.28447646016191,0.5459117560417435,0.7966641690887579,0.3969030169463428,0.3997611521424151,0.0791005685810777,0.2608988181071845,1269.0,2.3393944275640102e-06,0.7431318681318682,7.516157327589035e-05,0.5459117560417435,0.7431318681318682,cg13266188
D3,D2,cg07041999,16,91,0.613885766232027,0.222614870889135,0.3912708953428919,0.6319324959870771,0.297060927388122,0.3348715685989551,0.1675074468540743,0.2153772516902288,1242.0,2.345041086207779e-06,0.706043956043956,7.516157327589035e-05,0.3912708953428919,0.706043956043956,cg07041999
D3,D2,cg06223834,16,91,0.429081535892935,0.142172603290877,0.286908932602058,0.457744242202419,0.1890976997447201,0.2686465424576988,0.2072225127973921,0.1477000888189185,1204.0,2.329859518208747e-06,0.6538461538461537,7.516157327589035e-05,0.286908932602058,0.6538461538461537,cg06223834
D3,D2,cg26683252,16,91,0.61697827829672,0.157296107971385,0.459682170325335,0.5973318210537943,0.2297949200695003,0.367536900984294,0.1974653676423924,0.2089678206530825,1255.0,2.3935635776515227e-06,0.723901098901099,7.622813941565358e-05,0.459682170325335,0.723901098901099,cg26683252
D3,D2,cg26039484,16,91,0.530182120573758,0.188871870846913,0.341310249726845,0.5018799784317087,0.2189540395437312,0.2829259388879775,0.1894608389054169,0.1271443857478123,1268.0,2.4419938220339477e-06,0.7417582417582418,7.679225855452664e-05,0.341310249726845,0.7417582417582418,cg26039484
D3,D2,cg20917241,16,91,0.745319686110543,0.416719060934571,0.328600625175972,0.7550989462659803,0.452672562985576,0.3024263832804042,0.1093812506228135,0.2180392526309217,1268.0,2.4419938220339477e-06,0.7417582417582418,7.679225855452664e-05,0.328600625175972,0.7417582417582418,cg20917241
D3,D2,cg20583060,16,91,0.7184467633305389,0.280594788156394,0.4378519751741449,0.6740987139697284,0.3490401605161702,0.3250585534535582,0.1255148738896974,0.2215534355660876,1267.0,2.548905430501693e-06,0.7403846153846154,7.866992069449669e-05,0.4378519751741449,0.7403846153846154,cg20583060
D3,D2,cg13909661,16,91,0.816328068290695,0.384479801768155,0.43184826652254,0.8001188019347464,0.454398311432686,0.3457204905020604,0.1646676165620913,0.2277413741838015,1267.0,2.548905430501693e-06,0.7403846153846154,7.866992069449669e-05,0.43184826652254,0.7403846153846154,cg13909661
D3,D2,cg00203347,16,91,0.956295349244024,0.675477857434035,0.280817491809989,0.936013049343359,0.625300484213779,0.31071256512958,0.052656826164782,0.266838345612101,1202.0,2.5467412151164e-06,0.651098901098901,7.866992069449669e-05,0.280817491809989,0.651098901098901,cg00203347
D3,D2,cg19754180,16,91,0.6485537441878185,0.282381933481606,0.3661718107062125,0.6315653651244675,0.3283414066243848,0.3032239585000826,0.1684689231903466,0.1732082498305741,1266.0,2.660301992472293e-06,0.739010989010989,8.116838830548447e-05,0.3661718107062125,0.739010989010989,cg19754180
D3,D2,cg10372057,16,91,0.835668454324409,0.484867786551671,0.3508006677727379,0.7632076952978697,0.4497571184786201,0.3134505768192496,0.1557361000724183,0.219743099685444,1201.0,2.6623231364198903e-06,0.6497252747252746,8.116838830548447e-05,0.3508006677727379,0.6497252747252746,cg10372057
D3,D2,cg11631592,16,91,0.7140313450346716,0.26267871769538,0.4513526273392916,0.6502130354669531,0.3177951229400054,0.3324179125269476,0.1850543827831895,0.1721879592430774,1265.0,2.7763627950482945e-06,0.7376373626373627,8.312463458228426e-05,0.4513526273392916,0.7376373626373627,cg11631592
D3,D2,cg10397934,16,91,0.7426323081313635,0.295396606623039,0.4472357015083245,0.7120794413903161,0.3670265375957768,0.3450529037945392,0.1621766985923808,0.2323267330418102,1265.0,2.7763627950482945e-06,0.7376373626373627,8.312463458228426e-05,0.4472357015083245,0.7376373626373627,cg10397934
D3,D2,cg11252310,16,91,0.6744696731520785,0.312036525833585,0.3624331473184935,0.6468404525962625,0.342822079148381,0.3040183734478816,0.1865299085518746,0.1697933796874198,1265.0,2.7763627950482945e-06,0.7376373626373627,8.312463458228426e-05,0.3624331473184935,0.7376373626373627,cg11252310
D3,D2,cg03498091,16,91,0.7568191754939666,0.331023431547669,0.4257957439462976,0.7363578866269826,0.4153686044170625,0.3209892822099201,0.1270307430912281,0.2209415092114268,1264.0,2.8972739054388265e-06,0.7362637362637363,8.622839004282222e-05,0.4257957439462976,0.7362637362637363,cg03498091
D3,D2,cg01090834,16,91,0.1031927295044345,0.682869732739849,-0.5796770032354145,0.1646642526400573,0.58826637491626,-0.4236021222762026,0.1444542588729761,0.26024424083427,193.0,3.023228411091268e-06,-0.7348901098901099,8.637795460260764e-05,0.5796770032354145,0.7348901098901099,cg01090834
D3,D2,cg13700197,16,91,0.799848624304106,0.303050643816097,0.4967979804880089,0.7434360384637009,0.370934687941002,0.3725013505226988,0.195078772426315,0.2573896078687055,1250.0,2.970236157389312e-06,0.7170329670329669,8.637795460260764e-05,0.4967979804880089,0.7170329670329669,cg13700197
D3,D2,cg17066349,16,91,0.750279310388693,0.306163605947691,0.444115704441002,0.6947402082308741,0.376223993578126,0.3185162146527481,0.1405282182412796,0.2166649365246497,1263.0,3.023228411091268e-06,0.7348901098901099,8.637795460260764e-05,0.444115704441002,0.7348901098901099,cg17066349
D3,D2,cg15950504,16,91,0.7068755382431096,0.272937544577683,0.4339379936654265,0.6365331045133562,0.3122969582056171,0.324236146307739,0.2020643697956969,0.1785987697772678,1263.0,3.023228411091268e-06,0.7348901098901099,8.637795460260764e-05,0.4339379936654265,0.7348901098901099,cg15950504
D3,D2,cg22488081,16,91,0.7524197528551525,0.32437950405027,0.4280402488048825,0.7340156702286166,0.3954660177502446,0.3385496524783719,0.1621051936166918,0.2062778910717372,1263.0,3.023228411091268e-06,0.7348901098901099,8.637795460260764e-05,0.4280402488048825,0.7348901098901099,cg22488081
D3,D2,cg01493297,16,91,0.6968217871578175,0.31668425715441,0.3801375300034075,0.6589813537422735,0.3586723046716804,0.3003090490705931,0.1809820422954327,0.1722308838021514,1263.0,3.023228411091268e-06,0.7348901098901099,8.637795460260764e-05,0.3801375300034075,0.7348901098901099,cg01493297
D3,D2,cg12074541,16,91,0.5282103335038231,0.175055375252649,0.353154958251174,0.5437811037487158,0.2528910423647452,0.2908900613839706,0.1725518035166739,0.1875788263958916,1263.0,3.023228411091268e-06,0.7348901098901099,8.637795460260764e-05,0.353154958251174,0.7348901098901099,cg12074541
D3,D2,cg25469381,16,91,0.838310073448781,0.3179199669293465,0.5203901065194345,0.7585132231268412,0.3910919933100735,0.3674212298167676,0.1943109364717556,0.2359262253940549,1249.0,3.1005761639797664e-06,0.7156593406593406,8.808455011306155e-05,0.5203901065194345,0.7156593406593406,cg25469381
D3,D2,cg00071984,16,91,0.839225842523143,0.244206358532429,0.595019483990714,0.7209696356822771,0.3017564442893804,0.4192131913928967,0.2378138021799598,0.2093164250984332,1262.0,3.1544266676706173e-06,0.7335164835164836,8.860749066490497e-05,0.595019483990714,0.7335164835164836,cg00071984
D3,D2,cg19572323,16,91,0.6023822929030385,0.198043018317269,0.4043392745857694,0.5720395279325039,0.2398305416287208,0.332208986303783,0.2240397083286726,0.1643511896394281,1262.0,3.1544266676706173e-06,0.7335164835164836,8.860749066490497e-05,0.4043392745857694,0.7335164835164836,cg19572323
D3,D2,cg01709589,16,91,0.700909131796014,0.253601623379809,0.447307508416205,0.6991269664060585,0.3528776157054121,0.3462493507006464,0.0845178830325636,0.231003942148509,1261.0,3.2910765551179543e-06,0.7321428571428572,9.141879319772096e-05,0.447307508416205,0.7321428571428572,cg01709589
D3,D2,cg22872195,16,91,0.7384253079289025,0.328665255433384,0.4097600524955185,0.7157018937629513,0.3935590369069935,0.3221428568559578,0.1151208009822566,0.2187232616841758,1261.0,3.2910765551179543e-06,0.7321428571428572,9.141879319772096e-05,0.4097600524955185,0.7321428571428572,cg22872195
D3,D2,cg15371806,16,91,0.7801533936363321,0.315933705114297,0.464219688522035,0.7253955450696006,0.3843036470293292,0.3410918980402714,0.1589103013650673,0.2144788553778794,1260.0,3.433393742024603e-06,0.7307692307692308,9.27944254601244e-05,0.464219688522035,0.7307692307692308,cg15371806
D3,D2,cg10382620,16,91,0.7436389524655624,0.295838122405608,0.4478008300599544,0.6745648860388112,0.3708877681995127,0.3036771178392984,0.140950903323573,0.1954373147784626,1260.0,3.433393742024603e-06,0.7307692307692308,9.27944254601244e-05,0.4478008300599544,0.7307692307692308,cg10382620
D3,D2,cg09787236,16,91,0.742781195326604,0.315334388234215,0.427446807092389,0.7039072102885229,0.3841647155162959,0.3197424947722269,0.1395744261958403,0.2104197481477947,1260.0,3.433393742024603e-06,0.7307692307692308,9.27944254601244e-05,0.427446807092389,0.7307692307692308,cg09787236
D3,D2,cg06717565,16,91,0.1217138674734895,0.519335181680115,-0.3976213142066255,0.1468177569838519,0.4784296512172878,-0.3316118942334358,0.1037631714550945,0.2316544298822123,196.0,3.433393742024603e-06,-0.7307692307692308,9.27944254601244e-05,0.3976213142066255,0.7307692307692308,cg06717565
D3,D2,cg01248385,16,91,0.6013751017550071,0.245567391197987,0.3558077105570201,0.5569942194274542,0.2951016777753096,0.2618925416521446,0.1535498370670397,0.1706925076705548,1260.0,3.433393742024603e-06,0.7307692307692308,9.27944254601244e-05,0.3558077105570201,0.7307692307692308,cg01248385
D3,D2,cg27291539,16,91,0.7704819530248554,0.309379718034108,0.4611022349907474,0.6777143115949005,0.3464269902965382,0.3312873212983623,0.2092557062240458,0.1637311328796451,1233.0,3.468731091554752e-06,0.6936813186813187,9.324545945039656e-05,0.4611022349907474,0.6936813186813187,cg27291539
D3,D2,cg22946147,16,91,0.5532375792460045,0.250005612770287,0.3032319664757175,0.5676529785208395,0.2987263027935183,0.2689266757273212,0.1676201641560271,0.1648568325059386,1246.0,3.525341425087308e-06,0.7115384615384615,9.426046591142536e-05,0.3032319664757175,0.7115384615384615,cg22946147
D3,D2,cg25473910,16,91,0.6757451703034976,0.278098980531152,0.3976461897723455,0.630485251180174,0.3253536138023341,0.3051316373778398,0.1786293079039701,0.1941910386771586,1259.0,3.581601958565176e-06,0.7293956043956045,9.525537123843552e-05,0.3976461897723455,0.7293956043956045,cg25473910
D3,D2,cg16001495,16,91,0.1016261562179275,0.515046336831861,-0.4134201806139335,0.1796339277600545,0.4864176993496102,-0.3067837715895557,0.1480088924964006,0.2201382248015364,192.0,3.621558097787604e-06,-0.7362637362637363,9.530416046809483e-05,0.4134201806139335,0.7362637362637363,cg16001495
D3,D2,cg00670212,16,91,0.6795789009080515,0.349650292200968,0.3299286087070835,0.6937375789650793,0.3772312643989082,0.316506314566171,0.1239168446592423,0.2250951506536047,1232.0,3.621558097787604e-06,0.6923076923076923,9.530416046809483e-05,0.3299286087070835,0.6923076923076923,cg00670212
D3,D2,cg24904739,16,91,0.8300512447115145,0.349313345435135,0.4807378992763795,0.8070896668128906,0.4674142705905247,0.3396753962223658,0.0768104644026703,0.2460650831707997,1258.0,3.735933278238305e-06,0.7280219780219781,9.628694016078103e-05,0.4807378992763795,0.7280219780219781,cg24904739
D3,D2,cg21827809,16,91,0.7858529822487219,0.316744066019546,0.4691089162291759,0.7634129230549547,0.4060564644045712,0.3573564586503834,0.0924500349598563,0.2407926007837675,1258.0,3.735933278238305e-06,0.7280219780219781,9.628694016078103e-05,0.4691089162291759,0.7280219780219781,cg21827809
D3,D2,cg02534072,16,91,0.720389932459479,0.295750168388278,0.424639764071201,0.6761766029141724,0.3560794210077908,0.3200971819063816,0.1601380193512012,0.2128351504200208,1258.0,3.735933278238305e-06,0.7280219780219781,9.628694016078103e-05,0.424639764071201,0.7280219780219781,cg02534072
D3,D2,cg12516669,16,91,0.7368656663729525,0.361029339006177,0.3758363273667754,0.7330606905199661,0.4153656836216005,0.3176950068983656,0.1147511625182283,0.2240459179702366,1258.0,3.735933278238305e-06,0.7280219780219781,9.628694016078103e-05,0.3758363273667754,0.7280219780219781,cg12516669
D3,D2,cg10799668,16,91,0.84503684368418,0.28741969873603,0.55761714494815,0.7555041463307179,0.3805005976556385,0.3750035486750794,0.1933983181493546,0.2475351219002222,1257.0,3.896628408670351e-06,0.7266483516483517,9.741571021675878e-05,0.55761714494815,0.7266483516483517,cg10799668
D3,D2,cg02320784,16,91,0.5791549406849845,0.208789772060525,0.3703651686244595,0.5329802272232398,0.2584838268114718,0.274496400411768,0.185949917913082,0.1563378507016392,1257.0,3.896628408670351e-06,0.7266483516483517,9.741571021675878e-05,0.3703651686244595,0.7266483516483517,cg02320784
D3,D2,cg18878210,16,91,0.66569906182835,0.301097507068379,0.364601554759971,0.6393961247522284,0.3204309957109771,0.3189651290412513,0.1252261205611183,0.1809148983356978,677.0,3.8115492331259432e-06,-0.070054945054945,9.741571021675878e-05,0.364601554759971,0.070054945054945,cg18878210
D3,D2,cg00863007,16,91,0.675489201537391,0.312246806379767,0.363242395157624,0.6747788402088715,0.3722902625049761,0.3024885777038953,0.1331003430915739,0.2116427280174153,1257.0,3.896628408670351e-06,0.7266483516483517,9.741571021675878e-05,0.363242395157624,0.7266483516483517,cg00863007
D3,D2,cg10152684,16,91,0.6169246265371819,0.260505413895883,0.3564192126412989,0.589131535860679,0.3073571634688198,0.2817743723918591,0.177969602287498,0.2029164422945033,1257.0,3.896628408670351e-06,0.7266483516483517,9.741571021675878e-05,0.3564192126412989,0.7266483516483517,cg10152684
D3,D2,cg19047265,16,91,0.442739934872293,0.7879657692180531,-0.34522583434576,0.4588482602506908,0.7553468277487679,-0.2964985674980771,0.2486371755480771,0.1246431152468863,196.0,3.83893566654858e-06,-0.7307692307692308,9.741571021675878e-05,0.34522583434576,0.7307692307692308,cg19047265
