cell_id,treatment_state,total_counts,mito_counts,non_mito_counts,mito_fraction,antigen_presentation_score,ribosomal_translation_score,housekeeping_output_score,mitochondrial_encoded_score,immune_leaning_score
GSM4918377_P3_treated_10d_PBMC_092418_092418_plate1_D8_S252_rep1_NA,treated,196894.0,14711.0,182183.0,0.07471532906030656,0.33140149178756223,-1.3826474781973142,-1.1214880602905253,-1.522816231994019,4.405416795118253
GSM4918402_P3_treated_10d_PBMC_092418_092818_plate1_B9_S258_rep1_NA,treated,244680.0,19238.0,225442.0,0.0786251430439758,0.1582004226469786,-1.1269606864043955,-0.6970359027026364,-1.1916663169542532,4.9233158084022195
GSM4918404_P3_treated_10d_PBMC_092418_092818_plate1_C11_S274_rep1_NA,treated,433804.0,16354.0,417450.0,0.037699053028556674,0.3975957000327271,-0.7894476592639145,-0.6745,-1.3923604588981429,5.382604145117612
GSM4918406_P3_treated_10d_PBMC_092418_092818_plate1_C1_S195_rep1_NA,treated,238162.0,14812.0,223350.0,0.06219296109370932,0.4615438549103172,-0.8843878407350313,-1.5433599901278416,-1.5143711083443665,5.524036664964572
GSM4918407_P3_treated_10d_PBMC_092418_092818_plate1_C2_S203_rep1_NA,treated,769787.0,76686.0,693101.0,0.09961976494796612,1.5068540354159918,-0.0022690625504934274,-0.16667301373464896,0.5152017136786349,6.332943580524567
GSM4918408_P3_treated_10d_PBMC_092418_092818_plate1_C3_S211_rep1_NA,treated,228729.0,15939.0,212790.0,0.06968508584394632,0.8569249350302084,-1.0766418744628539,-0.908644991189667,-1.4238595984146925,5.1135197925083835
GSM4918409_P3_treated_10d_PBMC_092418_092818_plate1_C4_S219_rep1_NA,treated,288715.0,29980.0,258735.0,0.10383942642398213,0.9428760563984383,-0.8066097890738034,-0.7878506434798703,-0.6440728479913752,3.7871217898557084
GSM4918413_P3_treated_10d_PBMC_092418_092818_plate1_C8_S251_rep1_NA,treated,214661.0,8971.0,205690.0,0.04179147586194046,-0.26579039276507094,-2.1757545944302796,-1.1873327272774679,-2.1332764098323778,4.5287586016658
GSM4918416_P3_treated_10d_TALL_011118_plate1_A11_rep_1_NA,treated,1090916.0,38700.0,1052216.0,0.03547477532642293,-0.506615269147282,0.5486233299849895,0.6793984057532539,-0.3289380381092567,-0.6745
GSM4918421_P3_treated_10d_TALL_011118_plate1_A4_rep_1_NA,treated,100259.0,2773.0,97486.0,0.02765836483507715,-2.52816151943818,-1.689021409688816,-1.7919413973718539,-3.582194148806759,0.6745
GSM4918422_P3_treated_10d_TALL_011118_plate1_A5_rep_1_NA,treated,1209931.0,39887.0,1170044.0,0.0329663427087991,0.32693578565920345,0.5099402240373493,0.5825882953738821,-0.2916478275546168,2.5680608949278536
GSM4918423_P3_treated_10d_TALL_011118_plate1_A6_rep_1_NA,treated,1273995.0,36958.0,1237037.0,0.02900953300444664,0.10461970549492079,0.6308175832277191,0.7345846761578851,-0.38578816303305763,4.426232515137114
GSM4918424_P3_treated_10d_TALL_011118_plate1_A7_rep_1_NA,treated,1532737.0,41551.0,1491186.0,0.027109021312854063,0.5267420044045038,0.6892687644107144,0.7770378884354697,-0.24119925819843094,3.7465701804565668
GSM4918425_P3_treated_10d_TALL_011118_plate1_A8_rep_1_NA,treated,978646.0,15883.0,962763.0,0.016229566155688574,0.4412798997020615,0.1004216032420079,0.20546127769536743,-1.4282037658990627,3.526838206739471
GSM4918426_P3_treated_10d_TALL_011118_plate1_A9_rep_1_NA,treated,1213577.0,24656.0,1188921.0,0.020316799016461256,0.13061242740830292,0.4276412448807953,0.6319347889355413,-0.8853945100931905,-0.6745
GSM4918427_P3_treated_10d_TALL_011118_plate1_B10_rep_1_NA,treated,1861809.0,67545.0,1794264.0,0.03627923165050765,1.2742429576140626,0.8098127546791762,1.062350815141335,0.3585322345125738,-0.6745
GSM4918429_P3_treated_10d_TALL_011118_plate1_B12_rep_1_NA,treated,902419.0,13067.0,889352.0,0.014479969947441267,-0.9863396976469724,0.18720425142069513,0.2434538806907647,-1.6690845230527938,2.5326716202092596
GSM4918430_P3_treated_10d_TALL_011118_plate1_B1_rep_1_NA,treated,1749369.0,55196.0,1694173.0,0.03155194815959354,0.2082085273718191,0.7655704482042266,0.8348004084794514,0.10931406736385149,-0.6745
GSM4918431_P3_treated_10d_TALL_011118_plate1_B2_rep_1_NA,treated,1340193.0,45787.0,1294406.0,0.03416448227979105,0.015331045690722297,0.5380619370146403,0.6738986576078123,-0.12166833734546742,-0.6745
GSM4918433_P3_treated_10d_TALL_011118_plate1_B4_rep_1_NA,treated,1163439.0,24776.0,1138663.0,0.021295486914225843,-0.15162396829930344,0.44113033872633495,0.5947130341941458,-0.8794017181940494,-0.6745
GSM4918434_P3_treated_10d_TALL_011118_plate1_B5_rep_1_NA,treated,1901743.0,88045.0,1813698.0,0.046297002276332815,0.06382418130907047,1.0663231920827076,1.1908540822454707,0.6857008063499385,-0.6745
GSM4918435_P3_treated_10d_TALL_011118_plate1_B6_rep_1_NA,treated,1220511.0,19083.0,1201428.0,0.015635254413929902,-0.20105814902032282,0.47244771914072947,0.5168633779319496,-1.201651301989128,-0.6745
GSM4918436_P3_treated_10d_TALL_011118_plate1_B7_rep_1_NA,treated,1316536.0,45872.0,1270664.0,0.034842951503035235,0.46102362952502196,0.4543200428001173,0.5870525869444584,-0.11908243706228781,-0.6745
GSM4918437_P3_treated_10d_TALL_011118_plate1_B8_rep_1_NA,treated,1021745.0,23133.0,998612.0,0.022640678447166367,-0.4664880967478974,0.5454244765209089,0.4842317264215253,-0.9640943265081484,1.5661405000015263
GSM4918438_P3_treated_10d_TALL_011118_plate1_B9_rep_1_NA,treated,1366465.0,33877.0,1332588.0,0.024791707068969934,0.29235770589294985,0.2736262568241744,0.48235183922399816,-0.49344988125809147,4.054572783782985
GSM4918440_P3_treated_10d_TALL_011118_plate1_C11_rep_1_NA,treated,1372690.0,45367.0,1327323.0,0.033049705323124665,1.077537919890183,-0.36749159890234895,0.22466080687947934,-0.13274646142049748,5.911905887951493
GSM4918441_P3_treated_10d_TALL_011118_plate1_C12_rep_1_NA,treated,1472471.0,35647.0,1436824.0,0.024208965745335563,-0.9792512004293941,0.4808850412733434,0.48863385463465125,-0.43036859305654057,-0.6745
GSM4918442_P3_treated_10d_TALL_011118_plate1_C1_rep_1_NA,treated,1381822.0,118330.0,1263492.0,0.08563331601320576,1.1581841073019408,-0.09317412378852309,0.846474196978008,1.0505275802994407,-0.6745
GSM4918443_P3_treated_10d_TALL_011118_plate1_C2_rep_1_NA,treated,911664.0,16046.0,895618.0,0.01760078274451991,-0.5117052621580034,0.45397585727966816,0.5565547462634366,-1.41744891419277,-0.6745
GSM4918444_P3_treated_10d_TALL_011118_plate1_C3_rep_1_NA,treated,1632201.0,62315.0,1569886.0,0.03817850865181433,1.4856116534360884,0.5378499782023923,0.6226240074506826,0.25905414859435133,6.094899101667325
GSM4918445_P3_treated_10d_TALL_011118_plate1_C4_rep_1_NA,treated,1445043.0,43209.0,1401834.0,0.029901532341944148,-0.5438076572649307,0.5614354766990367,0.6895147169052505,-0.19290321172118924,2.9391688271148975
GSM4918446_P3_treated_10d_TALL_011118_plate1_C5_rep_1_NA,treated,857827.0,17267.0,840560.0,0.020128767222295403,-0.5604890331810795,0.23506229263257436,0.23345345456438849,-1.3250816780281967,4.560666306283801
GSM4918447_P3_treated_10d_TALL_011118_plate1_C6_rep_1_NA,treated,1194916.0,38641.0,1156275.0,0.03233783797354793,0.4654894368997523,0.6515625009441147,0.6333646948107112,-0.3310448957256585,-0.6745
GSM4918448_P3_treated_10d_TALL_011118_plate1_C7_rep_1_NA,treated,1440859.0,30695.0,1410164.0,0.02130326423334969,0.49936436907793097,0.5497435550974775,0.6813745156705433,-0.6149807598044995,-0.6745
GSM4918449_P3_treated_10d_TALL_011118_plate1_C8_rep_1_NA,treated,1402291.0,36463.0,1365828.0,0.02600244884977512,0.06846672143578077,0.6152753914175606,0.7626424078385071,-0.4024319636488006,-0.6745
GSM4918450_P3_treated_10d_TALL_011118_plate1_C9_rep_1_NA,treated,1380044.0,25736.0,1354308.0,0.018648680766700194,-0.5650346492808281,0.5666304676502575,0.5917857234251825,-0.8324788427358006,-0.6745
GSM4918453_P3_treated_10d_TALL_011118_plate1_D12_rep_1_NA,treated,1409576.0,44653.0,1364923.0,0.031678320289221726,0.5434604828245289,0.7265951022044189,0.8331223857743298,-0.15232731016050172,0.8916405000015258
GSM4918454_P3_treated_10d_TALL_011118_plate1_D1_rep_1_NA,treated,1224000.0,39125.0,1184875.0,0.03196486928104575,0.08728143649120065,0.826455256846646,0.9505732451713892,-0.3159299296608806,-0.6745
GSM4918457_P3_treated_10d_TALL_011118_plate1_D4_rep_1_NA,treated,1677951.0,41453.0,1636498.0,0.02470453547213238,0.23826822002500578,0.8657472577427803,0.6270717970189541,-0.24411392988765726,-0.6745
GSM4918459_P3_treated_10d_TALL_011118_plate1_D6_rep_1_NA,treated,838666.0,15481.0,823185.0,0.01845907667653154,-1.9439336372213958,0.01577336239513866,-0.1943679093203861,-1.4598457382694758,0.0
GSM4918460_P3_treated_10d_TALL_011118_plate1_D7_rep_1_NA,treated,1351373.0,137767.0,1213606.0,0.10194594682593185,-0.18602775140007427,0.35152496882431544,0.24403864748115278,1.2383395200338354,1.8935608949278542
GSM4918461_P3_treated_10d_TALL_011118_plate1_D8_rep_1_NA,treated,1368686.0,17106.0,1351580.0,0.01249811863349227,-0.5286737078849933,0.6238611175812042,0.567863579435351,-1.3366443763825075,-0.6745
GSM4918463_P3_treated_10d_TALL_011118_plate1_E10_rep_1_NA,treated,1478415.0,38873.0,1439542.0,0.02629369967160777,0.9735433125385982,0.9469436742587584,1.0796949539338574,-0.3234325238730126,-0.6745
GSM4918464_P3_treated_10d_TALL_011118_plate1_E11_rep_1_NA,treated,1081032.0,24402.0,1056630.0,0.022572874808516306,0.19365969272260697,0.5172221193741052,0.5103456892688004,-0.8981760418770925,-0.6745
GSM4918465_P3_treated_10d_TALL_011118_plate1_E12_rep_1_NA,treated,468343.0,7668.0,460675.0,0.016372615796542277,-0.9950667869139641,-0.07313140418806642,-0.17432906495586253,-2.326975581542859,-0.6745
GSM4918467_P3_treated_10d_TALL_011118_plate1_E2_rep_1_NA,treated,396565.0,6430.0,390135.0,0.016214239784146357,-1.4850976823946154,-0.14213214047419673,-0.35182905173628276,-2.5446767368416574,-0.6745
GSM4918469_P3_treated_10d_TALL_011118_plate1_E4_rep_1_NA,treated,890586.0,10167.0,880419.0,0.011416078851452864,0.04962411478457206,0.014432998421108349,0.1976507059179979,-1.9788120434287224,-0.6745
GSM4918470_P3_treated_10d_TALL_011118_plate1_E5_rep_1_NA,treated,1754525.0,86398.0,1668127.0,0.049242957495618474,0.6540493674667801,1.0072620508044048,0.9092148100805904,0.662377670463256,-0.6745
GSM4918471_P3_treated_10d_TALL_011118_plate1_E6_rep_1_NA,treated,977012.0,27946.0,949066.0,0.028603538134639082,-0.31914127638008744,0.7043453022370357,0.5071946301200356,-0.7307917638942353,4.888727107817698
GSM4918473_P3_treated_10d_TALL_011118_plate1_E8_rep_1_NA,treated,1182143.0,22539.0,1159604.0,0.019066221260879607,0.13371263219939836,0.4787636349762125,0.6928613641158166,-0.996257200426122,-0.6745
GSM4918474_P3_treated_10d_TALL_011118_plate1_E9_rep_1_NA,treated,1440946.0,38747.0,1402199.0,0.026889973670075076,1.0033043562728112,0.7103301672227379,0.9317456686145287,-0.327439889319625,-0.6745
GSM4918475_P3_treated_10d_TALL_011118_plate1_F10_rep_1_NA,treated,1152934.0,31887.0,1121047.0,0.027657263989092178,0.23327296053180457,0.7760856173674265,0.7993391339705844,-0.567993440095852,-0.6745
GSM4918476_P3_treated_10d_TALL_011118_plate1_F11_rep_1_NA,treated,1039845.0,61933.0,977912.0,0.05955983824512307,0.3636380867810612,0.9322783699929237,0.7254728672725888,0.2514442284653227,-0.6745
GSM4918478_P3_treated_10d_TALL_011118_plate1_F1_rep_1_NA,treated,1233364.0,26740.0,1206624.0,0.02168054199733412,0.06412430026540845,0.6868799049484345,0.731160924385561,-0.785334168565924,-0.6745
GSM4918479_P3_treated_10d_TALL_011118_plate1_F3_rep_1_NA,treated,2031447.0,63986.0,1967461.0,0.03149774520329598,0.16067398171267486,1.2438828377562772,1.0867007972128415,0.2917175174827095,4.808701394929379
GSM4918480_P3_treated_10d_TALL_011118_plate1_F4_rep_1_NA,treated,1706503.0,39730.0,1666773.0,0.023281529537305237,0.18898930229788818,0.8260066435320507,0.8994460076517533,-0.29651589232354597,-0.6745
GSM4918481_P3_treated_10d_TALL_011118_plate1_F5_rep_1_NA,treated,1781245.0,63838.0,1717407.0,0.03583897779362188,0.011085354273973483,1.0394919912597067,1.2473378331263405,0.28885916646040155,2.5326716202092596
GSM4918482_P3_treated_10d_TALL_011118_plate1_F6_rep_1_NA,treated,1150158.0,31467.0,1118691.0,0.027358849827588905,1.0751770659061695,0.6276385196272188,0.7423411050755674,-0.5843206625825358,-0.6745
GSM4918483_P3_treated_10d_TALL_011118_plate1_F7_rep_1_NA,treated,1015627.0,40621.0,975006.0,0.03999598277714161,0.3557542996391671,0.4460815572147567,-0.014742790981341344,-0.26914012758416495,5.41854381453701
GSM4918484_P3_treated_10d_TALL_011118_plate1_F8_rep_1_NA,treated,1205454.0,34797.0,1170657.0,0.02886630265443559,0.2383960016658381,0.5014163442574429,0.5005131183201323,-0.460157633615768,0.39455720673641975
GSM4918486_P3_treated_10d_TALL_011118_plate1_G10_rep_1_NA,treated,969769.0,14298.0,955471.0,0.014743717318247954,-0.11384904779093723,0.22695864726433929,0.26969329853080143,-1.558395036940626,3.029754913474365
GSM4918487_P3_treated_10d_TALL_011118_plate1_G11_rep_1_NA,treated,1995683.0,109870.0,1885813.0,0.05505383370004154,0.5309458385327948,1.163934913349569,0.9709384017672947,0.9590474374818975,1.8935608949278542
GSM4918488_P3_treated_10d_TALL_011118_plate1_G12_rep_1_NA,treated,1016885.0,28684.0,988201.0,0.028207712769880565,0.5563091193137095,0.6501836548816139,0.5650177007788058,-0.6986187386729605,-0.6745
GSM4918489_P3_treated_10d_TALL_011118_plate1_G1_rep_1_NA,treated,414410.0,17280.0,397130.0,0.041697835476943126,-1.1762725711901882,0.061474664598833426,-0.1740826517367737,-1.324152752832881,-0.6745
GSM4918491_P3_treated_10d_TALL_011118_plate1_G3_rep_1_NA,treated,1961142.0,207915.0,1753227.0,0.10601731032225102,1.5225759353362076,1.1221951882033725,0.9931389075274013,1.7463576634187228,-0.6745
GSM4918492_P3_treated_10d_TALL_011118_plate1_G4_rep_1_NA,treated,1002634.0,16414.0,986220.0,0.016370879104438907,-0.4579577707162852,0.29298416172643615,0.4034354964086455,-1.3876139177014908,-0.6745
GSM4918494_P3_treated_10d_TALL_011118_plate1_G6_rep_1_NA,treated,1203474.0,26017.0,1177457.0,0.0216182485039145,1.6366891084258122,0.0,0.8468955357145723,-0.8191223879482594,6.059029166131313
GSM4918496_P3_treated_10d_TALL_011118_plate1_G8_rep_1_NA,treated,2139932.0,100826.0,2039106.0,0.047116450429265974,0.09387054519989613,1.1978406968384736,1.2643941574939397,0.8530147108146222,2.6671054113559474
GSM4918497_P3_treated_10d_TALL_011118_plate1_G9_rep_1_NA,treated,1268524.0,43587.0,1224937.0,0.03436040626744153,-0.3309539539218478,0.7164969868035278,0.8330906944615668,-0.18226527414429167,2.41805720673642
GSM4918498_P3_treated_10d_TALL_011118_plate1_H2_rep_1_NA,treated,1153978.0,72012.0,1081966.0,0.06240326938641811,1.5905792062239776,0.171214143422609,-0.026765967359228808,0.4363262162526053,5.246313023871599
GSM4918500_P3_treated_10d_TALL_011118_plate1_H4_rep_1_NA,treated,1624873.0,51509.0,1573364.0,0.0317003236560642,-0.6364665508663094,0.799442046287033,0.8370118150145702,0.023979301780351035,-0.6745
GSM4918501_P3_treated_10d_TALL_011118_plate1_H5_rep_1_NA,treated,789763.0,91582.0,698181.0,0.11596137068968793,-0.004146437580717421,-1.2951523845288686,-0.4762824551920539,0.7343177436497993,-0.6745
GSM4918502_P3_treated_10d_TALL_011118_plate1_H6_rep_1_NA,treated,1603747.0,40129.0,1563618.0,0.02502202654159291,0.2934513241949015,0.7487536887809751,0.6125444057390369,-0.2841815892242306,-0.6745
GSM4918504_P3_treated_10d_TALL_011118_plate2_A10_rep_1_NA,treated,1694163.0,84445.0,1609718.0,0.049844672561022756,2.139300781505047,0.6276556469134527,0.6702892832368178,0.6341550832098539,7.528820646717475
GSM4918505_P3_treated_10d_TALL_011118_plate2_A11_rep_1_NA,treated,572232.0,19203.0,553029.0,0.03355806735729564,-0.8656884617519006,-0.012008596496571962,-0.30117011765876617,-1.1939139413840296,4.490963645116086
GSM4918507_P3_treated_10d_TALL_011118_plate2_A1_rep_1_NA,treated,2381896.0,138433.0,2243463.0,0.05811882634674226,1.3792561959511178,1.5246864870791215,1.4445115128516817,1.2442923174496991,5.629723513020221
GSM4918508_P3_treated_10d_TALL_011118_plate2_A2_rep_1_NA,treated,871095.0,63168.0,807927.0,0.07251562688340536,0.43862712802430304,1.0017185134524926,0.3827567842158023,0.275835879645609,4.674782334186167
GSM4918510_P3_treated_10d_TALL_011118_plate2_A4_rep_1_NA,treated,1835475.0,86808.0,1748667.0,0.04729456952559964,0.44487729140137466,1.0560903471794223,1.0587819667864458,0.6680792574815202,3.225027126772383
GSM4918511_P3_treated_10d_TALL_011118_plate2_A5_rep_1_NA,treated,681553.0,27696.0,653857.0,0.04063660493021086,-0.5490755968221422,0.128550708169461,0.08196060642786927,-0.74268590739919,-0.6745
GSM4918512_P3_treated_10d_TALL_011118_plate2_A6_rep_1_NA,treated,346010.0,18048.0,327962.0,0.052160342186642006,-0.8678116131540247,-0.47596190286160445,-0.6565009176533895,-1.2704793840551247,3.3875870898876923
GSM4918513_P3_treated_10d_TALL_011118_plate2_A7_rep_1_NA,treated,776462.0,21671.0,754791.0,0.027909929912861158,0.04673116936341815,-0.027726129146526453,0.1477791892381877,-1.0446763650336437,3.242560894927854
GSM4918514_P3_treated_10d_TALL_011118_plate2_A8_rep_1_NA,treated,1314957.0,48598.0,1266359.0,0.03695786250044678,0.08389815255282412,1.0234508497932095,0.7811467714351221,-0.04782730156396647,4.384146050837622
GSM4918515_P3_treated_10d_TALL_011118_plate2_A9_rep_1_NA,treated,1100747.0,48340.0,1052407.0,0.04391563183910563,0.3166419179610451,0.5592275989730394,0.3154801154357668,-0.054627514588530934,1.3489999999999998
GSM4918517_P3_treated_10d_TALL_011118_plate2_B11_rep_1_NA,treated,861309.0,42835.0,818474.0,0.04973244213168561,0.07368453303319686,0.5846746498556945,0.4782965510902887,-0.2036912596901473,5.339260641024729
GSM4918518_P3_treated_10d_TALL_011118_plate2_B12_rep_1_NA,treated,1857523.0,46401.0,1811122.0,0.024980040623992273,0.6523058073964766,1.1869850699235378,1.0299311426629334,-0.10492941358201316,3.9170608949278534
GSM4918519_P3_treated_10d_TALL_011118_plate2_B1_rep_1_NA,treated,1808634.0,83673.0,1724961.0,0.046263091371720313,1.2562917885775196,1.1740113490679114,1.0265606576131403,0.6228185832902879,-0.6745
GSM4918520_P3_treated_10d_TALL_011118_plate2_B2_rep_1_NA,treated,1020849.0,39989.0,980860.0,0.039172296784343225,-0.43466120058349333,0.43124108197874855,0.19169839532804214,-0.28849539301962657,3.029754913474365
GSM4918521_P3_treated_10d_TALL_011118_plate2_B3_rep_1_NA,treated,561248.0,24569.0,536679.0,0.043775657107018646,-0.33875612113203035,0.09712786047189335,-0.23432520937876536,-0.8897575500088835,2.915140500001526
GSM4918522_P3_treated_10d_TALL_011118_plate2_B5_rep_1_NA,treated,1577459.0,72603.0,1504856.0,0.0460252849677868,0.2851609993993958,0.7408536512378194,0.6217599165071417,0.44741197617816364,3.112621789855708
GSM4918523_P3_treated_10d_TALL_011118_plate2_B7_rep_1_NA,treated,1119882.0,60728.0,1059154.0,0.05422714178815268,0.5675932897698263,0.8501809172821562,0.683383750717765,0.2272114481847424,-0.6745
GSM4918524_P3_treated_10d_TALL_011118_plate2_B8_rep_1_NA,treated,1516606.0,30848.0,1485758.0,0.02034015426551128,0.15033007172777338,0.881738006168059,0.6525240195128151,-0.608963574803019,-0.6745
GSM4918525_P3_treated_10d_TALL_011118_plate2_B9_rep_1_NA,treated,742535.0,18726.0,723809.0,0.025219013245166896,0.18644550272632107,0.29672329738500813,0.19401250240463616,-1.2249609550445493,-0.6745
GSM4918526_P3_treated_10d_TALL_011118_plate2_C10_rep_1_NA,treated,1060110.0,44518.0,1015592.0,0.041993755365009294,0.4404317182690497,0.7090230689161361,0.49864433415886344,-0.15606474451920235,-0.6745
GSM4918528_P3_treated_10d_TALL_011118_plate2_C12_rep_1_NA,treated,1353312.0,30798.0,1322514.0,0.02275750159608427,0.2137124721208439,0.47669895379570776,0.6188600768582507,-0.6108458058655131,0.0
GSM4918529_P3_treated_10d_TALL_011118_plate2_C1_rep_1_NA,treated,910788.0,34852.0,875936.0,0.03826576546902243,-1.1847781636932408,0.11584160803339079,0.12910136714112874,-0.458208200789586,4.519446589886167
GSM4918530_P3_treated_10d_TALL_011118_plate2_C2_rep_1_NA,treated,2179857.0,105652.0,2074205.0,0.04846739946702926,1.1794302936979857,1.1166204853527675,1.3541848941777934,0.9107260668050463,-0.6745
GSM4918534_P3_treated_10d_TALL_011118_plate2_C6_rep_1_NA,treated,544829.0,21088.0,523741.0,0.03870572234591037,0.3225698641930603,-0.053058207864550205,-0.42032242037909723,-1.0783368574171428,-0.6745
GSM4918535_P3_treated_10d_TALL_011118_plate2_C7_rep_1_NA,treated,679212.0,35433.0,643779.0,0.0521678062225049,-0.8806385214225095,0.33351611687843985,-0.08249214130065918,-0.43780097976110993,1.658886626770857
GSM4918536_P3_treated_10d_TALL_011118_plate2_C8_rep_1_NA,treated,754852.0,34016.0,720836.0,0.0450631382045752,-0.1725081992582179,-0.07476725678904399,0.11722053430161719,-0.48817707150226103,-0.6745
GSM4918538_P3_treated_10d_TALL_011118_plate2_D10_rep_1_NA,treated,1077188.0,36274.0,1040914.0,0.033674716019859115,0.05886019474039043,0.6082274744926006,0.1628414809768968,-0.4088465448400268,-0.6745
GSM4918539_P3_treated_10d_TALL_011118_plate2_D11_rep_1_NA,treated,507875.0,23557.0,484318.0,0.04638346049716958,1.2750787104407704,-0.20369114133030652,-0.23553896000149752,-0.9417281408742237,4.461621789855709
GSM4918541_P3_treated_10d_TALL_011118_plate2_D1_rep_1_NA,treated,1110047.0,57275.0,1052772.0,0.05159691436488725,0.4628952746474714,0.9911890693423931,0.6984665490400284,0.15495226985841865,4.595895413475891
GSM4918542_P3_treated_10d_TALL_011118_plate2_D2_rep_1_NA,treated,1619620.0,62009.0,1557611.0,0.038286141193613316,0.2764367855126282,0.9371298325401286,0.6822764172262636,0.2529779327409338,-0.6745
GSM4918543_P3_treated_10d_TALL_011118_plate2_D3_rep_1_NA,treated,1199921.0,47844.0,1152077.0,0.03987262494780906,0.5498079330137675,0.7460023902143181,0.5763680429767495,-0.06712821358407484,-0.6745
GSM4918544_P3_treated_10d_TALL_011118_plate2_D4_rep_1_NA,treated,218472.0,10667.0,207805.0,0.048825478779889415,-2.0241886810475958,-1.0198384347058735,-1.179040216448589,-1.919558832362701,3.112621789855708
GSM4918545_P3_treated_10d_TALL_011118_plate2_D5_rep_1_NA,treated,836961.0,39710.0,797251.0,0.04744546042169229,0.23365802886601253,0.31911443614668433,0.4796896975739485,-0.2971374088578407,-0.6745
GSM4918546_P3_treated_10d_TALL_011118_plate2_D6_rep_1_NA,treated,284041.0,15384.0,268657.0,0.054161195038744406,-1.080381835095813,-0.0689287785381725,-0.31428745885503945,-1.4676037707420413,-0.6745
GSM4918547_P3_treated_10d_TALL_011118_plate2_D7_rep_1_NA,treated,1204394.0,47662.0,1156732.0,0.039573428628837407,0.4026593030688552,0.9968833503724406,0.6631413526049,-0.07330967520295502,6.230498118529262
GSM4918548_P3_treated_10d_TALL_011118_plate2_D8_rep_1_NA,treated,672711.0,23001.0,649710.0,0.034191502740404126,-0.1521732536136648,0.04923368606464608,-0.013796161777836992,-0.971157632631848,0.0
GSM4918549_P3_treated_10d_TALL_011118_plate2_D9_rep_1_NA,treated,415296.0,48744.0,366552.0,0.11737170596393898,0.32209681861318873,-0.9676769656297257,-0.5736107754362972,-0.04412461590045025,-0.6745
GSM4918552_P3_treated_10d_TALL_011118_plate2_E12_rep_1_NA,treated,1917089.0,42838.0,1874251.0,0.022345337123106962,0.21684509225752097,0.9544170520220557,1.1077415364049819,-0.20354718128875143,-0.6745
GSM4918553_P3_treated_10d_TALL_011118_plate2_E1_rep_1_NA,treated,1902269.0,94184.0,1808085.0,0.049511399281594766,1.0605437619382665,1.3149778336973135,1.128556426554571,0.7688201142356645,-0.6745
GSM4918554_P3_treated_10d_TALL_011118_plate2_E2_rep_1_NA,treated,3030396.0,43954.0,2986442.0,0.014504375005774823,1.0273420570103693,1.3143318486649385,1.517029067587142,-0.1718024776105871,-0.6745
GSM4918555_P3_treated_10d_TALL_011118_plate2_E3_rep_1_NA,treated,781815.0,28303.0,753512.0,0.036201658960239955,-0.452629978660165,0.2589515400420451,0.17635844411788845,-0.7151236524912833,-0.6745
GSM4918556_P3_treated_10d_TALL_011118_plate2_E4_rep_1_NA,treated,1281712.0,41878.0,1239834.0,0.032673486711523335,0.40287892453119334,0.4301984366478517,0.510846999987519,-0.2315232689168274,-0.6745
GSM4918557_P3_treated_10d_TALL_011118_plate2_E5_rep_1_NA,treated,1451282.0,84429.0,1366853.0,0.058175461419627615,-0.37255592130987286,0.4545780798524878,0.9143339796117576,0.6339211833052041,-0.6745
GSM4918558_P3_treated_10d_TALL_011118_plate2_E6_rep_1_NA,treated,550229.0,10156.0,540073.0,0.01845776940146739,-0.14378128627537945,-0.2485302981351478,-0.21399290773251212,-1.9801481313087856,-0.6745
GSM4918559_P3_treated_10d_TALL_011118_plate2_E7_rep_1_NA,treated,920472.0,46577.0,873895.0,0.05060121329057266,-0.352766711578797,0.5334239243407459,0.7032849081394713,-0.1002564058910295,1.658886626770857
GSM4918560_P3_treated_10d_TALL_011118_plate2_E8_rep_1_NA,treated,1769674.0,59060.0,1710614.0,0.03337337837364396,1.1403038792873004,0.8600386286878857,0.9499344541079662,0.19283378098005208,2.495946589886167
GSM4918561_P3_treated_10d_TALL_011118_plate2_E9_rep_1_NA,treated,1414468.0,55961.0,1358507.0,0.03956328457059474,0.27409018884568487,0.635357994183777,0.7978235222106597,0.12630418992300954,4.084288002745552
GSM4918562_P3_treated_10d_TALL_011118_plate2_F10_rep_1_NA,treated,1878247.0,102636.0,1775611.0,0.05464457017633996,0.8718501336505075,1.2643989435202365,1.224233824127639,0.8749768836237534,2.3766425393604553
GSM4918564_P3_treated_10d_TALL_011118_plate2_F1_rep_1_NA,treated,1431223.0,66415.0,1364808.0,0.0464043688509757,-0.0458420649497496,0.5853086541521084,0.6477532891278016,0.3377074760630166,-0.6745
GSM4918565_P3_treated_10d_TALL_011118_plate2_F2_rep_1_NA,treated,2209235.0,50314.0,2158921.0,0.02277439928300973,0.47887998973914697,1.0279182391021222,1.056197567313337,-0.0049945528785222395,4.965631075384421
GSM4918566_P3_treated_10d_TALL_011118_plate2_F3_rep_1_NA,treated,877374.0,46847.0,830527.0,0.053394561498289216,0.10012963425369545,0.20232653657226154,0.14410247711959778,-0.0931217986659391,0.0
GSM4918567_P3_treated_10d_TALL_011118_plate2_F4_rep_1_NA,treated,1239358.0,53802.0,1185556.0,0.04341118546860552,0.1199764685568519,0.8408672210491193,0.6387853181113142,0.07751039059740576,5.172662921887583
GSM4918568_P3_treated_10d_TALL_011118_plate2_F5_rep_1_NA,treated,934866.0,43682.0,891184.0,0.046725413053849425,0.27791623576948843,0.3116026112444716,0.2002726467054381,-0.1794646283509731,-0.6745
GSM4918569_P3_treated_10d_TALL_011118_plate2_F6_rep_1_NA,treated,960835.0,51762.0,909073.0,0.05387189267668226,0.16533092873010272,0.4829177014938946,0.38575178070724386,0.029979547632189598,-0.6745
GSM4918570_P3_treated_10d_TALL_011118_plate2_F7_rep_1_NA,treated,1127394.0,37710.0,1089684.0,0.03344882090910543,0.2432405855991966,0.5248664082230634,0.4331922555877307,-0.3609248370658176,1.7435572067364198
GSM4918572_P3_treated_10d_TALL_011118_plate2_F9_rep_1_NA,treated,1505931.0,84526.0,1421405.0,0.05612873365379954,1.1901119790786403,1.1498173861200804,0.8345631450105593,0.6353531250708492,4.384146050837622
GSM4918573_P3_treated_10d_TALL_011118_plate2_G10_rep_1_NA,treated,1726708.0,54259.0,1672449.0,0.03142337905424658,0.5105575562625568,0.6802436509814884,0.8421556696815127,0.08818017408164056,3.6136688271148976
GSM4918575_P3_treated_10d_TALL_011118_plate2_G12_rep_1_NA,treated,1916723.0,119045.0,1797678.0,0.06210860932956927,1.5696934775082192,1.1682577014101572,1.125255929943347,1.0580470721208972,-0.6745
GSM4918576_P3_treated_10d_TALL_011118_plate2_G1_rep_1_NA,treated,2041167.0,117253.0,1923914.0,0.057444099380403464,0.6756960801497596,1.0254948877435608,1.3259072391457685,1.0393249333240608,3.637118101664274
GSM4918577_P3_treated_10d_TALL_011118_plate2_G2_rep_1_NA,treated,1652884.0,87285.0,1565599.0,0.052807698543878456,0.4437147341596793,1.1050269693298602,0.7567387781007868,0.6740094088383046,-0.6745
GSM4918578_P3_treated_10d_TALL_011118_plate2_G3_rep_1_NA,treated,811088.0,25502.0,785586.0,0.03144171779141104,-0.4195597124643802,0.3548409206349399,0.35310875426936755,-0.8437529615293627,0.0
GSM4918579_P3_treated_10d_TALL_011118_plate2_G4_rep_1_NA,treated,1478599.0,85856.0,1392743.0,0.0580657771309192,-0.024793959733893978,0.752963780965421,0.43703765680476936,0.6546241362554005,3.4871144134728396
GSM4918581_P3_treated_10d_TALL_011118_plate2_G6_rep_1_NA,treated,897288.0,26100.0,871188.0,0.02908765078770696,-0.20144138110493107,0.04574709866976649,-0.3163094785008641,-0.8151434719393095,1.0690572067364197
GSM4918582_P3_treated_10d_TALL_011118_plate2_G7_rep_1_NA,treated,823118.0,53998.0,769120.0,0.0656017727713402,0.13343116118465506,0.3672390904661728,0.4581485434848256,0.08222834859535542,-0.6745
GSM4918584_P3_treated_10d_TALL_011118_plate2_G9_rep_1_NA,treated,744790.0,16716.0,728074.0,0.02244391036399522,0.1300478007912161,0.05467015987429318,0.0048872072628315215,-1.365110723428561,1.3489999999999998
GSM4918585_P3_treated_10d_TALL_011118_plate2_H2_rep_1_NA,treated,2190035.0,115601.0,2074434.0,0.05278500115294961,1.6918509257793064,1.2554723368250418,1.2927990715059383,1.0218102315169513,-0.6745
GSM4918586_P3_treated_10d_TALL_011118_plate2_H3_rep_1_NA,treated,989666.0,59024.0,930642.0,0.059640323098904074,0.270870809568736,0.4147701302204183,0.5227718298455366,0.1920811589028612,1.5661405000015263
GSM4918587_P3_treated_10d_TALL_011118_plate2_H4_rep_1_NA,treated,2172974.0,58984.0,2113990.0,0.02714436528002636,0.8886096922590057,0.7006974351013414,0.9856712738895589,0.19124437359034124,0.6745
GSM4918589_P3_treated_10d_TALL_011118_plate2_H6_rep_1_NA,treated,1716529.0,44640.0,1671889.0,0.026005969022370144,1.4862590588304496,0.7912663677290808,0.9367933076934617,-0.1526867192571474,3.1322810000030517
GSM4918610_P3_treated_3d_TALL_090117_plate1_B5_rep_1_NA,treated,474862.0,53696.0,421166.0,0.11307706238865187,0.5069723243668569,-0.4404498969097851,-0.9976070950063162,0.07530555538213095,6.232913753543239
GSM4918615_P3_treated_3d_TALL_090117_plate1_C10_rep_1_NA,treated,338026.0,16937.0,321089.0,0.050105613177684555,-1.4745129153136394,-0.671379615976093,-0.8328480935702517,-1.3488992767419543,0.6745
GSM4918616_P3_treated_3d_TALL_090117_plate1_C11_rep_1_NA,treated,126594.0,17607.0,108987.0,0.1390824209678184,-2.2135947824510653,-1.5153592080616962,-1.777127536849947,-1.3010137414643332,-0.6745
GSM4918617_P3_treated_3d_TALL_090117_plate1_C12_rep_1_NA,treated,1030856.0,48325.0,982531.0,0.046878516495029374,0.007455502831342986,0.2925321007345126,0.05137909326264245,-0.054780759582853875,0.39455720673641975
GSM4918618_P3_treated_3d_TALL_090117_plate1_C1_rep_1_NA,treated,518504.0,25795.0,492709.0,0.04974889296900313,-0.11597254549101568,-0.3563060680740756,-0.12142315647127964,-0.8296524036716998,2.7852013949293797
GSM4918621_P3_treated_3d_TALL_090117_plate1_C4_rep_1_NA,treated,116416.0,11135.0,105281.0,0.09564836448598131,-3.0260403216793095,-1.3166519876409828,-1.7898099368072171,-1.866562082363831,2.1381144134728394
GSM4918622_P3_treated_3d_TALL_090117_plate1_C5_rep_1_NA,treated,468292.0,54521.0,413771.0,0.11642522187011523,-0.6758063118799307,-0.3140231316253915,-0.2266589925060956,0.09412607876609838,1.7435572067364198
GSM4918623_P3_treated_3d_TALL_090117_plate1_C6_rep_1_NA,treated,994896.0,145367.0,849529.0,0.14611275952461364,0.8840388943445587,0.5644376278545982,-0.1184560961336321,1.3046215327182367,3.225027126772383
GSM4918625_P3_treated_3d_TALL_090117_plate1_C8_rep_1_NA,treated,66898.0,8641.0,58257.0,0.12916679123441657,-2.9510152758323396,-1.7870345854687641,-1.888461371552241,-2.1795336395335996,1.219060894927854
GSM4918627_P3_treated_3d_TALL_090117_plate1_D10_rep_1_NA,treated,223344.0,14995.0,208349.0,0.06713858442581846,-1.3114384232183638,-0.6788710788949154,-0.9982302981900066,-1.4992975148674874,-0.6745
GSM4918628_P3_treated_3d_TALL_090117_plate1_D11_rep_1_NA,treated,170124.0,17415.0,152709.0,0.10236650913451364,-2.0252175384222286,-1.5068283290868891,-1.2348683268633653,-1.314547321203442,2.5680608949278536
GSM4918629_P3_treated_3d_TALL_090117_plate1_D12_rep_1_NA,treated,454549.0,28466.0,426083.0,0.06262471152725009,-0.5323074481917515,-0.4479414906589239,-0.5275303247486332,-0.7080354665005024,3.7970010402436962
GSM4918630_P3_treated_3d_TALL_090117_plate1_D1_rep_1_NA,treated,412740.0,35709.0,377031.0,0.08651693560110481,0.2979357645570198,-0.6250693304873823,-0.688198950391629,-0.42822361931166986,5.819271605076899
GSM4918632_P3_treated_3d_TALL_090117_plate1_D3_rep_1_NA,treated,197514.0,9124.0,188390.0,0.04619419382929817,-1.2866660519181603,-1.4230981507626614,-1.243373025424852,-2.1124042186875798,0.6745
GSM4918633_P3_treated_3d_TALL_090117_plate1_D4_rep_1_NA,treated,295884.0,28122.0,267762.0,0.09504400373119196,-1.0034631916095191,-0.9180783760777559,-0.3714278480843731,-0.723305950042148,0.8916405000015258
GSM4918634_P3_treated_3d_TALL_090117_plate1_D5_rep_1_NA,treated,112626.0,11057.0,101569.0,0.09817448901674569,-2.736821974222237,-1.4615444508800286,-1.7289871980595894,-1.8752383643840616,-0.6745
GSM4918635_P3_treated_3d_TALL_090117_plate1_D6_rep_1_NA,treated,136893.0,23900.0,112993.0,0.1745889125083094,-2.2522350876984656,-1.2116795615361045,-1.5330518158813302,-0.9238848788589042,-0.6745
GSM4918636_P3_treated_3d_TALL_090117_plate1_D7_rep_1_NA,treated,212907.0,15798.0,197109.0,0.07420141188406205,-1.630864096608001,-0.8109047923625136,-1.0386621464464951,-1.4349050769906269,0.39455720673641975
GSM4918641_P3_treated_3d_TALL_090117_plate1_E12_rep_1_NA,treated,365668.0,28713.0,336955.0,0.07852204732161414,0.4177098402451633,-1.1150369348909666,-0.5240153371377073,-0.6973714512022816,-0.6745
GSM4918646_P3_treated_3d_TALL_090117_plate1_E5_rep_1_NA,treated,264833.0,32449.0,232384.0,0.12252627127283987,0.15157656068625464,-2.0254778655822294,-0.908644991189667,-0.5464656517416845,-0.6745
GSM4918653_P3_treated_3d_TALL_090117_plate1_F12_rep_1_NA,treated,503066.0,34649.0,468417.0,0.06887565448668763,0.18362697817148946,-0.9195150306696095,-0.2440819993425211,-0.4654187205819737,-0.6745
GSM4918654_P3_treated_3d_TALL_090117_plate1_F1_rep_1_NA,treated,245444.0,13728.0,231716.0,0.05593129186290967,-0.012970316329623017,-1.734923801225843,-0.4226012988504065,-1.6081762563255002,-0.6745
GSM4918675_P3_treated_3d_TALL_090117_plate1_H10_rep_1_NA,treated,141853.0,11916.0,129937.0,0.08400245324385103,-2.840822038361436,-1.691900773122926,-1.9171289045261097,-1.7828934497893525,-0.6745
GSM4918690_P3_treated_3d_TALL_090117_plate3_A2_rep_1_NA,treated,1772643.0,175929.0,1596714.0,0.09924671803628819,0.10302858058835254,1.1322532658510507,0.8473010803999425,1.540145824648571,-0.6745
GSM4918691_P3_treated_3d_TALL_090117_plate3_A3_rep_1_NA,treated,533260.0,68368.0,464892.0,0.12820762854892548,-0.5278966301244881,-0.38828348226944487,-0.4025538939315809,0.37348118160877747,-0.6745
GSM4918693_P3_treated_3d_TALL_090117_plate3_A5_rep_1_NA,treated,2408661.0,222537.0,2186124.0,0.09239033637361173,0.9739325716542662,0.9482711541925203,1.0922683017311015,1.8302384654146444,4.436475744510113
GSM4918694_P3_treated_3d_TALL_090117_plate3_A6_rep_1_NA,treated,3720036.0,366170.0,3353866.0,0.09843184313270087,1.646539270130684,1.3132748635802616,1.575992952481312,2.4449654413624993,5.382604145117612
GSM4918695_P3_treated_3d_TALL_090117_plate3_A7_rep_1_NA,treated,5977346.0,551788.0,5425558.0,0.0923132105787418,2.234608258964262,1.8206889271560522,1.8475376575742373,2.951132578789187,6.09582542044749
GSM4918696_P3_treated_3d_TALL_090117_plate3_A8_rep_1_NA,treated,1906131.0,158878.0,1747253.0,0.0833510393566864,-0.05668895239479121,0.8215191857905477,0.6479680357809822,1.4143170835359216,4.426232515137114
GSM4918697_P3_treated_3d_TALL_090117_plate3_A9_rep_1_NA,treated,2412003.0,157975.0,2254028.0,0.065495358007432,0.6623796716846856,0.9232603240158334,1.1992230065890026,1.4072892515907323,-0.6745
GSM4918701_P3_treated_3d_TALL_090117_plate3_B3_rep_1_NA,treated,3169416.0,361002.0,2808414.0,0.11390174088854224,1.1306907954033834,0.9311641241474323,0.9816457226217308,2.4274131603184825,4.514756952833295
GSM4918702_P3_treated_3d_TALL_090117_plate3_B4_rep_1_NA,treated,1978506.0,458051.0,1520455.0,0.23151357640563133,0.8506207655635849,0.46040358102520323,0.8820725980274434,2.721312025956501,6.398870222044279
GSM4918703_P3_treated_3d_TALL_090117_plate3_B5_rep_1_NA,treated,3246823.0,323090.0,2923733.0,0.09950958213613739,0.657441271371043,1.3899772364326595,1.035675907657254,2.290464657689364,-0.6745
GSM4918704_P3_treated_3d_TALL_090117_plate3_B7_rep_1_NA,treated,1093398.0,247546.0,845852.0,0.22640063362106022,-0.18697289478264803,-0.1967800532165325,-0.21080306484996586,1.961707416324581,5.085162618092367
GSM4918705_P3_treated_3d_TALL_090117_plate3_B8_rep_1_NA,treated,3824487.0,183689.0,3640798.0,0.04802970960549742,1.0423660560297108,1.3649574692402018,1.411533115417891,1.5934391136141925,-0.6745
GSM4918706_P3_treated_3d_TALL_090117_plate3_B9_rep_1_NA,treated,3541577.0,616428.0,2925149.0,0.17405466547811893,1.9028686353464614,1.8735761228885077,1.4919182390166756,3.0878623406165477,-0.6745
GSM4918707_P3_treated_3d_TALL_090117_plate3_C10_rep_1_NA,treated,5877536.0,427812.0,5449724.0,0.07278764434620222,1.6925535248455736,1.7443375617416765,2.075786392680169,2.6370089423662613,-0.6745
GSM4918708_P3_treated_3d_TALL_090117_plate3_C2_rep_1_NA,treated,1548971.0,95098.0,1453873.0,0.06139430628462379,1.5403461695050875,0.4256116219961801,0.48209304314213586,0.7808196366214597,6.9335973369199015
GSM4918709_P3_treated_3d_TALL_090117_plate3_C3_rep_1_NA,treated,5200698.0,463713.0,4736985.0,0.08916360842333086,1.479848938351036,1.3520727817692577,1.6092296125780796,2.7364739088286916,-0.6745
GSM4918711_P3_treated_3d_TALL_090117_plate3_C5_rep_1_NA,treated,3242556.0,419110.0,2823446.0,0.1292529720381082,1.3575672439240218,0.5953100817216705,0.9992179403244655,2.6116451377770096,-0.6745
GSM4918712_P3_treated_3d_TALL_090117_plate3_C6_rep_1_NA,treated,3176640.0,204510.0,2972130.0,0.0643793442127531,0.6065980913821977,1.400046251292794,1.3166636820060904,1.725945205468667,5.495289721873533
GSM4918713_P3_treated_3d_TALL_090117_plate3_C7_rep_1_NA,treated,112848.0,18404.0,94444.0,0.16308662980292074,-3.451792924114462,-1.6464092962492918,-2.026045785332064,-1.2464367714578384,-0.6745
GSM4918714_P3_treated_3d_TALL_090117_plate3_C8_rep_1_NA,treated,4473659.0,333207.0,4140452.0,0.0744819844337711,1.547059985500154,1.350987492826328,1.5307395847989362,2.3283532300914738,-0.6745
GSM4918717_P3_treated_3d_TALL_090117_plate3_D12_rep_1_NA,treated,3728983.0,320941.0,3408042.0,0.086066629963183,0.6745,0.8119802966458942,1.3208630972753368,2.2822193265104347,-0.6745
GSM4918718_P3_treated_3d_TALL_090117_plate3_D2_rep_1_NA,treated,3943234.0,335328.0,3607906.0,0.08503882853515668,1.0034937368953354,1.2117151242039124,1.7816306720508772,2.3363559518788546,-0.6745
GSM4918719_P3_treated_3d_TALL_090117_plate3_D4_rep_1_NA,treated,1956635.0,118952.0,1837683.0,0.060794169581960864,0.514923477728702,0.4561030119226008,0.685313587987069,1.0570616438971838,-0.6745
GSM4918720_P3_treated_3d_TALL_090117_plate3_D5_rep_1_NA,treated,3012556.0,208041.0,2804515.0,0.06905796937882648,0.8204829060725286,1.0554071474922988,1.3098363412427858,1.7470995447454092,-0.6745
GSM4918721_P3_treated_3d_TALL_090117_plate3_D6_rep_1_NA,treated,247773.0,22447.0,225326.0,0.09059502044209822,-1.4451721745331094,-1.0103525698993951,-1.1404556952560039,-1.0012509619976486,-0.6745
GSM4918722_P3_treated_3d_TALL_090117_plate3_D7_rep_1_NA,treated,3237543.0,406472.0,2831071.0,0.12554952938076808,1.6146340337686453,1.2501987560944658,1.349874976894514,2.573847922190281,6.225648783883451
GSM4918723_P3_treated_3d_TALL_090117_plate3_D8_rep_1_NA,treated,524665.0,45886.0,478779.0,0.08745771111089934,-0.7771359002716789,-0.5223120052377286,-0.2804884792359758,-0.11870577881141335,2.756993686423354
GSM4918724_P3_treated_3d_TALL_090117_plate3_D9_rep_1_NA,treated,451571.0,55119.0,396452.0,0.12206053976008202,-2.372907118250217,-1.5534726759612913,-1.2823423298893597,0.1070309452814761,-0.6745
GSM4918726_P3_treated_3d_TALL_090117_plate5_A11_rep_1_NA,treated,2671428.0,210329.0,2461099.0,0.07873279758990323,1.18984621467483,1.2612239373133478,1.2310006688780266,1.760606622631649,-0.6745
GSM4918727_P3_treated_3d_TALL_090117_plate5_A1_rep_1_NA,treated,2602950.0,137768.0,2465182.0,0.052927639793311436,0.26427849452264873,1.077739455876904,0.972835744765974,1.2383484797226387,-0.6745
GSM4918728_P3_treated_3d_TALL_090117_plate5_A2_rep_1_NA,treated,2561455.0,96800.0,2464655.0,0.03779102111885627,1.1355638726871902,0.8290230922800094,0.7048425144341384,0.802715840093956,-0.6745
GSM4918729_P3_treated_3d_TALL_090117_plate5_A4_rep_1_NA,treated,1278521.0,68157.0,1210364.0,0.05330925342642006,0.17526264163465327,0.5552259075516548,0.2803892459731536,0.36966580770485036,-0.6745
GSM4918734_P3_treated_3d_TALL_090117_plate5_A9_rep_1_NA,treated,2154353.0,126242.0,2028111.0,0.058598567644206866,0.347581746917333,0.9551637118721246,0.908429097860907,1.13050250476208,3.8164636451160856
GSM4918735_P3_treated_3d_TALL_090117_plate5_B10_rep_1_NA,treated,4094165.0,265201.0,3828964.0,0.06477535712410223,1.3949460493240815,1.668181094731413,1.5796431757088705,2.046749312073806,-0.6745
GSM4918737_P3_treated_3d_TALL_090117_plate5_B12_rep_1_NA,treated,1537726.0,155629.0,1382097.0,0.1012072371800958,0.5094633251861973,0.8475424661961044,0.8163591577495346,1.3888210503944185,1.5661405000015263
GSM4918738_P3_treated_3d_TALL_090117_plate5_B1_rep_1_NA,treated,1260482.0,64110.0,1196372.0,0.05086149584048007,-0.275801116457267,0.10434856236155413,0.2927653746349308,0.2941072666712788,-0.6745
GSM4918739_P3_treated_3d_TALL_090117_plate5_B2_rep_1_NA,treated,476207.0,15631.0,460576.0,0.032823961008553004,-0.6604838515924187,-0.2906059500500102,-0.3399889817179357,-1.4479439662380333,-0.6745
GSM4918741_P3_treated_3d_TALL_090117_plate5_B4_rep_1_NA,treated,2084120.0,125082.0,1959038.0,0.06001669769495039,0.6512583247949599,0.9662766062081326,0.8998135493683329,1.1191079724292559,3.5005366649645717
GSM4918742_P3_treated_3d_TALL_090117_plate5_B5_rep_1_NA,treated,2772010.0,161724.0,2610286.0,0.05834178087380637,0.7894069912875917,0.9667045999801576,1.3930393331640636,1.436240293967917,5.836343934289835
GSM4918744_P3_treated_3d_TALL_090117_plate5_B7_rep_1_NA,treated,2872254.0,246276.0,2625978.0,0.08574311324834084,0.7509810599563275,0.674499817581942,1.078289530572056,1.955253131632165,4.207803996674765
GSM4918745_P3_treated_3d_TALL_090117_plate5_B8_rep_1_NA,treated,267204.0,14484.0,252720.0,0.05420577536264427,-1.4732744105898246,-1.0030231198589497,-0.9769177847971581,-1.5420103972360417,-0.6745
GSM4918746_P3_treated_3d_TALL_090117_plate5_B9_rep_1_NA,treated,3154867.0,192350.0,2962517.0,0.06096928967211613,0.7643612546055051,0.8176992814634739,1.3542465647921758,1.649513024020952,5.357226033851317
GSM4918747_P3_treated_3d_TALL_090117_plate5_C10_rep_1_NA,treated,1375720.0,55222.0,1320498.0,0.040140435553746405,0.10664140450711429,0.24896189510287628,0.2902571844816679,0.10989536487610435,-0.6745
GSM4918749_P3_treated_3d_TALL_090117_plate5_C12_rep_1_NA,treated,788488.0,39671.0,748817.0,0.050312750479398545,-0.21746608593173597,0.12676695976309868,-0.1507398634845464,-0.2983502669372941,4.849536664964572
GSM4918759_P3_treated_3d_TALL_090117_plate5_D11_rep_1_NA,treated,1712431.0,125816.0,1586615.0,0.07347215741831349,0.752811762893595,0.5598082551153912,0.7232160948429406,1.1262418718831044,-0.6745
GSM4918760_P3_treated_3d_TALL_090117_plate5_D12_rep_1_NA,treated,2281840.0,195841.0,2085999.0,0.08582591242155453,1.1051872480010843,0.5751006697593738,0.8322980437377265,1.6725107430538784,-0.6745
GSM4918761_P3_treated_3d_TALL_090117_plate5_D1_rep_1_NA,treated,1707772.0,138791.0,1568981.0,0.0812702163989104,0.6820812950741612,0.35855723062224054,0.3071231887954816,1.247480345694798,-0.6745
GSM4918767_P3_treated_3d_TALL_090117_plate5_D7_rep_1_NA,treated,1371651.0,83781.0,1287870.0,0.06108040602164836,0.3947231748794834,0.4769703931568451,0.38622375260531977,0.6241308335041259,-0.6745
GSM4918768_P3_treated_3d_TALL_090117_plate5_D8_rep_1_NA,treated,2285215.0,172238.0,2112977.0,0.07537058876298292,0.5710780282793219,0.5435331239717481,0.9078903377303404,1.5139731530287777,-0.6745
GSM4918771_P3_treated_3d_TALL_090117_plate5_E11_rep_1_NA,treated,1968285.0,131716.0,1836569.0,0.06691917075017083,1.7798521212597185,0.04615162723327061,0.7357347872045125,1.1828975810112081,1.0690572067364197
GSM4918777_P3_treated_3d_TALL_090117_plate5_E5_rep_1_NA,treated,1637860.0,101070.0,1536790.0,0.061708570940129194,0.3512727732976902,0.2905878403342514,0.894402697608561,0.8559982439949912,4.524113734588555
GSM4918778_P3_treated_3d_TALL_090117_plate5_E6_rep_1_NA,treated,2820125.0,168248.0,2651877.0,0.0596597668543061,1.0457103854881933,1.254841432739433,1.2231111971316715,1.4850564614873853,-0.6745
GSM4918781_P3_treated_3d_TALL_090117_plate5_F10_rep_1_NA,treated,2308457.0,194266.0,2114191.0,0.08415404748713101,0.7375951036333053,1.0241735002752852,1.0405436964682568,1.6625182044170645,-0.6745
GSM4918782_P3_treated_3d_TALL_090117_plate5_F11_rep_1_NA,treated,2625132.0,199655.0,2425477.0,0.07605522312782748,0.7021817324026283,1.138932236534757,1.0988471612412052,1.6963187319634199,-0.6745
GSM4918783_P3_treated_3d_TALL_090117_plate5_F12_rep_1_NA,treated,3443872.0,139119.0,3304753.0,0.04039610066808522,1.4597665745597028,1.3408342650543983,1.3065609245609828,1.2503940105590512,-0.6745
GSM4918785_P3_treated_3d_TALL_090117_plate5_F2_rep_1_NA,treated,1814014.0,156473.0,1657541.0,0.08625787893588473,0.32811275477034035,1.0006595080292597,0.9441785378527724,1.3954970610577377,4.461621789855709
GSM4918788_P3_treated_3d_TALL_090117_plate5_F5_rep_1_NA,treated,3613118.0,284273.0,3328845.0,0.07867802822935759,0.7956173422714503,1.0920267782443984,1.4712110924658555,2.1324718177271316,0.6745
GSM4918790_P3_treated_3d_TALL_090117_plate5_F7_rep_1_NA,treated,266815.0,31783.0,235032.0,0.11911998950583738,-1.682153255753274,-0.7560313429939562,-1.087893781545761,-0.5719870789032002,0.0
GSM4918793_P3_treated_3d_TALL_090117_plate5_G10_rep_1_NA,treated,2626515.0,134281.0,2492234.0,0.05112516014566831,0.39151020642589485,0.8585478519238077,0.5246354189460686,1.2067039783677227,-0.6745
GSM4918796_P3_treated_3d_TALL_090117_plate5_G1_rep_1_NA,treated,3881845.0,278101.0,3603744.0,0.07164144884713326,1.2677315821234176,1.289354779395599,1.5320889674443088,2.1053768007417752,-0.6745
GSM4918797_P3_treated_3d_TALL_090117_plate5_G2_rep_1_NA,treated,2533065.0,171893.0,2361172.0,0.0678596877695598,0.7513793017184042,0.7422398794677657,0.7946521468930395,1.5115053590293415,-0.6745
GSM4918798_P3_treated_3d_TALL_090117_plate5_G3_rep_1_NA,treated,2781009.0,158324.0,2622685.0,0.05693041626258671,1.3665479032298216,1.0635750112480993,1.1499485568732164,1.4100131937998064,-0.6745
GSM4918799_P3_treated_3d_TALL_090117_plate5_G4_rep_1_NA,treated,2909651.0,183584.0,2726067.0,0.06309485226922404,0.9172787734707478,0.9289998999867105,1.3420675739908958,1.5927333312622707,-0.6745
GSM4918801_P3_treated_3d_TALL_090117_plate5_G6_rep_1_NA,treated,1713723.0,122072.0,1591651.0,0.07123204858661522,-0.23175843220034306,0.4118876654504963,0.42700475600514054,1.0890410026373682,4.901447521698711
GSM4918803_P3_treated_3d_TALL_090117_plate5_G8_rep_1_NA,treated,4309382.0,219847.0,4089535.0,0.05101589972761755,1.2897708227642144,1.1196418173867064,1.6260577554495648,1.8142156015250863,-0.6745
GSM4918804_P3_treated_3d_TALL_090117_plate5_G9_rep_1_NA,treated,1824284.0,118279.0,1706005.0,0.06483584792718677,0.44951510288337726,0.4664600533255018,0.5295339028800454,1.0500789164640774,-0.6745
GSM4918805_P3_treated_3d_TALL_090117_plate5_H2_rep_1_NA,treated,1726872.0,243848.0,1483024.0,0.1412079181317434,0.19312695025168006,0.6142999233356037,0.6198881870573856,1.943133659177279,3.8634823466028774
GSM4918808_P3_treated_3d_TALL_103014_plate3_A12_rep_1_NA,treated,401327.0,63888.0,337439.0,0.15919188093499814,-1.1928729172172883,-0.7791591208743753,-1.0053659095080205,0.289825566114283,2.5680608949278536
GSM4918809_P3_treated_3d_TALL_103014_plate3_A1_rep_1_NA,treated,306557.0,43975.0,262582.0,0.14344803739598183,-1.5839446773457062,-0.9552450486013901,-0.8372054263504463,-0.17126902686702344,3.6136688271148976
GSM4918811_P3_treated_3d_TALL_103014_plate3_A3_rep_1_NA,treated,282605.0,35673.0,246932.0,0.12622918915093506,-2.1540337236648535,-0.6580965591585601,-0.9089832042480629,-0.42946863409633296,-0.6745
GSM4918813_P3_treated_3d_TALL_103014_plate3_A5_rep_1_NA,treated,284949.0,47633.0,237316.0,0.16716324675643712,-1.4850976823946154,-1.0654752542729806,-1.2761821077241864,-0.072583884320387,2.495946589886167
GSM4918817_P3_treated_3d_TALL_103014_plate3_A9_rep_1_NA,treated,588510.0,61740.0,526770.0,0.10490900749350053,-1.0539914946229911,-0.40008473008067613,-0.3276015309796885,0.24761160617320208,3.5005366649645717
GSM4918818_P3_treated_3d_TALL_103014_plate3_B10_rep_1_NA,treated,536050.0,78914.0,457136.0,0.1472138793023039,-0.5905189348788218,-0.3806452179760653,-0.4693147819550299,0.5500834427016824,-0.6745
GSM4918819_P3_treated_3d_TALL_103014_plate3_B11_rep_1_NA,treated,370573.0,53663.0,316910.0,0.14481087397085055,-1.248271032482101,-0.6905869853974882,-0.7086570410437768,0.07454673278269387,3.007886626770857
GSM4918822_P3_treated_3d_TALL_103014_plate3_B2_rep_1_NA,treated,262818.0,31790.0,231028.0,0.12095822964941519,-1.620890933613467,-0.94166583015219,-1.1629841897679916,-0.5719482435310222,1.7435572067364198
GSM4918823_P3_treated_3d_TALL_103014_plate3_B3_rep_1_NA,treated,585399.0,77937.0,507462.0,0.1331348362398979,-0.7246675217803298,-0.30861346621823355,-0.2867320418413468,0.5351754781455857,-0.6745
GSM4918829_P3_treated_3d_TALL_103014_plate3_C10_rep_1_NA,treated,624366.0,87994.0,536372.0,0.1409333628032276,-0.9463895927294755,-0.31798711397252233,-0.37816147112372017,0.6849715758116115,0.0
GSM4918830_P3_treated_3d_TALL_103014_plate3_C11_rep_1_NA,treated,275591.0,51423.0,224168.0,0.18659172469347693,-0.9286375131442174,-0.7775301221780563,-1.06434602284493,0.02184470045891444,1.5661405000015263
GSM4918836_P3_treated_3d_TALL_103014_plate3_C5_rep_1_NA,treated,297858.0,39220.0,258638.0,0.13167348199477602,-2.1834055775834904,-0.9470684844859445,-1.2160255171447332,-0.3124631470737572,-0.6745
GSM4918837_P3_treated_3d_TALL_103014_plate3_C6_rep_1_NA,treated,428198.0,77758.0,350440.0,0.18159356185689798,-0.8943446015684728,-0.4985586078964655,-0.6745,0.5323055107969862,2.915140500001526
GSM4918839_P3_treated_3d_TALL_103014_plate3_C8_rep_1_NA,treated,343537.0,45065.0,298472.0,0.1311794653850968,-1.5396282558209284,-0.8826421837531453,-0.7500067389954133,-0.14099068323025313,-0.6745
GSM4918840_P3_treated_3d_TALL_103014_plate3_C9_rep_1_NA,treated,227884.0,38278.0,189606.0,0.167971424057854,-2.5429899510007523,-0.8041342395740563,-1.1608851277223449,-0.3427295873221672,-0.6745
GSM4918844_P3_treated_3d_TALL_103014_plate3_D1_rep_1_NA,treated,266401.0,37651.0,228750.0,0.14133205205686164,-1.7786027084912923,-0.6810660667389102,-1.045079507435038,-0.3628575474197923,3.7042549134743656
GSM4918845_P3_treated_3d_TALL_103014_plate3_D2_rep_1_NA,treated,223099.0,34192.0,188907.0,0.1532593153712029,-1.7118167023932591,-0.7382075032132969,-1.2581209162446179,-0.48180708615646334,1.658886626770857
GSM4918849_P3_treated_3d_TALL_103014_plate3_D6_rep_1_NA,treated,227813.0,37018.0,190795.0,0.16249292182623468,-2.380021438957507,-0.8526041605322084,-1.213161795633357,-0.3838525876543519,1.0690572067364197
GSM4918866_P3_treated_3d_TALL_103014_plate3_F11_rep_1_NA,treated,327945.0,39890.0,288055.0,0.12163624998094193,-1.2845836520077543,-0.7730952303713292,-0.8337800089866023,-0.29155499388504674,0.0
GSM4918869_P3_treated_3d_TALL_103014_plate3_F2_rep_1_NA,treated,183387.0,116189.0,67198.0,0.6335727178044245,-2.597417916017263,-1.9530264473005712,-2.2014181659588634,1.0280303072008705,-0.6745
GSM4918876_P3_treated_3d_TALL_103014_plate3_F9_rep_1_NA,treated,310383.0,42125.0,268258.0,0.1357194176227435,-1.357172299928842,-1.0102052871669456,-0.5459910903294877,-0.2242937527464963,-0.6745
GSM4918877_P3_treated_3d_TALL_103014_plate3_G10_rep_1_NA,treated,359152.0,51374.0,307778.0,0.14304250011137346,-1.808533710715747,-0.8760696525075325,-1.1207720727537644,0.02073997466052723,-0.6745
GSM4918880_P3_treated_3d_TALL_103014_plate3_G1_rep_1_NA,treated,215192.0,37547.0,177645.0,0.17448139336034796,-1.8315366222913265,-1.2086154837375644,-1.4910188436301786,-0.3662717448154632,3.007886626770857
GSM4918882_P3_treated_3d_TALL_103014_plate3_G3_rep_1_NA,treated,275780.0,36637.0,239143.0,0.1328486474726231,-1.9897757021711455,-0.7805737450258581,-1.0131931330973893,-0.39685905728869525,3.3096977067379454
GSM4918886_P3_treated_3d_TALL_103014_plate3_G7_rep_1_NA,treated,214907.0,27051.0,187856.0,0.12587305206438135,-2.100879048846611,-1.3153315522703661,-1.6504891917727615,-0.7709689422579451,1.4636144134728397
GSM4918887_P3_treated_3d_TALL_103014_plate3_G8_rep_1_NA,treated,218938.0,32048.0,186890.0,0.14637934026984808,-1.908235749592352,-1.0396313994675281,-1.3003824781136522,-0.5618152415097094,-0.6745
GSM4918888_P3_treated_3d_TALL_103014_plate3_G9_rep_1_NA,treated,333991.0,61486.0,272505.0,0.18409478099709273,-1.3560606912042972,-0.99807910110271,-1.02506490676345,0.2425230123911937,-0.6745
GSM4918889_P3_treated_3d_TALL_103014_plate3_H1_rep_1_NA,treated,319179.0,33432.0,285747.0,0.10474373314033818,-1.495786734573978,-0.6003464832737515,-1.0199392984213844,-0.509552488556622,-0.6745
GSM4918892_P3_treated_3d_TALL_103014_plate3_H4_rep_1_NA,treated,186851.0,45272.0,141579.0,0.24228931073422139,-2.336646441796892,-1.217071555344553,-1.2751595471595532,-0.1354702431136948,-0.6745
GSM4918893_P3_treated_3d_TALL_103014_plate5_A10_rep_1_NA,treated,316955.0,28349.0,288606.0,0.08944171885598902,-1.4913725987890514,-1.3157714429502128,-1.484957595708618,-0.7131191795406285,-0.6745
GSM4918897_P3_treated_3d_TALL_103014_plate5_A2_rep_1_NA,treated,85011.0,7527.0,77484.0,0.08854148286692311,-3.3321302247549083,-1.8221552495427202,-2.2101645706850817,-2.3502094221726106,-0.6745
GSM4918904_P3_treated_3d_TALL_103014_plate5_A9_rep_1_NA,treated,431770.0,55581.0,376189.0,0.12872825810037752,-1.2830244708719867,-0.7799205148939904,-0.47062136300930996,0.11789388167487239,2.915140500001526
GSM4918906_P3_treated_3d_TALL_103014_plate5_B11_rep_1_NA,treated,140775.0,10187.0,130588.0,0.07236370094121826,-2.7289171667921495,-1.6239840810056207,-1.8469622804470587,-1.9763864916817229,-0.6745
GSM4918912_P3_treated_3d_TALL_103014_plate5_B5_rep_1_NA,treated,547600.0,68145.0,479455.0,0.12444302410518626,-0.3331156004234506,0.14741829787984329,-0.13716503149489506,0.3694484647848975,-0.6745
GSM4918914_P3_treated_3d_TALL_103014_plate5_B7_rep_1_NA,treated,201939.0,16752.0,185187.0,0.08295574406132546,-2.4943302253430373,-1.3499695934720057,-1.688192499041266,-1.3624553854504755,1.0690572067364197
GSM4918915_P3_treated_3d_TALL_103014_plate5_B8_rep_1_NA,treated,135825.0,13202.0,122623.0,0.0971986011411743,-2.6310755872155727,-1.685795091130692,-1.8434015530167904,-1.6563982563294004,-0.6745
GSM4918919_P3_treated_3d_TALL_103014_plate5_C12_rep_1_NA,treated,326112.0,20317.0,305795.0,0.06230068197429104,-1.423675884784989,-0.627826932662715,-0.7291372031345472,-1.1243099438325552,0.39455720673641975
GSM4918921_P3_treated_3d_TALL_103014_plate5_C2_rep_1_NA,treated,94097.0,7039.0,87058.0,0.07480578551919827,-2.871822147905596,-1.734923801225843,-2.1411371224931304,-2.4326099610239047,1.3489999999999998
GSM4918922_P3_treated_3d_TALL_103014_plate5_C3_rep_1_NA,treated,380940.0,44384.0,336556.0,0.11651178663306558,-0.8706489603618818,-0.6745,-0.4862420516324751,-0.15978571887567317,1.658886626770857
GSM4918925_P3_treated_3d_TALL_103014_plate5_C6_rep_1_NA,treated,110125.0,11479.0,98646.0,0.1042360953461975,-2.5681634705991043,-1.7797150021478234,-2.0304219007969495,-1.8290087056252575,1.5661405000015263
GSM4918929_P3_treated_3d_TALL_103014_plate5_D10_rep_1_NA,treated,212910.0,20051.0,192859.0,0.09417594288666573,-2.7669887931053685,-1.4674289066076716,-1.651009257926305,-1.1405767399548383,-0.6745
GSM4918937_P3_treated_3d_TALL_103014_plate5_D7_rep_1_NA,treated,172508.0,18714.0,153794.0,0.10848192547591996,-1.8981176345256912,-1.4842613718886306,-1.6148214373358447,-1.2257521710666361,-0.6745
GSM4918940_P3_treated_3d_TALL_103014_plate5_E10_rep_1_NA,treated,167788.0,15941.0,151847.0,0.09500679428803013,-3.140636849750717,-1.5265942279737046,-1.4077309717324977,-1.423704731983668,-0.6745
GSM4918941_P3_treated_3d_TALL_103014_plate5_E11_rep_1_NA,treated,359065.0,19275.0,339790.0,0.05368108838232632,-1.0951312108697642,-0.7485800686628384,-0.5009311627462179,-1.1892946985788937,-0.6745
GSM4918950_P3_treated_3d_TALL_103014_plate5_E8_rep_1_NA,treated,348625.0,28380.0,320245.0,0.08140552169236286,-1.367228365931215,-0.7943117703843402,-0.6911054310529393,-0.7120746583131977,-0.6745
GSM4918956_P3_treated_3d_TALL_103014_plate5_F2_rep_1_NA,treated,277123.0,30395.0,246728.0,0.10968053896645172,-1.277843324347877,-0.7589900449985025,-0.8751325563147954,-0.6271038476940669,0.0
GSM4918957_P3_treated_3d_TALL_103014_plate5_F3_rep_1_NA,treated,353353.0,30717.0,322636.0,0.08693006710003877,-1.3008277760992148,-0.7387227884155965,-0.6039548502543972,-0.6140964016883544,-0.6745
GSM4918961_P3_treated_3d_TALL_103014_plate5_F7_rep_1_NA,treated,180261.0,15954.0,164307.0,0.08850500108176478,-1.619473650563786,-1.3159914836513522,-1.538305482743829,-1.4227759412048138,2.3333866267708574
GSM4918962_P3_treated_3d_TALL_103014_plate5_F8_rep_1_NA,treated,203288.0,21923.0,181365.0,0.10784207626618393,-1.6904380792282554,-1.2893927293066834,-1.5747840020440385,-1.0304061149201895,0.39455720673641975
GSM4918963_P3_treated_3d_TALL_103014_plate5_F9_rep_1_NA,treated,438733.0,85031.0,353702.0,0.19381035846403166,-0.8611025045861663,-0.3449137068298766,-0.5279706783780538,0.6426912716307591,-0.6745
GSM4918965_P3_treated_3d_TALL_103014_plate5_G11_rep_1_NA,treated,410435.0,37319.0,373116.0,0.09092548150133395,-1.2337817678164593,-0.7230099207676315,-0.7237209802408859,-0.3737899263679985,-0.6745
GSM4918967_P3_treated_3d_TALL_103014_plate5_G1_rep_1_NA,treated,252165.0,24058.0,228107.0,0.0954057858941566,-1.4671030058933465,-1.0976595333991415,-1.2474910071046612,-0.9157002036952078,0.8916405000015258
GSM4918974_P3_treated_3d_TALL_103014_plate5_G8_rep_1_NA,treated,319593.0,29134.0,290459.0,0.0911596937354698,-0.8502443572551056,-0.8800311813066723,-1.036706886353454,-0.679404815650151,4.686673697703865
GSM4918975_P3_treated_3d_TALL_103014_plate5_G9_rep_1_NA,treated,721014.0,41009.0,680005.0,0.0568768428907067,-0.999456798503416,-0.2303927959714993,0.11579973153572083,-0.257406091746921,-0.6745
GSM4918976_P3_treated_3d_TALL_103014_plate5_H1_rep_1_NA,treated,371212.0,29251.0,341961.0,0.07879863797506546,-1.7312673850661429,-0.47515934000361626,-0.7637824095264263,-0.6745,3.6136688271148976
GSM4919045_P3_untreated_PBMC_082217_plate1_H11_rep_1_NA,untreated,411476.0,19434.0,392042.0,0.047229972100438423,0.0014316210833525517,-0.4738478777338648,-0.46369780814731876,-1.1794722995892575,5.467435289031246
GSM4919046_P3_untreated_PBMC_082217_plate1_H12_rep_1_NA,untreated,401114.0,36838.0,364276.0,0.09183922775071426,-1.0212692313021783,-0.5234766198770847,-0.5975007550679188,-0.38980246360957993,-0.6745
GSM4919052_P3_untreated_PBMC_082217_plate1_H6_rep_1_NA,untreated,137300.0,10298.0,127002.0,0.07500364166059723,-1.8972024678579769,-1.5695759435538055,-1.802984768650638,-1.9634901356490586,-0.6745
GSM4919059_P3_untreated_PBMC_092418_plate1_E1_S197_rep1_NA,untreated,1026853.0,46837.0,980016.0,0.045612176231651466,1.4529889883408886,-0.9319037554945518,0.41215971937372636,-0.09338530930606419,5.749142539360456
GSM4919074_P3_untreated_PBMC_092818_plate1_A4_S25_rep1_NA,untreated,352183.0,37126.0,315057.0,0.10541678615946823,0.26427849452264873,-0.7391352678623146,-0.18753784823711603,-0.38018998468783144,5.708647189771411
GSM4919129_P3_untreated_PBMC_092818_plate1_F11_S86_rep1_NA,untreated,150078.0,11356.0,138722.0,0.07566731966044324,-0.6998101675565682,-1.6409936696704466,-1.3475245072381299,-1.8423053823533746,4.251900114645456
GSM4919141_P3_untreated_PBMC_092818_plate1_G11_S87_rep1_NA,untreated,189033.0,6886.0,182147.0,0.03642750207635704,0.18120525837079204,-1.858974969280163,-2.0071984878246556,-2.459732115100902,4.769701363544443
GSM4919168_P3_untreated_TALL_082217_plate1_A3_rep_1_NA,untreated,355532.0,8301.0,347231.0,0.023348109312241936,-0.8336432552284698,-0.916253819271364,-1.0027303225191264,-2.2290779883793457,-0.6745
GSM4919171_P3_untreated_TALL_082217_plate1_A6_rep_1_NA,untreated,1673946.0,111438.0,1562508.0,0.06657203995827822,0.3336274706889039,0.5804222573305609,0.8274155932602528,0.9765277836863256,-0.6745
GSM4919174_P3_untreated_TALL_082217_plate1_A9_rep_1_NA,untreated,652176.0,22235.0,629941.0,0.034093557567282454,1.0757677612004717,-0.5904402661998521,-0.49115841727585974,-1.0129637404200966,3.513776295116726
GSM4919192_P3_untreated_TALL_082217_plate1_C3_rep_1_NA,untreated,435871.0,9402.0,426469.0,0.021570602311234286,-0.846070206468792,-0.8124932906590318,-0.8230704136758029,-2.0753598925530024,-0.6745
GSM4919208_P3_untreated_TALL_082217_plate1_D7_rep_1_NA,untreated,1936342.0,56489.0,1879853.0,0.029173048975852406,1.0565238313689829,0.7528620810940592,0.6969531237734067,0.13785207100767477,-0.6745
GSM4919242_P3_untreated_TALL_082217_plate1_G5_rep_1_NA,untreated,383199.0,17457.0,365742.0,0.045555964394479107,-1.420723692432131,-0.8370791832913203,-0.9001196261628956,-1.311574145409841,-0.6745
GSM4919247_P3_untreated_TALL_082217_plate1_H2_rep_1_NA,untreated,1736530.0,73015.0,1663515.0,0.04204649502168117,1.00159844143824,0.5258067799304105,0.7489334680721118,0.454617950186811,-0.6745
GSM4919262_P3_untreated_TALL_082217_plate3_B12_rep_2_NA,untreated,2085486.0,1038811.0,1046675.0,0.49811458815834775,-1.22390073394076,-0.30452301682571065,-0.9181640054824727,3.7320758564455345,2.190727107817698
GSM4919280_P3_untreated_TALL_082217_plate3_C11_rep_2_NA,untreated,1360606.0,414931.0,945675.0,0.30496043674656736,-0.17981037037204484,-0.9637874567283562,-0.5740745961880749,2.599233723781473,-0.6745
GSM4919281_P3_untreated_TALL_082217_plate3_C12_rep_1_NA,untreated,680716.0,98235.0,582481.0,0.14431128400096369,-0.6009934422474847,0.09451016906280067,0.2789705434759235,0.8208800110601645,-0.6745
GSM4919282_P3_untreated_TALL_082217_plate3_C12_rep_2_NA,untreated,5082180.0,712657.0,4369523.0,0.14022663502670113,1.5214017261733797,1.6931657988061637,2.118692705710429,3.2669291745599236,-0.6745
GSM4919285_P3_untreated_TALL_082217_plate3_C3_rep_2_NA,untreated,968904.0,95275.0,873629.0,0.0983327553606962,1.1118337901694721,-1.5951816905260938,-0.22103038887555235,0.7831149200770378,-0.6745
GSM4919287_P3_untreated_TALL_082217_plate3_C4_rep_2_NA,untreated,8698233.0,3151728.0,5546505.0,0.3623411789497936,1.8472726537339375,-1.0056535994212277,-1.1550637763795006,5.102061263239076,-0.6745
GSM4919289_P3_untreated_TALL_082217_plate3_C5_rep_2_NA,untreated,1063039.0,373544.0,689495.0,0.35139256414863423,-0.6267796113321453,-1.5248549336900967,-1.2017984033800144,2.4695630023495516,-0.6745
GSM4919294_P3_untreated_TALL_082217_plate3_C9_rep_2_NA,untreated,549060.0,72122.0,476938.0,0.1313554074235967,0.4395828732221345,-0.6142252779272102,-0.9003429321378387,0.4393937242938681,5.017465104564037
GSM4919307_P3_untreated_TALL_082217_plate3_D8_rep_2_NA,untreated,527532.0,59351.0,468181.0,0.11250691901154812,0.26925753043095896,-1.1184247055037744,-0.6578595067640072,0.19890068787683363,-0.6745
GSM4919309_P3_untreated_TALL_082217_plate3_D9_rep_2_NA,untreated,454349.0,62013.0,392336.0,0.1364875899363705,-1.1212114527063546,-0.2007869407850615,-0.13655075135417993,0.25265939775336316,-0.6745
GSM4919315_P3_untreated_TALL_082217_plate3_E2_rep_1_NA,untreated,909799.0,75280.0,834519.0,0.08274355104808864,1.0582056143867427,-0.8499746905591813,-0.08022831358651705,0.49236054000224555,5.289665306632614
GSM4919316_P3_untreated_TALL_082217_plate3_E2_rep_2_NA,untreated,7119262.0,587857.0,6531405.0,0.08257274419736203,3.2368351076031137,0.7340631244189548,1.7340646979842989,3.029294297708187,7.6125884153275125
GSM4919318_P3_untreated_TALL_082217_plate3_E4_rep_2_NA,untreated,6013433.0,1406540.0,4606893.0,0.2338996709533473,3.1026375894494835,0.007076565706147387,1.016397516008106,4.106151356872359,-0.6745
GSM4919338_P3_untreated_TALL_082217_plate3_G11_rep_1_NA,untreated,155704.0,15703.0,140001.0,0.10085161588655397,-1.169702905664444,-2.138549175167894,-1.7301238856652157,-1.4422716223362833,3.513776295116726
GSM4919339_P3_untreated_TALL_082217_plate3_G11_rep_2_NA,untreated,1426270.0,142263.0,1284007.0,0.09974478885484515,1.1641881625821666,-0.43241060397876985,0.20356337241506794,1.2779790788472107,5.648964096443501
GSM4919347_P3_untreated_TALL_082217_plate3_G6_rep_1_NA,untreated,149560.0,16892.0,132668.0,0.11294463760363734,-1.025766780694846,-1.4567635020155139,-1.0843146829830996,-1.352183032035478,4.181678996592127
GSM4919348_P3_untreated_TALL_082217_plate3_G6_rep_2_NA,untreated,1210174.0,134792.0,1075382.0,0.11138233014426024,1.1756667188144356,0.1635326372699905,0.7660154568455537,1.2113648653538032,6.345202106983073
GSM4919350_P3_untreated_TALL_082217_plate3_G7_rep_2_NA,untreated,546018.0,90247.0,455771.0,0.16528209692720752,0.43180632743527975,-0.6690241750216653,-0.9984797020120457,0.7160689735757303,6.125011422371816
GSM4919354_P3_untreated_TALL_082217_plate4_A10_rep_2_NA,untreated,1668882.0,230289.0,1438593.0,0.13798998371364782,-2.6114625137001597,-1.7797150021478234,-1.519939871865634,1.8725160089882904,-0.6745
GSM4919357_P3_untreated_TALL_082217_plate4_A12_rep_1_NA,untreated,2706736.0,307996.0,2398740.0,0.1137887108310526,1.779543472849271,1.1145453761058812,0.4396084909313435,2.2313437060174826,4.500550893159773
GSM4919358_P3_untreated_TALL_082217_plate4_A12_rep_2_NA,untreated,1205949.0,68923.0,1137026.0,0.057152499815498005,0.5597352169616527,-1.150851919944365,-0.2940909367476466,0.3834430257213244,5.143540614646982
GSM4919362_P3_untreated_TALL_082217_plate4_A2_rep_2_NA,untreated,1761644.0,557791.0,1203853.0,0.3166309424605652,-1.4671030058933465,-1.394021985681379,-0.429341853040105,2.9644911236535414,-0.6745
GSM4919366_P3_untreated_TALL_082217_plate4_A4_rep_2_NA,untreated,1049800.0,25653.0,1024147.0,0.024436083063440656,0.9347020251147089,-0.5233989234442232,0.04180992324148568,-0.8364660081417974,-0.6745
GSM4919375_P3_untreated_TALL_082217_plate4_A9_rep_2_NA,untreated,697000.0,147263.0,549737.0,0.21128120516499282,-1.0352314303133294,-0.9773475228651776,-0.8818877042400773,1.320616945270022,4.825924814555645
GSM4919383_P3_untreated_TALL_082217_plate4_B2_rep_2_NA,untreated,794174.0,45870.0,748304.0,0.05775812353464102,-0.3824743200966069,-1.7145929868591991,-0.9928849939858796,-0.11913625476751344,-0.6745
GSM4919385_P3_untreated_TALL_082217_plate4_B3_rep_2_NA,untreated,1877277.0,79630.0,1797647.0,0.04241782113135142,1.486986928420345,0.4246954052139087,0.5653391213517321,0.5617017211323116,6.420994652542746
GSM4919392_P3_untreated_TALL_082217_plate4_B7_rep_2_NA,untreated,701190.0,132557.0,568633.0,0.18904576505654672,-0.40953019013707337,-1.2396267393080158,-0.8377255839200883,1.1907538117718826,-0.6745
GSM4919396_P3_untreated_TALL_082217_plate4_B9_rep_2_NA,untreated,1206439.0,85495.0,1120944.0,0.07086558043962438,0.9544946084314849,-0.8635781332085245,-0.14490345438049296,0.6494231107533949,-0.6745
GSM4919425_P3_untreated_TALL_082217_plate4_D4_rep_2_NA,untreated,1909100.0,110893.0,1798207.0,0.058086532921271805,2.1410719154892353,-0.040183839453292534,1.0071071521071004,0.9704873149235231,-0.6745
GSM4919430_P3_untreated_TALL_082217_plate4_D7_rep_2_NA,untreated,4246556.0,441384.0,3805172.0,0.10393928632991063,2.73455738455451,1.349097783711459,0.9355234967478958,2.6755627064052603,-0.6745
GSM4919438_P3_untreated_TALL_082217_plate4_E12_rep_2_NA,untreated,2072632.0,294081.0,1778551.0,0.14188770606648937,0.4062773844036923,-0.4456932762320105,-0.5310592850178439,2.1743289113225397,0.0
GSM4919440_P3_untreated_TALL_082217_plate4_E1_rep_2_NA,untreated,1964999.0,49670.0,1915329.0,0.025277366553367202,0.15847554120309756,0.657777743950756,0.6886201428038992,-0.020895592864532967,-0.6745
GSM4919443_P3_untreated_TALL_082217_plate4_E3_rep_2_NA,untreated,901713.0,131305.0,770408.0,0.145617286209692,0.3652307283885905,-1.42741684200745,-0.9864636068657423,1.1790399445352078,0.0
GSM4919450_P3_untreated_TALL_082217_plate4_E7_rep_2_NA,untreated,535577.0,59195.0,476382.0,0.11052565737513,-1.2644870095833658,-1.9867952060568899,-1.4002476509901984,0.19565203380423193,-0.6745
GSM4919456_P3_untreated_TALL_082217_plate4_F12_rep_1_NA,untreated,527117.0,29380.0,497737.0,0.055737151334523456,-0.7866256216357755,-0.39560495130000106,-0.33088798692629756,-0.6690262846824955,-0.6745
GSM4919457_P3_untreated_TALL_082217_plate4_F12_rep_2_NA,untreated,3591733.0,193246.0,3398487.0,0.05380299704905682,1.2435671082520763,1.1000708428760684,1.4068626386658296,1.6560455169161963,-0.6745
GSM4919463_P3_untreated_TALL_082217_plate4_F4_rep_2_NA,untreated,452172.0,25124.0,427048.0,0.05556292738161585,-0.9060224003695322,-0.7040604486376779,-0.5172444001789034,-0.8624310330107606,-0.6745
GSM4919471_P3_untreated_TALL_082217_plate4_F8_rep_2_NA,untreated,907790.0,65050.0,842740.0,0.07165754194251975,-0.17999825330960648,0.28402604243154883,0.14976582746694395,0.3120741857230577,0.39455720673641975
GSM4919478_P3_untreated_TALL_082217_plate4_G1_rep_2_NA,untreated,2233332.0,76859.0,2156473.0,0.03441449815790935,2.0790525301753515,0.26716350598107635,0.3620698784790092,0.5178547198169495,-0.6745
GSM4919483_P3_untreated_TALL_082217_plate4_G4_rep_1_NA,untreated,274749.0,10578.0,264171.0,0.03850059508860815,-0.1700850232207099,-1.6973291117923786,-0.7617740261357228,-1.92989995717765,4.591560894927854
GSM4919484_P3_untreated_TALL_082217_plate4_G4_rep_2_NA,untreated,1919534.0,71236.0,1848298.0,0.0371110905042578,1.9148154535961892,-0.17730250883761883,0.9672132547312389,0.4242046592580289,6.9041915724366065
GSM4919489_P3_untreated_TALL_082217_plate4_G7_rep_2_NA,untreated,578782.0,36959.0,541823.0,0.06385651246928896,0.0626228745895245,-0.6329235812447185,-0.05863722499159102,-0.3857547653169937,-0.6745
GSM4919497_P3_untreated_TALL_082217_plate5_A12_rep_1_NA,untreated,2494123.0,50859.0,2443264.0,0.02039153642382513,1.2635675396499741,0.8946308423323672,1.362716281983509,0.008303876184186237,-0.6745
GSM4919517_P3_untreated_TALL_082217_plate5_B8_rep_1_NA,untreated,937178.0,46440.0,890738.0,0.04955301981053759,-0.11597254549101568,0.027505573839500898,0.2979053854961926,-0.10391897019820012,-0.6745
GSM4919527_P3_untreated_TALL_082217_plate5_C7_rep_1_NA,untreated,615782.0,35203.0,580579.0,0.057167958790610963,-0.03214722998056606,-0.379422460372366,-0.27246997576576,-0.4458392726708223,2.6022081812135474
GSM4919535_P3_untreated_TALL_082217_plate5_D3_rep_1_NA,untreated,259934.0,22333.0,237601.0,0.08591796379080843,-1.5812066821506074,-0.9694895867634605,-1.350300761659747,-1.007535526022123,2.1381144134728394
GSM4919575_P3_untreated_TALL_082217_plate5_G9_rep_1_NA,untreated,1083535.0,82990.0,1000545.0,0.07659189597013479,0.33046286945563685,0.21249983220395646,-0.11383982605370023,0.6127014658572212,1.4636144134728397
GSM4919594_P3_untreated_TALL_102714_plate4_B3_rep_1_NA,untreated,2386319.0,925652.0,1460667.0,0.38789952223487306,-0.7259099267488999,-1.1031306701835915,-0.458319740321126,3.5896723387590477,-0.6745
GSM4919601_P3_untreated_TALL_102714_plate4_C10_rep_1_NA,untreated,578618.0,72396.0,506222.0,0.12511881759641075,-0.9074910029900488,-0.30109234094940346,-0.3943694426132568,0.44402336998345576,2.1381144134728394
GSM4919602_P3_untreated_TALL_102714_plate4_C11_rep_1_NA,untreated,2276305.0,977982.0,1298323.0,0.4296357474064328,0.024862428550988146,-2.065642535853588,-0.42534369745268485,3.6575568784935215,0.0
GSM4919606_P3_untreated_TALL_102714_plate4_C3_rep_1_NA,untreated,744215.0,212345.0,531870.0,0.28532749272723607,-0.32901214765978726,-1.238234546731325,-0.9593212375824528,1.7723699469370369,-0.6745
GSM4919613_P3_untreated_TALL_102714_plate4_D10_rep_1_NA,untreated,1790802.0,631488.0,1159314.0,0.3526285988065682,0.10822724363375295,-1.2524748215202237,-0.6014792187431801,3.1176393122011117,1.8214465898861667
GSM4919618_P3_untreated_TALL_102714_plate4_D3_rep_1_NA,untreated,454064.0,79087.0,374977.0,0.1741758870996159,0.05023217422055003,-0.6273814818920368,-0.69961515954503,0.5529436417401888,5.136121789855707
GSM4919619_P3_untreated_TALL_102714_plate4_D4_rep_1_NA,untreated,488812.0,88971.0,399841.0,0.1820147623217106,-0.036747879092782695,-1.1888078406252085,-1.716858852266018,0.698504097569333,4.008226033851317
GSM4919629_P3_untreated_TALL_102714_plate4_E2_rep_1_NA,untreated,295437.0,68325.0,227112.0,0.23126757989012886,-0.6566868117056337,-1.7273304135712217,-1.1334585918508728,0.3726323318971131,-0.6745
GSM4919639_P3_untreated_TALL_102714_plate4_F12_rep_1_NA,untreated,745071.0,215962.0,529109.0,0.2898542555004825,-0.8156032188614509,-1.3020355581878627,-1.045079507435038,1.7931100232054336,-0.6745
GSM4919646_P3_untreated_TALL_102714_plate4_F7_rep_1_NA,untreated,608576.0,39919.0,568657.0,0.06559410821327163,0.33923073696036077,-0.4616436600426612,-0.6756263152521617,-0.29102906826206676,5.483201394929379
GSM4919655_P3_untreated_TALL_102714_plate4_G4_rep_1_NA,untreated,2272694.0,793609.0,1479085.0,0.3491930721865768,2.134237128895073,0.08261786919947882,0.5454287043717535,3.3997162482815426,-0.6745
GSM4919661_P3_untreated_TALL_102714_plate4_H1_rep_1_NA,untreated,543078.0,91011.0,452067.0,0.1675836620154011,-0.9839717155787091,-1.8303290411050388,-1.2043110614132044,0.7265569805163314,-0.6745
GSM4919662_P3_untreated_TALL_102714_plate4_H2_rep_1_NA,untreated,855355.0,232963.0,622392.0,0.27235826060524576,-2.9607238866610777,-1.9757206450892235,-2.1166304675004413,1.8867184866603655,-0.6745
GSM4919695_P3_untreated_TALL_102714_plate6_C4_rep_1_NA,untreated,334846.0,91030.0,243816.0,0.27185631603782034,-0.9320144379463573,-1.075196956344198,-1.2531222943743319,0.7268553323471729,6.122312120210785
GSM4919704_P3_untreated_TALL_102714_plate6_D1_rep_1_NA,untreated,538025.0,54966.0,483059.0,0.1021625389154779,0.24781032217016666,-1.3959751126034925,-0.39222480617474276,0.10415986315048989,-0.6745
GSM4919707_P3_untreated_TALL_102714_plate6_D4_rep_1_NA,untreated,594785.0,59669.0,535116.0,0.10032028380002858,-0.5109402391951189,-0.017744742698996875,-0.513192048642295,0.205434522260053,2.082493686423354
GSM4919721_P3_untreated_TALL_102714_plate6_E6_rep_1_NA,untreated,1395829.0,144213.0,1251616.0,0.10331709686501714,0.7224073784435303,0.8845296745823772,0.3931433434465542,1.2946550789860853,-0.6745
GSM4919724_P3_untreated_TALL_102714_plate6_E9_rep_1_NA,untreated,444673.0,42060.0,402613.0,0.09458635896490229,-1.0995076993386343,-0.5691890099438989,-0.5849664518413504,-0.2267576102880706,-0.6745
GSM4919730_P3_untreated_TALL_102714_plate6_F3_rep_1_NA,untreated,429390.0,81395.0,347995.0,0.1895596078157386,-1.5568707828736366,-2.179166661103446,-2.06126102560463,0.588762248250964,-0.6745
GSM4919731_P3_untreated_TALL_102714_plate6_F4_rep_1_NA,untreated,298397.0,24812.0,273585.0,0.08315097001645459,-1.0406177657088103,-0.9235784333113636,-1.2863005251973263,-0.8776095394590965,-0.6745
GSM4919735_P3_untreated_TALL_102714_plate6_F8_rep_1_NA,untreated,695379.0,77258.0,618121.0,0.11110200336794755,-0.4228452482401557,0.07578843126941201,-0.2945423174100772,0.5243585481406455,2.5326716202092596
GSM4919753_P3_untreated_TALL_102714_plate7_A10_rep_1_NA,untreated,798656.0,100936.0,697720.0,0.12638232230146645,-2.061856380185423,-1.0364236397682736,-0.7217097999170521,0.8543606390377669,1.3489999999999998
GSM4919755_P3_untreated_TALL_102714_plate7_A12_rep_1_NA,untreated,933297.0,62283.0,871014.0,0.06673438358850398,0.015644881394456866,-0.2987752223494515,-0.1509318723311283,0.25836066958319825,5.123629990519405
GSM4919764_P3_untreated_TALL_102714_plate7_A9_rep_1_NA,untreated,636603.0,54092.0,582511.0,0.0849697535198546,-0.33614915947661295,-0.31143110348928726,-0.40798828462900816,0.08403288953245094,-0.6745
GSM4919765_P3_untreated_TALL_102714_plate7_B10_rep_1_NA,untreated,1319822.0,59837.0,1259985.0,0.04533717425531625,0.32233336718498484,0.11912234746341051,0.3579930899114042,0.20896703048500084,5.069339540922586
GSM4919767_P3_untreated_TALL_102714_plate7_B12_rep_1_NA,untreated,1011891.0,53563.0,958328.0,0.05293356695533412,-0.18716202230343498,0.024561062237448916,0.11945369775510617,0.07222137278114173,4.220608099896194
GSM4919768_P3_untreated_TALL_102714_plate7_B1_rep_1_NA,untreated,872284.0,82124.0,790160.0,0.09414823612493178,0.15337452021089956,-0.13711090378456098,-0.3419513930510802,0.5997381927167598,5.513987372846708
GSM4919769_P3_untreated_TALL_102714_plate7_B2_rep_1_NA,untreated,590207.0,36116.0,554091.0,0.06119209023274885,-0.504332540033455,-0.35275865082022667,-0.379961620960034,-0.4142346994925718,-0.6745
GSM4919770_P3_untreated_TALL_102714_plate7_B3_rep_1_NA,untreated,1099360.0,163936.0,935424.0,0.14911948770193567,0.6586562959187529,0.13167867494129076,0.18043321968458598,1.4530089233849004,5.341273253541714
GSM4919773_P3_untreated_TALL_102714_plate7_B6_rep_1_NA,untreated,697298.0,64354.0,632944.0,0.09229052714908116,-0.594366208485721,-0.17878321500433228,-0.20859746645157004,0.2987962101515169,-0.6745
GSM4919775_P3_untreated_TALL_102714_plate7_B8_rep_1_NA,untreated,813211.0,93497.0,719714.0,0.11497262088191133,0.039081088165836345,-0.0802166909377422,-0.4792655685874591,0.7598357148888446,-0.6745
GSM4919776_P3_untreated_TALL_102714_plate7_B9_rep_1_NA,untreated,1338587.0,251634.0,1086953.0,0.18798479291969816,0.6276863560033665,0.2257690198829702,0.21030022795631154,1.981925326873969,-0.6745
GSM4919777_P3_untreated_TALL_102714_plate7_C10_rep_1_NA,untreated,785404.0,65553.0,719851.0,0.08346405162184048,-0.47114708693037105,-0.10174308333036836,-0.17181885355120513,0.3215820545165655,-0.6745
GSM4919778_P3_untreated_TALL_102714_plate7_C11_rep_1_NA,untreated,580638.0,38500.0,542138.0,0.06630637333416001,-0.21338922143596342,-0.2068627277754867,-0.481631426591869,-0.3353335493563209,4.829333216657023
GSM4919779_P3_untreated_TALL_102714_plate7_C12_rep_1_NA,untreated,1213427.0,86987.0,1126440.0,0.0716870483350049,-0.23907503894181176,0.6643834293306474,0.38577800795213746,0.6707783131240627,5.098154771099714
GSM4919780_P3_untreated_TALL_102714_plate7_C1_rep_1_NA,untreated,865789.0,88459.0,777330.0,0.1021715452610278,-0.7268426650383988,0.04132003879298287,-0.3264892419307898,0.6912400897403831,-0.6745
GSM4919782_P3_untreated_TALL_102714_plate7_C3_rep_1_NA,untreated,742322.0,36227.0,706095.0,0.04880227179040902,-0.6566868117056337,-0.0652172191005362,-0.2234233955012554,-0.41044689417202257,4.127225753552006
GSM4919783_P3_untreated_TALL_102714_plate7_C4_rep_1_NA,untreated,780479.0,53386.0,727093.0,0.06840158415537126,-0.33354844703611103,-0.058185209559456816,-0.13357986161340465,0.06808939782029111,4.866058246980117
GSM4919784_P3_untreated_TALL_102714_plate7_C5_rep_1_NA,untreated,1025619.0,59929.0,965690.0,0.05843202982784055,-0.03034515629744054,0.047474037873735817,0.1090913293031835,0.2108633869061968,5.643084333508803
GSM4919785_P3_untreated_TALL_102714_plate7_C6_rep_1_NA,untreated,1150573.0,104593.0,1045980.0,0.09090514030835072,0.649247818602594,0.17965235753350373,0.38556816829420404,0.898114121206647,5.465667626773908
GSM4919786_P3_untreated_TALL_102714_plate7_C7_rep_1_NA,untreated,626918.0,37950.0,588968.0,0.06053423254715928,-0.9085937610252691,-0.9491044065347533,-0.6593904088656303,-0.35335423703312124,-0.6745
GSM4919788_P3_untreated_TALL_102714_plate7_C9_rep_1_NA,untreated,1128135.0,83161.0,1044974.0,0.07371546845014117,0.48143625598993006,-0.10317321265427326,0.17036144158704766,0.6152422405522656,6.473886411359
GSM4919789_P3_untreated_TALL_102714_plate7_D10_rep_1_NA,untreated,751543.0,40937.0,710606.0,0.05447060248049679,-0.16636759618045355,-0.37091771430543247,-0.180958547861309,-0.25957512944698974,5.467435289031246
GSM4919790_P3_untreated_TALL_102714_plate7_D11_rep_1_NA,untreated,1597036.0,154171.0,1442865.0,0.09653570739795471,0.018152304195346754,0.3601409206654677,0.3888412592153072,1.377202569066472,3.3724999999999996
GSM4919791_P3_untreated_TALL_102714_plate7_D12_rep_1_NA,untreated,1016718.0,60930.0,955788.0,0.05992812166205379,-1.4037576035875434,0.37283684261534633,0.09413737086818086,0.23129017916240452,5.232921558333175
GSM4919792_P3_untreated_TALL_102714_plate7_D1_rep_1_NA,untreated,1027900.0,74503.0,953397.0,0.07248078606868373,0.18590920512753986,0.1722117431070878,0.06586188830046572,0.4792889575409164,4.181678996592127
GSM4919793_P3_untreated_TALL_102714_plate7_D2_rep_1_NA,untreated,741111.0,46824.0,694287.0,0.06318081906758907,-0.08782275378863096,-0.4634367329032991,-0.389457063017175,-0.09385977026480824,-0.6745
GSM4919794_P3_untreated_TALL_102714_plate7_D3_rep_1_NA,untreated,949858.0,69362.0,880496.0,0.07302354667750337,-0.003667192919940788,-0.20670895930707353,-0.1792221840981254,0.3912980725527224,3.3096977067379454
GSM4919795_P3_untreated_TALL_102714_plate7_D4_rep_1_NA,untreated,412651.0,37565.0,375086.0,0.09103334294597613,-0.7696681495652454,-0.36326200195149,-0.6546362459947983,-0.3656801498427885,4.105993686423354
GSM4919797_P3_untreated_TALL_102714_plate7_D6_rep_1_NA,untreated,585084.0,49989.0,535095.0,0.08543901388518571,-0.7231165136244756,-0.4761079143323301,-0.4407132848508986,-0.013166400277355744,-0.6745
GSM4919798_P3_untreated_TALL_102714_plate7_D7_rep_1_NA,untreated,612561.0,57142.0,555419.0,0.0932837709224061,-0.8005182080632457,-0.6277378216529221,-0.44297847171260973,0.15201783006548208,3.682386626770857
GSM4919799_P3_untreated_TALL_102714_plate7_D8_rep_1_NA,untreated,656318.0,41603.0,614715.0,0.06338847936518578,-0.7466177217657892,-0.3623182882883813,-0.20069222366525277,-0.23986319076931648,-0.6745
GSM4919800_P3_untreated_TALL_102714_plate7_D9_rep_1_NA,untreated,708689.0,50520.0,658169.0,0.07128655870205408,-0.4200284659908959,-0.289348095053995,-0.2934706628388557,0.0,-0.6745
GSM4919802_P3_untreated_TALL_102714_plate7_E11_rep_1_NA,untreated,1384679.0,87015.0,1297664.0,0.06284127945899375,-0.004466051670595057,0.5592463367313522,0.6531840588731143,0.6710478943757494,-0.6745
GSM4919803_P3_untreated_TALL_102714_plate7_E12_rep_1_NA,untreated,916096.0,77752.0,838344.0,0.08487320106189744,-0.8264593946990992,-0.03411332081008372,0.0,0.532242010680614,3.151550893159774
GSM4919804_P3_untreated_TALL_102714_plate7_E1_rep_1_NA,untreated,1020339.0,43869.0,976470.0,0.04299453416952601,0.3529986287232609,-0.025945660802795256,0.012467514805160382,-0.17419179450538516,5.009015577046565
GSM4919805_P3_untreated_TALL_102714_plate7_E2_rep_1_NA,untreated,895815.0,62764.0,833051.0,0.07006357339406016,0.033385096260251663,-0.2401301276684459,-0.19129792543262003,0.2678964405363401,-0.6745
GSM4919806_P3_untreated_TALL_102714_plate7_E3_rep_1_NA,untreated,843941.0,69620.0,774321.0,0.08249391841372797,0.2363496872169361,-0.1245858000082415,-0.26627090360901556,0.39586311465856067,5.719611788087628
GSM4919807_P3_untreated_TALL_102714_plate7_E4_rep_1_NA,untreated,580177.0,35281.0,544896.0,0.06081075258067797,-1.0560961121990655,-0.6069073699773098,-0.5659925137169612,-0.4431073728758083,-0.6745
GSM4919808_P3_untreated_TALL_102714_plate7_E5_rep_1_NA,untreated,977023.0,149358.0,827665.0,0.15287050560733983,0.12026145148999705,0.38228083579946137,0.22623171771320952,1.3380534437803804,4.706175308400693
GSM4919809_P3_untreated_TALL_102714_plate7_E6_rep_1_NA,untreated,803890.0,69466.0,734424.0,0.08641232009354513,-0.04434869923530967,0.08886536825206222,-0.3429044289973683,0.39284532800023575,5.200938939530213
GSM4919810_P3_untreated_TALL_102714_plate7_E7_rep_1_NA,untreated,673252.0,49242.0,624010.0,0.07314051796355599,-0.3600622440450606,-0.6087302623252462,-0.5138420731669937,-0.031653016638192845,4.533381402782997
GSM4919811_P3_untreated_TALL_102714_plate7_E8_rep_1_NA,untreated,1205390.0,88525.0,1116865.0,0.07344096101676635,-0.3142393152925195,-0.18553211115550988,0.13221267426896408,0.6922585122481356,-0.6745
GSM4919812_P3_untreated_TALL_102714_plate7_E9_rep_1_NA,untreated,910365.0,82839.0,827526.0,0.09099536998896048,-0.7768101443706439,-0.5227776373046222,-0.09430396585300649,0.6103789954409127,-0.6745
GSM4919814_P3_untreated_TALL_102714_plate7_F11_rep_1_NA,untreated,1073575.0,74706.0,998869.0,0.06958619565470507,0.0,0.297199314576314,0.2907827412204759,0.4829127474316763,-0.6745
GSM4919815_P3_untreated_TALL_102714_plate7_F12_rep_1_NA,untreated,1193309.0,63265.0,1130044.0,0.05301644419006309,0.2029405878146076,0.1878149460385197,0.2179057209397198,0.2776518230326324,4.935594807984404
GSM4919816_P3_untreated_TALL_102714_plate7_F1_rep_1_NA,untreated,755984.0,36284.0,719700.0,0.04799572477724396,-0.26843730976967384,-0.4394055411412435,-0.4919334704530547,-0.40850631250962977,1.0690572067364197
GSM4919817_P3_untreated_TALL_102714_plate7_F2_rep_1_NA,untreated,841882.0,65052.0,776830.0,0.0772697361387938,-0.6267796113321453,0.06241094367081706,-0.05264338787290366,0.3115237790389326,4.9202216951274025
GSM4919818_P3_untreated_TALL_102714_plate7_F3_rep_1_NA,untreated,517307.0,45261.0,472046.0,0.0874934999913011,-1.0552537751845144,-0.64586214725046,-0.7488762034733697,-0.13623398028465522,-0.6745
GSM4919819_P3_untreated_TALL_102714_plate7_F4_rep_1_NA,untreated,593836.0,42052.0,551784.0,0.0708141641800093,-0.5960192255961194,-0.3901724742291094,-0.595914348465079,-0.22640532939424085,1.8935608949278542
GSM4919820_P3_untreated_TALL_102714_plate7_F5_rep_1_NA,untreated,1309205.0,87841.0,1221364.0,0.06709491638055155,-0.09145330939154027,0.7156888132469454,0.643054929927762,0.6827391368793768,-0.6745
GSM4919821_P3_untreated_TALL_102714_plate7_F6_rep_1_NA,untreated,1011674.0,54705.0,956969.0,0.05407374312278461,-0.25385796356547535,-0.28530277384486075,0.08288336901922355,0.09826221030228648,5.670702106983072
GSM4919822_P3_untreated_TALL_102714_plate7_F7_rep_1_NA,untreated,1013713.0,103443.0,910270.0,0.10204367508357888,0.03969508366623397,0.47454489055998716,0.2306155369215745,0.8845249726429686,1.8214465898861667
GSM4919823_P3_untreated_TALL_102714_plate7_F8_rep_1_NA,untreated,547909.0,45442.0,502467.0,0.08293713007086943,-0.7037614508883598,-0.5263569771113438,-0.5139865877202521,-0.13070756222186972,4.986118101664274
GSM4919825_P3_untreated_TALL_102714_plate7_G10_rep_1_NA,untreated,669189.0,40680.0,628509.0,0.060790001031098835,-0.5445962193979453,-0.4731202626906157,-0.5377141355120486,-0.2673789640314108,3.112621789855708
GSM4919826_P3_untreated_TALL_102714_plate7_G11_rep_1_NA,untreated,999743.0,52695.0,947048.0,0.05270854609634676,-0.26457091340822875,-0.06901431489427065,0.20620004129862476,0.051796706990928226,-0.6745
GSM4919827_P3_untreated_TALL_102714_plate7_G12_rep_1_NA,untreated,860775.0,67386.0,793389.0,0.078285266184543,-0.27416039021603467,-0.5110685335814413,-0.09340360786638943,0.3553850282932621,5.684928936489045
GSM4919828_P3_untreated_TALL_102714_plate7_G1_rep_1_NA,untreated,1066086.0,76353.0,989733.0,0.07161992559699687,-0.10189377507970473,-0.029916956391060137,-0.08133731173037453,0.5097492014049456,4.426232515137114
GSM4919829_P3_untreated_TALL_102714_plate7_G2_rep_1_NA,untreated,804559.0,27264.0,777295.0,0.033886887102126756,-0.6772910938555388,-0.22727980482210453,-0.5003616796708272,-0.7612879715636929,4.736587089887693
GSM4919830_P3_untreated_TALL_102714_plate7_G3_rep_1_NA,untreated,748777.0,49204.0,699573.0,0.06571248849791059,-0.8025174654230519,-0.04220438771113525,-0.36346313787360485,-0.032555805348683735,2.8905037966225864
GSM4919831_P3_untreated_TALL_102714_plate7_G4_rep_1_NA,untreated,783261.0,48252.0,735009.0,0.06160398641066005,-1.2058547297806341,-0.6097738783465254,-0.4571666821861446,-0.056953776710443334,3.4871144134728396
GSM4919832_P3_untreated_TALL_102714_plate7_G5_rep_1_NA,untreated,1102751.0,107178.0,995573.0,0.09719147840264937,0.35196344495194026,0.011283444222115,0.17423081482216743,0.9284155539445271,-0.6745
GSM4919833_P3_untreated_TALL_102714_plate7_G6_rep_1_NA,untreated,1065891.0,71062.0,994829.0,0.06666910594047609,0.37665174500924065,0.3067098972913551,0.3715013202293829,0.42111649503044524,-0.6745
GSM4919834_P3_untreated_TALL_102714_plate7_G7_rep_1_NA,untreated,936339.0,91919.0,844420.0,0.09816850521018562,0.2758197519862186,0.2682902173584815,0.15535927927210172,0.7388515197790901,-0.6745
GSM4919837_P3_untreated_TALL_102714_plate7_H10_rep_1_NA,untreated,264208.0,25278.0,238930.0,0.0956746199963665,-1.79263395034556,-1.0814781728161673,-1.0736631590947299,-0.8546426106156078,-0.6745
GSM4919838_P3_untreated_TALL_102714_plate7_H11_rep_1_NA,untreated,647658.0,37394.0,610264.0,0.05773726256758969,-0.14142136059576554,-0.6313999540091623,-0.5110287312724279,-0.3713447920291576,4.201338206739472
GSM4919839_P3_untreated_TALL_102714_plate7_H12_rep_1_NA,untreated,572332.0,38771.0,533561.0,0.06774214966138535,-0.23412598364777645,-0.9401867978396559,-0.7565354068434533,-0.32683477043115333,5.148455260472925
GSM4919840_P3_untreated_TALL_102714_plate7_H1_rep_1_NA,untreated,658489.0,48827.0,609662.0,0.07415006173223851,-0.511450194560674,-0.2695000525509954,-0.4307882403682486,-0.04210044754793202,0.6745
GSM4919841_P3_untreated_TALL_102714_plate7_H2_rep_1_NA,untreated,707332.0,26296.0,681036.0,0.037176318899752876,-0.6364665508663094,-0.6086433588717254,-0.5123260889910828,-0.8061436301353143,0.0
GSM4919842_P3_untreated_TALL_102714_plate7_H3_rep_1_NA,untreated,502272.0,33255.0,469017.0,0.06620914564220183,-0.9776822485720987,-0.6357098355872968,-0.7773862358758914,-0.5169587621596087,1.3489999999999998
GSM4919843_P3_untreated_TALL_102714_plate7_H4_rep_1_NA,untreated,563540.0,46247.0,517293.0,0.08206515952727401,-0.8678116131540247,-0.18448608797072372,-0.3084208488645771,-0.10903285793471681,-0.6745
GSM4919844_P3_untreated_TALL_102714_plate7_H5_rep_1_NA,untreated,505533.0,57896.0,447637.0,0.11452467000176052,-1.3870527497678413,-0.5244873958188397,-0.6683736739126894,0.16826349351786837,4.13420139492938
GSM4919845_P3_untreated_TALL_102714_plate7_H6_rep_1_NA,untreated,563295.0,41784.0,521511.0,0.07417782866881474,-1.0834021234419646,-0.4708690657426032,-0.5315750991258155,-0.23432652781624635,2.0235
GSM4919846_P3_untreated_TALL_102714_plate7_H7_rep_1_NA,untreated,586905.0,32773.0,554132.0,0.05584038302621378,-0.2178551589214678,-0.14832507851755608,-0.3266062593828425,-0.5341260837352797,4.44155720673642
GSM4919847_P3_untreated_TALL_102714_plate7_H8_rep_1_NA,untreated,313258.0,25049.0,288209.0,0.07996284213012916,-1.5226554785487216,-1.2112958766488031,-1.4297557411739295,-0.8658755400129454,3.682386626770857
