contrast_a,contrast_b,ID_REF,n_a,n_b,median_a,median_b,delta_median_a_minus_b,mean_a,mean_b,delta_mean_a_minus_b,std_a,std_b,u_statistic,p_value,rank_biserial,q_value_bh,abs_delta_median,abs_rank_biserial
D3,D2,cg10456990,16,91,0.1921570759824655,0.70820110702608,-0.5160440310436145,0.2443753002748592,0.6647788037159184,-0.42040350344105915,0.15435735235306253,0.18417062220902253,93.0,2.9766246644292884e-08,-0.8722527472527473,2.1049786685141124e-05,0.5160440310436145,0.8722527472527473
D3,D2,cg19498960,16,91,0.181845432114747,0.690628374554718,-0.508782942439971,0.24798900370363705,0.6427975595451373,-0.3948085558415002,0.14067240082033383,0.18387461865260263,103.0,4.884924986793174e-08,-0.8585164835164836,2.1049786685141124e-05,0.508782942439971,0.8585164835164836
D3,D2,cg23352271,16,91,0.8761217915756074,0.385275567056638,0.4908462245189694,0.8451333902943498,0.45696796655202643,0.3881654237423233,0.0643721613304111,0.21679314896248225,1377.0,1.4693369960974499e-08,0.8914835164835164,2.1049786685141124e-05,0.4908462245189694,0.8914835164835164
D3,D2,cg12522722,16,91,0.8588646381747456,0.373672442817928,0.48519219535681757,0.8409369566019642,0.46022223908238463,0.3807147175195796,0.06086207388991318,0.23175635692613591,1338.0,5.0519488044338695e-08,0.8379120879120878,2.1049786685141124e-05,0.48519219535681757,0.8379120879120878
D3,D2,cg20377881,16,91,0.776807981436928,0.297321911720269,0.47948606971665897,0.736322961464724,0.3612036714587742,0.3751192900059498,0.08202838285310138,0.19486038823772536,1357.0,4.010430378991603e-08,0.864010989010989,2.1049786685141124e-05,0.47948606971665897,0.864010989010989
D3,D2,cg19193931,16,91,0.27084636219971703,0.731376576894462,-0.460530214694745,0.32977776823876626,0.70274851714869,-0.37297074890992377,0.16855234528885052,0.14283919689937083,84.0,1.893860446940308e-08,-0.8846153846153846,2.1049786685141124e-05,0.460530214694745,0.8846153846153846
D3,D2,cg22274813,16,91,0.2568664937091655,0.704717352867637,-0.44785085915847156,0.2945626519729753,0.6575551710896836,-0.3629925191167083,0.16034272409263514,0.1571103389988554,101.0,4.4267894078119654e-08,-0.8612637362637363,2.1049786685141124e-05,0.44785085915847156,0.8612637362637363
D3,D2,cg00440195,16,91,0.9155831955158925,0.472848660398797,0.4427345351170955,0.8975112231414102,0.5140967512093614,0.3834144719320488,0.04988016942904086,0.2315411060854204,1328.0,4.0660746385530084e-08,0.8241758241758241,2.1049786685141124e-05,0.4427345351170955,0.8241758241758241
D3,D2,cg05404847,16,91,0.658397998335559,0.235599754740038,0.422798243595521,0.648813451240089,0.2841385014445584,0.36467494979553067,0.1138138948468211,0.16301203382020438,1370.0,2.0951388693308516e-08,0.8818681318681318,2.1049786685141124e-05,0.422798243595521,0.8818681318681318
D3,D2,cg04212450,16,91,0.6638717970997385,0.263261531573024,0.4006102655267145,0.6630000398887742,0.3128835535299757,0.3501164863587985,0.14558381885844543,0.16537715166408992,1360.0,3.456229193683801e-08,0.8681318681318682,2.1049786685141124e-05,0.4006102655267145,0.8681318681318682
D3,D2,cg09382096,16,91,0.3366384264446305,0.709870332873893,-0.3732319064292625,0.36242823750287556,0.6997867523441863,-0.33735851484131074,0.19217750680163714,0.11499677373455745,96.0,3.456229193683801e-08,-0.8681318681318682,2.1049786685141124e-05,0.3732319064292625,0.8681318681318682
D3,D2,cg15384598,16,91,0.326131768348277,0.667019800586091,-0.340888032237814,0.3043122632145533,0.643777472027806,-0.3394652088132527,0.14536373296467675,0.16547931481216688,97.0,3.6321538564212515e-08,-0.8667582417582418,2.1049786685141124e-05,0.340888032237814,0.8667582417582418
D3,D2,cg26738530,16,91,0.6857302439181285,0.215008907239853,0.47072133667827554,0.6175716170672308,0.2652660296547093,0.35230558741252155,0.15697002161833862,0.16664957637738836,1349.0,5.9430518990059976e-08,0.8530219780219781,2.2857891919253835e-05,0.47072133667827554,0.8530219780219781
D3,D2,cg18010718,16,91,0.6741397909979561,0.148471167818127,0.5256686231798291,0.6308532345510943,0.21427746057512456,0.4165757739759698,0.2346175851314834,0.17950972072972493,1342.0,8.351902848559233e-08,0.8434065934065933,2.6099696401747604e-05,0.5256686231798291,0.8434065934065933
D3,D2,cg08066129,16,91,0.251145943209097,0.713078191425739,-0.461932248216642,0.2748340197162228,0.6670225675848291,-0.39218854786860635,0.15317792301130365,0.1918150022000138,108.0,8.091218744007379e-08,-0.8516483516483516,2.6099696401747604e-05,0.461932248216642,0.8516483516483516
D3,D2,cg15368264,16,91,0.701733098839326,0.260153972886593,0.441579125952733,0.6662907186074055,0.3150277347529177,0.35126298385448784,0.12737546013818196,0.17626533322501953,1344.0,7.580968130777245e-08,0.8461538461538463,2.6099696401747604e-05,0.441579125952733,0.8461538461538463
D3,D2,cg05341786,16,91,0.7759524894887275,0.292546608452877,0.4834058810358505,0.7199784493699537,0.3501251703343351,0.3698532790356186,0.16006932414004427,0.1805526416295842,1326.0,9.113279134008567e-08,0.8214285714285714,2.6338865616962624e-05,0.4834058810358505,0.8214285714285714
D3,D2,cg16252110,16,91,0.661410607708941,0.259274461993943,0.402136145714998,0.6378803301427398,0.29526384620836094,0.3426164839343789,0.1603809751518461,0.16231223741658407,1311.0,9.481991622106545e-08,0.8008241758241759,2.6338865616962624e-05,0.402136145714998,0.8008241758241759
D3,D2,cg25279739,16,91,0.837082012319408,0.257507569608942,0.5795744427104661,0.749179394880512,0.3366665296392009,0.4125128652413111,0.17908199157432542,0.1908628565163688,1332.0,1.3494569724763276e-07,0.8296703296703296,2.6989139449526554e-05,0.5795744427104661,0.8296703296703296
D3,D2,cg23729283,16,91,0.7579431460583594,0.249857927135499,0.5080852189228604,0.696030885096311,0.3223652682798231,0.37366561681648786,0.12940089546599776,0.19075641066810087,1333.0,1.286667708975874e-07,0.831043956043956,2.6989139449526554e-05,0.5080852189228604,0.831043956043956
D3,D2,cg05042749,16,91,0.769883544634552,0.322004271681391,0.447879272953161,0.7340685070040232,0.36436844062044477,0.3697000663835784,0.15660885122847212,0.19780868536902016,1332.0,1.3494569724763276e-07,0.8296703296703296,2.6989139449526554e-05,0.447879272953161,0.8296703296703296
D3,D2,cg15655935,16,91,0.753220328661333,0.329242199566548,0.42397812909478505,0.7150075994439957,0.3642238079565988,0.3507837914873969,0.1418977925218959,0.19040016460625184,1332.0,1.3494569724763276e-07,0.8296703296703296,2.6989139449526554e-05,0.42397812909478505,0.8296703296703296
D3,D2,cg12930930,16,91,0.6163903653038421,0.2245648022532635,0.3918255630505786,0.6076753530236122,0.2726981288877056,0.3349772241359066,0.15832552161274105,0.1631189015863326,1320.0,1.219015457938972e-07,0.8131868131868132,2.6989139449526554e-05,0.3918255630505786,0.8131868131868132
D3,D2,cg03243893,16,91,0.651796515174178,0.280708959052293,0.37108755612188504,0.6542545632631538,0.32307430722263314,0.33118025604052065,0.1073373490472983,0.17944240046789225,1337.0,1.0626109469683612e-07,0.8365384615384615,2.6989139449526554e-05,0.37108755612188504,0.8365384615384615
D3,D2,cg24080247,16,91,0.31956991213422004,0.678224183366346,-0.358654271232126,0.31053125700684314,0.6416950562635986,-0.33116379925675543,0.15444902175303715,0.16773823874145505,122.0,1.22670916219514e-07,-0.8324175824175825,2.6989139449526554e-05,0.358654271232126,0.8324175824175825
D3,D2,cg07615087,16,91,0.20762684048101748,0.739420748222885,-0.5317939077418674,0.2743885941587716,0.6611329027028208,-0.3867443085440492,0.17369256792836943,0.19025350663709503,132.0,1.9703482300980256e-07,-0.8186813186813187,2.7441178295944442e-05,0.5317939077418674,0.8186813186813187
D3,D2,cg03195147,16,91,0.792917886628324,0.264662977944653,0.528254908683671,0.7408414963872619,0.34805785884013446,0.3927836375471275,0.12673786498734727,0.20808119875395162,1312.0,1.7890299526524382e-07,0.8021978021978022,2.7441178295944442e-05,0.528254908683671,0.8021978021978022
D3,D2,cg19624630,16,91,0.774371165219813,0.289752030660476,0.484619134559337,0.7465811685633731,0.3764010195867621,0.370180148976611,0.09891079551511162,0.21741943261283897,1322.0,2.1643009052694112e-07,0.8159340659340659,2.7441178295944442e-05,0.484619134559337,0.8159340659340659
D3,D2,cg05624196,16,91,0.693772353748236,0.211363518897063,0.482408834851173,0.6702249409878894,0.2881815244284932,0.3820434165593962,0.09924825758697862,0.193188143761367,1326.0,1.7932458081781972e-07,0.8214285714285714,2.7441178295944442e-05,0.482408834851173,0.8214285714285714
D3,D2,cg23720929,16,91,0.694038867900147,0.224739009739418,0.46929985816072906,0.649432644574509,0.2954624136647552,0.3539702309097538,0.10292108315710131,0.186613706476417,1319.0,2.4902257121484297e-07,0.8118131868131868,2.7441178295944442e-05,0.46929985816072906,0.8118131868131868
D3,D2,cg24298423,16,91,0.799435990748316,0.338053840257923,0.46138215049039294,0.7617611875102073,0.4106528158685337,0.3511083716416736,0.12140882419634132,0.20776654510738227,1318.0,2.609044620125095e-07,0.8104395604395604,2.7441178295944442e-05,0.46138215049039294,0.8104395604395604
D3,D2,cg24216893,16,91,0.695534143036847,0.237139584644982,0.45839455839186505,0.6730477233642784,0.30221612919602325,0.3708315941682552,0.12851402878223048,0.1994922617344608,1329.0,1.5561235353051557e-07,0.8255494505494505,2.7441178295944442e-05,0.45839455839186505,0.8255494505494505
D3,D2,cg10559585,16,91,0.582811464406485,0.133922469959834,0.448888994446651,0.5540045724195491,0.20660859937519846,0.34739597304435066,0.13878026880623556,0.19147458888054364,1318.0,2.609044620125095e-07,0.8104395604395604,2.7441178295944442e-05,0.448888994446651,0.8104395604395604
D3,D2,cg27232401,16,91,0.688830868859008,0.24238991673458848,0.44644095212441953,0.6425510615160973,0.2892849718135601,0.3532660897025372,0.12526722603937643,0.18027923632194567,1239.0,2.467144736539703e-07,0.7019230769230769,2.7441178295944442e-05,0.44644095212441953,0.7019230769230769
D3,D2,cg20595750,16,91,0.6535514197639589,0.21083456599809,0.4427168537658689,0.6067396867812664,0.24406607957812604,0.3626736072031404,0.19006755189634486,0.14857528987918608,1326.0,1.7932458081781972e-07,0.8214285714285714,2.7441178295944442e-05,0.4427168537658689,0.8214285714285714
D3,D2,cg19446340,16,91,0.7284986633961545,0.289882035653136,0.4386166277430185,0.6846715753730183,0.33964315492166697,0.3450284204513513,0.13390165689934283,0.18690571309436996,1320.0,2.3766422106371735e-07,0.8131868131868132,2.7441178295944442e-05,0.4386166277430185,0.8131868131868132
D3,D2,cg11328898,16,91,0.6560879897230545,0.220634439123176,0.43545355059987845,0.6431306906060291,0.27368438341584445,0.3694463071901847,0.14408301600310192,0.19695028450767543,1329.0,1.5561235353051557e-07,0.8255494505494505,2.7441178295944442e-05,0.43545355059987845,0.8255494505494505
D3,D2,cg26002568,16,91,0.7038085393414215,0.2697900747397125,0.434018464601709,0.6675471381166613,0.3314845790211323,0.336062559095529,0.14761342439525785,0.182209984706934,1304.0,2.6129264465602266e-07,0.7912087912087913,2.7441178295944442e-05,0.434018464601709,0.7912087912087913
D3,D2,cg08701134,16,91,0.8716289471367675,0.442661402062021,0.42896754507474655,0.8171328443629976,0.4796996630579335,0.3374331813050641,0.12204128064690728,0.20398168949319645,1327.0,1.7105668200982726e-07,0.8228021978021978,2.7441178295944442e-05,0.42896754507474655,0.8228021978021978
D3,D2,cg18712566,16,91,0.7441363813581481,0.322753229920017,0.4213831514381311,0.7187541588225461,0.37668491241698626,0.34206924640555986,0.13575770605074258,0.1783334894716644,1325.0,1.879781934331027e-07,0.820054945054945,2.7441178295944442e-05,0.4213831514381311,0.820054945054945
D3,D2,cg26474717,16,91,0.67881319599586,0.262113512119275,0.41669968387658496,0.6581661020007938,0.31249775999633156,0.3456683420044623,0.16437511226182586,0.18091040231495192,1303.0,2.7386931943003087e-07,0.7898351648351649,2.7441178295944442e-05,0.41669968387658496,0.7898351648351649
D3,D2,cg19005390,16,91,0.709264831186505,0.300636580878321,0.40862825030818395,0.6756761424963021,0.352234617639413,0.32344152485688915,0.13842874103145802,0.17233553328824006,1318.0,2.609044620125095e-07,0.8104395604395604,2.7441178295944442e-05,0.40862825030818395,0.8104395604395604
D3,D2,cg21245684,16,91,0.6648093259895095,0.261108506454019,0.4037008195354905,0.6592539455634275,0.30274933076399635,0.3565046147994312,0.13315219114980142,0.1803832525147391,1322.0,2.1643009052694112e-07,0.8159340659340659,2.7441178295944442e-05,0.4037008195354905,0.8159340659340659
D3,D2,cg10294939,16,91,0.8049682688042235,0.41487025912257003,0.3900980096816534,0.7849913138540078,0.4258614929847752,0.35912982086923256,0.0809071616000117,0.2217661849648977,1314.0,1.6261564842505468e-07,0.804945054945055,2.7441178295944442e-05,0.3900980096816534,0.804945054945055
D3,D2,cg06017143,16,91,0.6529129572677435,0.272841227939068,0.38007172932867545,0.6236234971662293,0.3205886935343695,0.30303480363185986,0.16941558168613724,0.16966396104505552,1317.0,2.733330765358042e-07,0.8090659340659341,2.7441178295944442e-05,0.38007172932867545,0.8090659340659341
D3,D2,cg09169764,16,91,0.5603077457310175,0.183711707244252,0.3765960384867655,0.5499953921350692,0.23954121811591675,0.31045417401915243,0.1710437619696599,0.15551973669550426,1319.0,2.4902257121484297e-07,0.8118131868131868,2.7441178295944442e-05,0.3765960384867655,0.8118131868131868
D3,D2,cg01900397,16,91,0.602540518998276,0.236756604873556,0.36578391412472,0.632337401232562,0.29897953717501996,0.33335786405754203,0.15962902389404757,0.17240201130915642,1319.0,2.4902257121484297e-07,0.8118131868131868,2.7441178295944442e-05,0.36578391412472,0.8118131868131868
D3,D2,cg06368184,16,91,0.4014136093954015,0.74583381805442,-0.34442020865901846,0.38132769649151854,0.682427510945648,-0.3010998144541295,0.13946127996067623,0.16321757363443393,131.0,1.879781934331027e-07,-0.820054945054945,2.7441178295944442e-05,0.34442020865901846,0.820054945054945
D3,D2,cg07264876,16,91,0.5067698504445606,0.197167669061124,0.30960218138343654,0.5589539357680692,0.2511102321191457,0.3078437036489235,0.14238079385364652,0.16918997732575008,1323.0,2.0651251560630659e-07,0.8173076923076923,2.7441178295944442e-05,0.30960218138343654,0.8173076923076923
D3,D2,cg20637405,16,91,0.5320507498487046,0.236511150998459,0.2955395988502456,0.551106722654795,0.27157615721254785,0.27953056544224714,0.1781509337976732,0.1284853105077954,1289.0,2.744117829594444e-07,0.7706043956043955,2.7441178295944442e-05,0.2955395988502456,0.7706043956043955
D3,D2,cg05388880,16,91,0.7220703674160796,0.2563703245981095,0.46570004281797006,0.6775886765281542,0.3318995870219629,0.3456890895061913,0.15798900259240542,0.18425777451042477,1302.0,2.870296841412866e-07,0.7884615384615385,2.7599008090508326e-05,0.46570004281797006,0.7884615384615385
D3,D2,cg00141929,16,91,0.6861673243162435,0.292314641783131,0.3938526825331125,0.6822715588233668,0.3440332887576072,0.33823827006575957,0.1644177471535508,0.1717728995606841,1316.0,2.863325792315387e-07,0.8076923076923077,2.7599008090508326e-05,0.3938526825331125,0.8076923076923077
D3,D2,cg17650397,16,91,0.765944439208512,0.318956154842123,0.446988284366389,0.7296059562641721,0.3827614649802339,0.34684449128393824,0.14075021125859902,0.19694957600085766,1314.0,3.141460520063174e-07,0.804945054945055,2.8558732000574308e-05,0.446988284366389,0.804945054945055
D3,D2,cg00425843,16,91,0.7268959055126355,0.305545298265441,0.4213506072471945,0.6952591243888323,0.35806828863341683,0.3371908357554155,0.13664007127453828,0.1935564626292113,1314.0,3.141460520063174e-07,0.804945054945055,2.8558732000574308e-05,0.4213506072471945,0.804945054945055
D3,D2,cg06145336,16,91,0.46231708735884847,0.774825441972188,-0.3125083546133395,0.4502842225165721,0.7425980445342939,-0.2923138220177218,0.19350898267854516,0.1385521052057546,142.0,3.141460520063174e-07,-0.804945054945055,2.8558732000574308e-05,0.3125083546133395,0.804945054945055
D3,D2,cg09319828,16,91,0.7602576676650374,0.28953517649750804,0.4707224911675294,0.6986858211660013,0.3372503228699814,0.3614354982960199,0.19459811867294916,0.1751555672216657,1299.0,3.30278672361338e-07,0.7843406593406594,2.948916717511947e-05,0.4707224911675294,0.7843406593406594
D3,D2,cg08708778,16,91,0.8069309628236581,0.283844223128846,0.523086739694812,0.7397755215896081,0.350038915769647,0.3897366058199611,0.1716378240531651,0.20226968802809184,1312.0,3.4455936042436903e-07,0.8021978021978022,2.951604467120496e-05,0.523086739694812,0.8021978021978022
D3,D2,cg05040893,16,91,0.729775793279469,0.267828862408588,0.46194693087088096,0.6923491301723889,0.34567186154794033,0.34667726862444853,0.12792903112288567,0.19436541990972395,1310.0,3.778053717914235e-07,0.7994505494505495,2.951604467120496e-05,0.46194693087088096,0.7994505494505495
D3,D2,cg10505610,16,91,0.630790434706499,0.182205324161518,0.44858511054498096,0.6231879471595071,0.25760604290608274,0.36558190425342435,0.1329825789301084,0.21069628001995208,1312.0,3.4455936042436903e-07,0.8021978021978022,2.951604467120496e-05,0.44858511054498096,0.8021978021978022
D3,D2,cg00657674,16,91,0.747134859937293,0.304470245995571,0.442664613941722,0.7074188969562378,0.3664635904356955,0.34095530652054234,0.12976853011429546,0.1966210360847536,1310.0,3.778053717914235e-07,0.7994505494505495,2.951604467120496e-05,0.442664613941722,0.7994505494505495
D3,D2,cg21110092,16,91,0.719118757608647,0.280305011685687,0.43881374592295996,0.680026917497589,0.3236093674567657,0.3564175500408233,0.16026431306329444,0.18544570018307968,1144.0,3.645503343793403e-07,0.5714285714285714,2.951604467120496e-05,0.43881374592295996,0.5714285714285714
D3,D2,cg10119001,16,91,0.771434245621742,0.363385692511824,0.408048553109918,0.7391397233926759,0.3813478884767872,0.3577918349158887,0.15514735861224024,0.20881818669249877,1242.0,3.522946784641865e-07,0.706043956043956,2.951604467120496e-05,0.408048553109918,0.706043956043956
D3,D2,cg14302471,16,91,0.804567212077288,0.400742120379668,0.40382509169762,0.7901841101101332,0.44320867762099964,0.3469754324891336,0.083687656570852,0.23857777116479867,1310.0,3.778053717914235e-07,0.7994505494505495,2.951604467120496e-05,0.40382509169762,0.7994505494505495
D3,D2,cg17551891,16,91,0.676866638933606,0.327795858186888,0.349070780746718,0.6758715701325256,0.36819795929317983,0.3076736108393458,0.11828688650008319,0.1868710586028221,1310.0,3.778053717914235e-07,0.7994505494505495,2.951604467120496e-05,0.349070780746718,0.7994505494505495
D3,D2,cg27651243,16,91,0.191682684867094,0.586486370191965,-0.39480368532487103,0.21194391112865724,0.5389128433755607,-0.32696893224690343,0.13030305574544904,0.20376947153220798,147.0,3.9556880487255923e-07,-0.7980769230769231,3.013836321636746e-05,0.39480368532487103,0.7980769230769231
D3,D2,cg12934366,16,91,0.457474487110174,0.1485021818301115,0.30897230528006253,0.5230416950587636,0.21775520439511087,0.30528649066365277,0.1955894263516021,0.1839458165861448,1295.0,3.9782639445605043e-07,0.7788461538461537,3.013836321636746e-05,0.30897230528006253,0.7788461538461537
D3,D2,cg23387692,16,91,0.7416930742303309,0.276356835820655,0.4653362384096759,0.6918363162455758,0.3476581502559424,0.34417816598963347,0.12555540455399075,0.20363082511881786,1308.0,4.1413683314925655e-07,0.7967032967032968,3.0451237731562982e-05,0.4653362384096759,0.7967032967032968
D3,D2,cg20773915,16,91,0.685988828672898,0.252086542116569,0.433902286556329,0.6494476188985564,0.3102575933446368,0.3391900255539196,0.17548730838172838,0.18575185229895694,1308.0,4.1413683314925655e-07,0.7967032967032968,3.0451237731562982e-05,0.433902286556329,0.7967032967032968
D3,D2,cg14289852,16,91,0.793939103190195,0.33669540288705,0.457243700303145,0.7315837041556827,0.39561250694782224,0.3359711972078605,0.13683604756688586,0.2001498868091506,1307.0,4.335444196932562e-07,0.7953296703296704,3.1416262296612766e-05,0.457243700303145,0.7953296703296704
D3,D2,cg07152817,16,91,0.7342403601431224,0.313422899283594,0.4208174608595284,0.6876845314476148,0.36197649973449886,0.3257080317131159,0.1574310085956483,0.17979295321248392,1292.0,4.570456507626678e-07,0.7747252747252746,3.264611791161913e-05,0.4208174608595284,0.7747252747252746
D3,D2,cg20064139,16,91,0.73797584807781,0.232130828634151,0.505845019443659,0.7356743861333157,0.3245943355389502,0.41108005059436553,0.1904788499351779,0.22557943642410835,1291.0,4.786111057155747e-07,0.7733516483516483,3.370500744475878e-05,0.505845019443659,0.7733516483516483
D3,D2,cg20507963,16,91,0.27262416759714503,0.75658845198555,-0.483964284388405,0.3396563980416302,0.685789582541214,-0.3461331844995838,0.18639994631407752,0.1799900781568203,152.0,4.97176251120104e-07,-0.7912087912087912,3.405316788493863e-05,0.483964284388405,0.7912087912087912
D3,D2,cg01430970,16,91,0.685373879901742,0.249698019371209,0.43567586053053303,0.6815889136075668,0.314708297665967,0.3668806159415998,0.09553367640194,0.21708186580444536,1304.0,4.97176251120104e-07,0.7912087912087913,3.405316788493863e-05,0.43567586053053303,0.7912087912087913
D3,D2,cg13800802,16,91,0.7576420285609564,0.275760017153378,0.4818820114075784,0.7224253741546148,0.35875043057791456,0.36367494357670027,0.1330958519318396,0.21785024837811395,1302.0,5.445041723208193e-07,0.7884615384615385,3.421883681526899e-05,0.4818820114075784,0.7884615384615385
D3,D2,cg16600501,16,91,0.749160434579306,0.303750790903139,0.44540964367616703,0.7155555549198565,0.35752324144093706,0.3580323134789194,0.15305419426133893,0.2167263109733567,1302.0,5.445041723208193e-07,0.7884615384615385,3.421883681526899e-05,0.44540964367616703,0.7884615384615385
D3,D2,cg03430116,16,91,0.7004535845609645,0.267993704510276,0.4324598800506885,0.68080678385553,0.34835980900501884,0.3324469748505111,0.15409632154525046,0.19416486837033034,1303.0,5.203215654361011e-07,0.7898351648351649,3.421883681526899e-05,0.4324598800506885,0.7898351648351649
D3,D2,cg22120395,16,91,0.7805102622755891,0.375218362621543,0.40529189965404605,0.7388967868475153,0.39623119340661206,0.3426655934409032,0.13971999813125027,0.20798368748462973,1303.0,5.203215654361011e-07,0.7898351648351649,3.421883681526899e-05,0.40529189965404605,0.7898351648351649
D3,D2,cg02120470,16,91,0.6846847911581055,0.30834258537972,0.37634220577838556,0.6833293847208304,0.37621017160375075,0.3071192131170796,0.1573092143841235,0.18289516357007618,1302.0,5.445041723208193e-07,0.7884615384615385,3.421883681526899e-05,0.37634220577838556,0.7884615384615385
D3,D2,cg19526685,16,91,0.571907726843666,0.211100606884836,0.36080711995882997,0.5670205360954309,0.26338467538293237,0.30363586071249854,0.1402215557366202,0.17933783293898842,1303.0,5.203215654361011e-07,0.7898351648351649,3.421883681526899e-05,0.36080711995882997,0.7898351648351649
D3,D2,cg19212767,16,91,0.5821528321273395,0.244366578273393,0.33778625385394645,0.5819641196023142,0.27682150106038234,0.30514261854193186,0.19294192646612052,0.14166145764471832,1274.0,5.543451564073577e-07,0.75,3.421883681526899e-05,0.33778625385394645,0.75
D3,D2,cg11222703,16,91,0.6490514087749355,0.38843650353201653,0.26061490524291897,0.6620402780060375,0.35764014425884993,0.30440013374718755,0.10436438730364318,0.20828690112144968,1288.0,5.493586621168255e-07,0.7692307692307692,3.421883681526899e-05,0.26061490524291897,0.7692307692307692
D3,D2,cg24496563,16,91,0.788134419276194,0.22513040607649248,0.5630040131997015,0.7570154899159727,0.3384910265251075,0.4185244633908652,0.11817749626457974,0.24595434969851,1287.0,5.751064867501901e-07,0.7678571428571428,3.5067468704279884e-05,0.5630040131997015,0.7678571428571428
D3,D2,cg18084999,16,91,0.7875885789424415,0.347330013793539,0.4402585651489025,0.7683800303570387,0.42325391203137075,0.345126118325668,0.1028387437216996,0.21179767248181514,1300.0,5.961613276211642e-07,0.7857142857142858,3.5485793310783584e-05,0.4402585651489025,0.7857142857142858
D3,D2,cg26782825,16,91,0.8181352091673975,0.385687163859741,0.43244804530765646,0.747723160715397,0.410603253480079,0.33711990723531804,0.1784398544425525,0.19783101719281382,1300.0,5.961613276211642e-07,0.7857142857142858,3.5485793310783584e-05,0.43244804530765646,0.7857142857142858
D3,D2,cg09421126,16,91,0.7956349902474635,0.308086225706017,0.4875487645414465,0.7316275517247055,0.38474277246410543,0.3468847792606001,0.142905859756713,0.21199539725084454,1299.0,6.237305402963571e-07,0.7843406593406594,3.626340350560216e-05,0.4875487645414465,0.7843406593406594
D3,D2,cg01706334,16,91,0.9155431096862,0.544008281921483,0.371534827764717,0.8799821228872752,0.5506729581729518,0.32930916471432337,0.0898694201235075,0.2616451620974756,1299.0,6.237305402963571e-07,0.7843406593406594,3.626340350560216e-05,0.371534827764717,0.7843406593406594
D3,D2,cg26864714,16,91,0.866040075675387,0.418511777252907,0.44752829842248,0.8279423249719424,0.44367712185444624,0.3842652031174962,0.1342744622188965,0.2557337149363633,1298.0,6.525265180270057e-07,0.7829670329670331,3.665879314758459e-05,0.44752829842248,0.7829670329670331
D3,D2,cg19854183,16,91,0.5957699961961405,0.247656865640776,0.34811313055536447,0.5953987828099888,0.2926278325684375,0.3027709502415513,0.19393626516150198,0.1809465746612571,1298.0,6.525265180270057e-07,0.7829670329670331,3.665879314758459e-05,0.34811313055536447,0.7829670329670331
D3,D2,cg23676302,16,91,0.42751652066645096,0.772705126432074,-0.34518860576562305,0.43571793883281046,0.7293533149299339,-0.2936353760971235,0.21649523695825068,0.14571982064898498,158.0,6.525265180270057e-07,-0.782967032967033,3.665879314758459e-05,0.34518860576562305,0.782967032967033
D3,D2,cg12684958,16,91,0.783414871631319,0.3111232048879925,0.47229166674332645,0.7415234955179285,0.3869995876102705,0.35452390790765803,0.13235688847763666,0.22119760442584419,1283.0,6.902243587421455e-07,0.7623626373626373,3.79244153155025e-05,0.47229166674332645,0.7623626373626373
D3,D2,cg01010328,16,91,0.63252610782678,0.245973975033266,0.38655213279351397,0.6295692188189368,0.30163389598857254,0.32793532283036425,0.18986744225088567,0.17518132262510805,1283.0,6.902243587421455e-07,0.7623626373626373,3.79244153155025e-05,0.38655213279351397,0.7623626373626373
D3,D2,cg14379939,16,91,0.491929257651575,0.137891625994309,0.35403763165726604,0.5271903992065664,0.2194589736826911,0.30773142552387533,0.12031125168275165,0.18497640437243298,1296.0,7.140100637790572e-07,0.7802197802197801,3.880489477060094e-05,0.35403763165726604,0.7802197802197801
D3,D2,cg16518165,16,91,0.75545290361561,0.312829391723854,0.442623511891756,0.7059252995588735,0.38170386119629474,0.3242214383625788,0.11943526182995746,0.20148030311664755,1295.0,7.46808668861344e-07,0.7788461538461537,4.0151003702222796e-05,0.442623511891756,0.7788461538461537
D3,D2,cg06850158,16,91,0.8476463880346314,0.372594716116782,0.4750516719178494,0.7976394768184613,0.45330647699989485,0.3443329998185664,0.15297988364156065,0.22079590473635188,1294.0,7.810562790265071e-07,0.7774725274725274,4.1108225211921425e-05,0.4750516719178494,0.7774725274725274
D3,D2,cg13913085,16,91,0.7986727265275015,0.33354336909083,0.46512935743667155,0.727120725245022,0.39939251734674186,0.32772820789828017,0.1593005649002431,0.19677089517292953,1294.0,7.810562790265071e-07,0.7774725274725274,4.1108225211921425e-05,0.46512935743667155,0.7774725274725274
D3,D2,cg03534360,16,91,0.7541221739841231,0.280136189536457,0.47398598444766604,0.6887178649131507,0.3140333504578218,0.37468451445532885,0.16516379168927672,0.19633210851065006,1293.0,8.16814180807316e-07,0.776098901098901,4.1253241454914954e-05,0.47398598444766604,0.776098901098901
D3,D2,cg26720125,16,91,0.2636508063128685,0.71774835655001,-0.4540975502371415,0.33598346425433734,0.6573527299755957,-0.32136926572125835,0.20619503879364895,0.1735716873607782,163.0,8.16814180807316e-07,-0.7760989010989011,4.1253241454914954e-05,0.4540975502371415,0.7760989010989011
D3,D2,cg07284231,16,91,0.798887097529998,0.382864168747116,0.416022928782882,0.743018479923927,0.41886272523458673,0.32415575468934027,0.13572608313398027,0.20809893429940177,1293.0,8.16814180807316e-07,0.776098901098901,4.1253241454914954e-05,0.416022928782882,0.776098901098901
D3,D2,cg13941436,16,91,0.8501785242946089,0.450187685654356,0.3999908386402529,0.7964675845637823,0.4641242634385686,0.3323433211252137,0.1390351187017032,0.22293844247763342,1293.0,8.16814180807316e-07,0.776098901098901,4.1253241454914954e-05,0.3999908386402529,0.776098901098901
D3,D2,cg18267436,16,91,0.8157969089332919,0.336323844445166,0.47947306448812593,0.7853517908424855,0.4309067470071096,0.3544450438353759,0.09723635948135294,0.22648344428683753,1292.0,8.541461278419173e-07,0.7747252747252746,4.146340426417074e-05,0.47947306448812593,0.7747252747252746
D3,D2,cg16360831,16,91,0.6440109812537316,0.208050538590997,0.4359604426627346,0.5875407563643328,0.2545727253042733,0.3329680310600595,0.19785872753011746,0.15751125013093997,1265.0,8.382988738442014e-07,0.7376373626373627,4.146340426417074e-05,0.4359604426627346,0.7376373626373627
D3,D2,cg03142256,16,91,0.7070338217112395,0.303285837942436,0.4037479837688035,0.6618236912107913,0.35462835646413154,0.3071953347466598,0.13119239915885558,0.19166514853956673,1292.0,8.541461278419173e-07,0.7747252747252746,4.146340426417074e-05,0.4037479837688035,0.7747252747252746
D3,D2,cg06316886,16,91,0.372285460495965,0.68007153212974,-0.307786071633775,0.3527233292289057,0.6562249964406476,-0.3035016672117419,0.18155790121691895,0.18119528517354183,164.0,8.541461278419173e-07,-0.7747252747252747,4.146340426417074e-05,0.307786071633775,0.7747252747252747
D3,D2,cg04388226,16,91,0.5306355298456025,0.119130008626479,0.4115055212191235,0.49778267306309976,0.16827232555076604,0.3295103475123337,0.19783009095968102,0.14325945246797248,1277.0,9.054661946388364e-07,0.7541208791208791,4.35320285884056e-05,0.4115055212191235,0.7541208791208791
D3,D2,cg25734089,16,91,0.6817143560467425,0.259195641068274,0.4225187149784685,0.6285261551562626,0.32551784198377903,0.3030083131724836,0.15909659541486226,0.18834542174477348,1290.0,9.338000737785772e-07,0.7719780219780219,4.446667017993225e-05,0.4225187149784685,0.7719780219780219
D3,D2,cg23840812,16,91,0.8027856834979079,0.357492988583555,0.4452926949143529,0.7633836764048517,0.42366084299387535,0.33972283341097637,0.13384274044334435,0.21864728323287683,1289.0,9.762627762852199e-07,0.7706043956043955,4.600714877117164e-05,0.4452926949143529,0.7706043956043955
D3,D2,cg09559196,16,91,0.493496773440513,0.166078111841631,0.327418661598882,0.4808000099069504,0.21725089527913388,0.2635491146278165,0.15664861663079996,0.15869820534264317,1223.0,9.845529837030732e-07,0.679945054945055,4.600714877117164e-05,0.327418661598882,0.679945054945055
D3,D2,cg18336878,16,91,0.740104713305614,0.308575972446801,0.431528740858813,0.6743708400444322,0.35029345892653224,0.3240773811178999,0.1558996613869694,0.20204845772505853,1288.0,1.0205811359050736e-06,0.7692307692307692,4.7249126662271926e-05,0.431528740858813,0.7692307692307692
D3,D2,cg06614118,16,91,0.814149203047289,0.372832631257507,0.441316571789782,0.7406159389552744,0.4076129671433473,0.3330029718119271,0.13938550961583687,0.20606374313085296,1105.0,1.0394279325547634e-06,0.5178571428571428,4.7680180392420346e-05,0.441316571789782,0.5178571428571428
D3,D2,cg01720945,16,91,0.811534885551856,0.358967352032744,0.45256753351911205,0.7738746092012236,0.41402298036161017,0.35985162883961347,0.16151725635430253,0.21481599796638187,1287.0,1.0668327167819825e-06,0.7678571428571428,4.8055527782972186e-05,0.45256753351911205,0.7678571428571428
D3,D2,cg01676105,16,91,0.18516268556371102,0.57779393254451,-0.39263124698079893,0.25156704960692694,0.5576332840780996,-0.3060662344711727,0.16967221912993594,0.16373878577252232,169.0,1.0668327167819825e-06,-0.7678571428571428,4.8055527782972186e-05,0.39263124698079893,0.7678571428571428
D3,D2,cg19961800,16,91,0.687640689093601,0.1464128044521395,0.5412278846414615,0.6348411138169399,0.21557607581263855,0.4192650380043013,0.20845524910022545,0.20370043359667425,1273.0,1.0834440290263747e-06,0.7486263736263736,4.8368037010106014e-05,0.5412278846414615,0.7486263736263736
D3,D2,cg15877425,16,91,0.717706952389495,0.180860021696512,0.5368469306929831,0.6562373328296012,0.2364726632369685,0.4197646695926327,0.2031084268818211,0.1924961089418605,1259.0,1.100633839729041e-06,0.7293956043956045,4.870061237739119e-05,0.5368469306929831,0.7293956043956045
D3,D2,cg08610281,16,91,0.720451383740468,0.258750187190329,0.461701196550139,0.6577818140846904,0.32046105964737126,0.3373207544373191,0.15841618757943332,0.1976148711111524,1286.0,1.115098165022811e-06,0.7664835164835164,4.890781425538645e-05,0.461701196550139,0.7664835164835164
D3,D2,cg21216015,16,91,0.6571301746707565,0.2242977431715375,0.432832431499219,0.5933761412453346,0.2867702287156267,0.30660591252970787,0.16939429955041527,0.18544932191682215,1272.0,1.1329437680179869e-06,0.7472527472527473,4.925842469643421e-05,0.432832431499219,0.7472527472527473
D3,D2,cg19076425,16,91,0.8400154193628115,0.317401495883612,0.5226139234791995,0.7902374186087257,0.3981181792437706,0.3921192393649551,0.14249346638825802,0.23147431881797428,1285.0,1.1654613241496686e-06,0.7651098901098901,4.980603949357558e-05,0.5226139234791995,0.7651098901098901
D3,D2,cg08688169,16,91,0.611416780588075,0.201937846553137,0.409478934034938,0.6142592503097073,0.26378918809494684,0.35047006221476046,0.19654343572037655,0.19385498249371552,1285.0,1.1654613241496686e-06,0.7651098901098901,4.980603949357558e-05,0.409478934034938,0.7651098901098901
D3,D2,cg14433497,16,91,0.3083775699056905,0.707079195955786,-0.39870162605009557,0.31144807970541527,0.670266851878565,-0.3588187721731498,0.24612867521127677,0.18337472086965986,172.0,1.218009354581968e-06,-0.7637362637362637,5.1176863637897816e-05,0.39870162605009557,0.7637362637362637
D3,D2,cg05676570,16,91,0.6519270187482435,0.264042410180055,0.38788460856818857,0.6450967497507732,0.3182765714032347,0.32682017834753857,0.16745496761091527,0.18150276932504897,1284.0,1.218009354581968e-06,0.7637362637362637,5.1176863637897816e-05,0.38788460856818857,0.7637362637362637
D3,D2,cg09237447,16,91,0.7730791285596854,0.398016691949691,0.3750624366099944,0.7172252861936753,0.39961111763136054,0.3176141685623148,0.13201136008791256,0.20097848441003235,1283.0,1.2728328572769656e-06,0.7623626373626373,5.303470238654023e-05,0.3750624366099944,0.7623626373626373
D3,D2,cg16278877,16,91,0.815837891845802,0.223206923079109,0.5926309687666931,0.7253369184825833,0.29599671378005665,0.42934020470252665,0.21748580859451663,0.20429851229004653,1217.0,1.2963319588324835e-06,0.6717032967032968,5.356743631539188e-05,0.5926309687666931,0.6717032967032968
D3,D2,cg13945749,16,91,0.9144376118875135,0.440724911993056,0.47371269989445747,0.8358256282749054,0.4921697298968825,0.34365589837802285,0.1644397024428829,0.23012140118024463,1282.0,1.3300260016612405e-06,0.760989010989011,5.406609762850571e-05,0.47371269989445747,0.760989010989011
D3,D2,cg01787382,16,91,0.6048793468432185,0.169539029480174,0.43534031736304457,0.5518877537796242,0.22015661098766487,0.3317311427919593,0.18363331051001577,0.15083775916632366,1282.0,1.3300260016612405e-06,0.760989010989011,5.406609762850571e-05,0.43534031736304457,0.760989010989011
D3,D2,cg19432505,16,91,0.9161339910451405,0.385256001395839,0.5308779896493014,0.8753449144542866,0.48699836081041986,0.3883465536438668,0.07462371990872414,0.2613241177701714,1281.0,1.3896866579891714e-06,0.7596153846153846,5.495694584922268e-05,0.5308779896493014,0.7596153846153846
D3,D2,cg25722945,16,91,0.8008435654881829,0.341548389878792,0.4592951756093909,0.7157572017694884,0.3618743489989141,0.35388285277057435,0.20306154420193231,0.18001429748167772,1199.0,1.4178892029099453e-06,0.6469780219780219,5.495694584922268e-05,0.4592951756093909,0.6469780219780219
D3,D2,cg20005074,16,91,0.604824513021595,0.18210573933298402,0.422718773688611,0.5860355640263308,0.25347443003516656,0.33256113399116427,0.17670750338285868,0.20880028263576011,1267.0,1.4149066408558702e-06,0.7403846153846154,5.495694584922268e-05,0.422718773688611,0.7403846153846154
D3,D2,cg21081729,16,91,0.8526517316983195,0.48131864858947904,0.3713330831088405,0.8441619683564974,0.508946454755164,0.3352155136013334,0.06424560067064532,0.24217802393698692,1267.0,1.4149066408558702e-06,0.7403846153846154,5.495694584922268e-05,0.3713330831088405,0.7403846153846154
D3,D2,cg12938020,16,91,0.4132612686152845,0.7480042478825519,-0.3347429792672674,0.38958201722195435,0.6840850461114777,-0.29450302888952334,0.1970720818833384,0.1625780410954215,173.0,1.4149066408558702e-06,-0.7623626373626373,5.495694584922268e-05,0.3347429792672674,0.7623626373626373
D3,D2,cg25670974,16,91,0.5614909824532025,0.267405492470696,0.2940854899825065,0.5814979700044021,0.31699469958531207,0.26450327041909,0.18811775508689593,0.16731039637065553,1281.0,1.3896866579891714e-06,0.7596153846153846,5.495694584922268e-05,0.2940854899825065,0.7596153846153846
D3,D2,cg20529645,16,91,0.586065293045218,0.1624674084295635,0.4235978846156545,0.5970252906952727,0.2584465553030315,0.33857873539224115,0.08272246429985633,0.20838563093590018,1201.0,1.4927903134486787e-06,0.6497252747252746,5.7415012055718415e-05,0.4235978846156545,0.6497252747252746
D3,D2,cg26866325,16,91,0.708740415901802,0.274541557012429,0.43419885888937304,0.6844291481766676,0.3481480581657628,0.3362810900109048,0.11756671185616414,0.22179942033645422,1279.0,1.5168213178958224e-06,0.7568681318681318,5.7455352950599335e-05,0.43419885888937304,0.7568681318681318
D3,D2,cg16758809,16,91,0.7459751185184915,0.316870712481314,0.42910440603717753,0.7091559351709957,0.3908740741057388,0.3182818610652569,0.13660997984495757,0.2118673090302995,1279.0,1.5168213178958224e-06,0.7568681318681318,5.7455352950599335e-05,0.42910440603717753,0.7568681318681318
D3,D2,cg00833639,16,91,0.798577289653707,0.4184134180145445,0.3801638716391625,0.7455491222462006,0.4187338536317867,0.3268152686144139,0.1684078849757178,0.22418169745911087,1263.0,1.687934571902744e-06,0.7348901098901099,6.345618691363699e-05,0.3801638716391625,0.7348901098901099
D3,D2,cg09280800,16,91,0.6599298172969319,0.276354139327979,0.3835756779689529,0.633957462607507,0.3283003217085424,0.30565714089896456,0.1764720806537907,0.17670153540096167,1276.0,1.728704789302482e-06,0.7527472527472527,6.402610330749934e-05,0.3835756779689529,0.7527472527472527
D3,D2,cg12249516,16,91,0.7368285401404986,0.354120226779057,0.38270831336144157,0.6902611022598765,0.3885835711064671,0.3016775311534094,0.14185486339811892,0.200360584695615,1276.0,1.728704789302482e-06,0.7527472527472527,6.402610330749934e-05,0.38270831336144157,0.7527472527472527
D3,D2,cg07010337,16,91,0.7551622224179655,0.342089395897615,0.4130728265203505,0.6812606206768046,0.36419058573664664,0.31707003494015795,0.1772275011361226,0.18487921257189843,1248.0,1.800138745342565e-06,0.7142857142857142,6.541488759863612e-05,0.4130728265203505,0.7142857142857142
D3,D2,cg18944653,16,91,0.7840730539116509,0.416958917382214,0.3671141365294369,0.7499625491235659,0.44626704768913156,0.3036955014344343,0.10197519840038616,0.21829927902953244,1275.0,1.805450897722357e-06,0.7513736263736264,6.541488759863612e-05,0.3671141365294369,0.7513736263736264
D3,D2,cg18011760,16,91,0.584872888844808,0.241421154461325,0.34345173438348303,0.5857255773549795,0.28933592066582187,0.2963896566891577,0.18396796171794796,0.1526991027779029,1275.0,1.805450897722357e-06,0.7513736263736264,6.541488759863612e-05,0.34345173438348303,0.7513736263736264
D3,D2,cg21873275,16,91,0.771619935943183,0.32823131602420197,0.44338861991898104,0.7454565928987119,0.36140007363980886,0.38405651925890305,0.1451510601440695,0.22331928410066992,1033.0,1.939486078145396e-06,0.418956043956044,6.836392219233619e-05,0.44338861991898104,0.418956043956044
D3,D2,cg24995678,16,91,0.729611965248499,0.326007296056567,0.40360466919193205,0.6711281057819181,0.36850361981058294,0.3026244859713351,0.1462532026506745,0.1959866481138336,1260.0,1.9252351735393853e-06,0.7307692307692308,6.836392219233619e-05,0.40360466919193205,0.7307692307692308
D3,D2,cg25890678,16,91,0.8109902923233455,0.430359581499589,0.38063071082375655,0.8021331277385702,0.46301005147207186,0.3391230762664983,0.07849658352884599,0.23857541111531058,1273.0,1.9688809591392823e-06,0.7486263736263736,6.836392219233619e-05,0.38063071082375655,0.7486263736263736
D3,D2,cg16400631,16,91,0.3283496258992205,0.700801066272413,-0.3724514403731925,0.3593456835485492,0.654230848161016,-0.2948851646124668,0.17768933122635114,0.19363745552053668,178.0,1.966620970708797e-06,-0.7554945054945055,6.836392219233619e-05,0.3724514403731925,0.7554945054945055
D3,D2,cg12984729,16,91,0.363849915813031,0.724834857673529,-0.36098494186049795,0.33782701058102943,0.6563584186527919,-0.31853140807176245,0.21446051666025012,0.17089187678224457,183.0,1.9688809591392823e-06,-0.7486263736263736,6.836392219233619e-05,0.36098494186049795,0.7486263736263736
D3,D2,cg26800915,16,91,0.5362546976246965,0.2136841291382045,0.32257056848649196,0.5364661571752651,0.2425721109323551,0.29389404624291005,0.21255796600059246,0.1334933502981531,1260.0,1.9252351735393853e-06,0.7307692307692308,6.836392219233619e-05,0.32257056848649196,0.7307692307692308
D3,D2,cg08085232,16,91,0.733219348467675,0.34985465779138447,0.38336469067629053,0.7191508944273074,0.3890873525943595,0.3300635418329479,0.13765090911859723,0.22112678757202067,1232.0,2.0097133329089334e-06,0.6923076923076923,6.930045975548045e-05,0.38336469067629053,0.6923076923076923
D3,D2,cg04562683,16,91,0.745932566601283,0.371167824065457,0.37476474253582603,0.7554288032374444,0.407736738593605,0.34769206464383945,0.1323973057071723,0.22969286179113863,1207.0,2.0374600325124433e-06,0.6579670329670331,6.977602851070011e-05,0.37476474253582603,0.6579670329670331
D3,D2,cg25357830,16,91,0.625712801967674,0.32115650275405,0.304556299213624,0.624493119394651,0.34138942466030936,0.28310369473434166,0.17105563087841835,0.16635762843659885,1258.0,2.100903522133495e-06,0.7280219780219781,7.14593034739284e-05,0.304556299213624,0.7280219780219781
D3,D2,cg18690282,16,91,0.749214858598144,0.319329620777725,0.429885237820419,0.7113709422216355,0.3904475205882582,0.32092342163337734,0.14892667018927855,0.20891122078677102,1271.0,2.1464727171357113e-06,0.7458791208791209,7.20292858099232e-05,0.429885237820419,0.7458791208791209
D3,D2,cg22785561,16,91,0.7411580057372931,0.401500292366289,0.3396577133710041,0.7356107208122409,0.4253764431955274,0.31023427761671346,0.1133931594373237,0.2151174261264452,1271.0,2.1464727171357113e-06,0.7458791208791209,7.20292858099232e-05,0.3396577133710041,0.7458791208791209
D3,D2,cg13542073,16,91,0.816173011440144,0.34592600277126,0.47024700866888397,0.7941610761243351,0.4493336053100077,0.34482747081432735,0.0828299534702504,0.23818747211689192,1270.0,2.240940830078021e-06,0.7445054945054945,7.334517016343903e-05,0.47024700866888397,0.7445054945054945
D3,D2,cg12744758,16,91,0.658621988505156,0.189956163357109,0.468665825148047,0.6015578083313089,0.26455063813132185,0.33700717019998705,0.17480210275788616,0.18815366664329472,1243.0,2.2443622070012344e-06,0.7074175824175823,7.334517016343903e-05,0.468665825148047,0.7074175824175823
D3,D2,cg15442800,16,91,0.606297615314785,0.265396022334744,0.34090159298004097,0.5949792736815013,0.3128296556426739,0.2821496180388274,0.14179199056299244,0.19494483183879308,1270.0,2.240940830078021e-06,0.7445054945054945,7.334517016343903e-05,0.34090159298004097,0.7445054945054945
D3,D2,cg11616651,16,91,0.3728186721140405,0.687632052749644,-0.3148133806356035,0.3691447713282508,0.6593354021212112,-0.2901906307929604,0.2058421653786563,0.12985081586389732,186.0,2.240940830078021e-06,-0.7445054945054945,7.334517016343903e-05,0.3148133806356035,0.7445054945054945
D3,D2,cg13266188,16,91,0.8303882162036536,0.28447646016191,0.5459117560417435,0.7966641690887579,0.3969030169463428,0.39976115214241514,0.07910056858107778,0.2608988181071845,1269.0,2.3393944275640102e-06,0.7431318681318682,7.516157327589035e-05,0.5459117560417435,0.7431318681318682
D3,D2,cg07041999,16,91,0.613885766232027,0.222614870889135,0.39127089534289194,0.6319324959870771,0.297060927388122,0.3348715685989551,0.1675074468540743,0.21537725169022884,1242.0,2.345041086207779e-06,0.706043956043956,7.516157327589035e-05,0.39127089534289194,0.706043956043956
D3,D2,cg06223834,16,91,0.429081535892935,0.142172603290877,0.286908932602058,0.457744242202419,0.18909769974472015,0.2686465424576988,0.20722251279739215,0.14770008881891855,1204.0,2.329859518208747e-06,0.6538461538461537,7.516157327589035e-05,0.286908932602058,0.6538461538461537
D3,D2,cg26683252,16,91,0.61697827829672,0.157296107971385,0.45968217032533504,0.5973318210537943,0.22979492006950034,0.36753690098429403,0.19746536764239242,0.20896782065308253,1255.0,2.3935635776515227e-06,0.723901098901099,7.622813941565358e-05,0.45968217032533504,0.723901098901099
D3,D2,cg26039484,16,91,0.530182120573758,0.188871870846913,0.341310249726845,0.5018799784317087,0.2189540395437312,0.28292593888797757,0.1894608389054169,0.12714438574781237,1268.0,2.4419938220339473e-06,0.7417582417582418,7.679225855452664e-05,0.341310249726845,0.7417582417582418
D3,D2,cg20917241,16,91,0.745319686110543,0.416719060934571,0.328600625175972,0.7550989462659803,0.45267256298557607,0.3024263832804042,0.10938125062281354,0.21803925263092172,1268.0,2.4419938220339473e-06,0.7417582417582418,7.679225855452664e-05,0.328600625175972,0.7417582417582418
D3,D2,cg20583060,16,91,0.7184467633305389,0.280594788156394,0.4378519751741449,0.6740987139697284,0.3490401605161702,0.3250585534535582,0.1255148738896974,0.2215534355660876,1267.0,2.548905430501693e-06,0.7403846153846154,7.866992069449669e-05,0.4378519751741449,0.7403846153846154
D3,D2,cg13909661,16,91,0.816328068290695,0.384479801768155,0.43184826652254005,0.8001188019347464,0.454398311432686,0.3457204905020604,0.16466761656209136,0.22774137418380155,1267.0,2.548905430501693e-06,0.7403846153846154,7.866992069449669e-05,0.43184826652254005,0.7403846153846154
D3,D2,cg00203347,16,91,0.956295349244024,0.675477857434035,0.28081749180998905,0.936013049343359,0.625300484213779,0.31071256512958,0.052656826164782095,0.26683834561210107,1202.0,2.5467412151164e-06,0.651098901098901,7.866992069449669e-05,0.28081749180998905,0.651098901098901
D3,D2,cg19754180,16,91,0.6485537441878185,0.282381933481606,0.3661718107062125,0.6315653651244675,0.3283414066243848,0.30322395850008266,0.1684689231903466,0.1732082498305741,1266.0,2.660301992472293e-06,0.739010989010989,8.116838830548447e-05,0.3661718107062125,0.739010989010989
D3,D2,cg10372057,16,91,0.835668454324409,0.484867786551671,0.35080066777273794,0.7632076952978697,0.4497571184786201,0.3134505768192496,0.15573610007241837,0.219743099685444,1201.0,2.6623231364198903e-06,0.6497252747252746,8.116838830548447e-05,0.35080066777273794,0.6497252747252746
D3,D2,cg11631592,16,91,0.7140313450346716,0.26267871769538,0.4513526273392916,0.6502130354669531,0.31779512294000545,0.33241791252694763,0.18505438278318956,0.17218795924307745,1265.0,2.7763627950482945e-06,0.7376373626373627,8.312463458228426e-05,0.4513526273392916,0.7376373626373627
D3,D2,cg10397934,16,91,0.7426323081313635,0.295396606623039,0.4472357015083245,0.7120794413903161,0.36702653759577686,0.34505290379453923,0.16217669859238082,0.23232673304181028,1265.0,2.7763627950482945e-06,0.7376373626373627,8.312463458228426e-05,0.4472357015083245,0.7376373626373627
D3,D2,cg11252310,16,91,0.6744696731520785,0.312036525833585,0.3624331473184935,0.6468404525962625,0.342822079148381,0.3040183734478816,0.18652990855187462,0.1697933796874198,1265.0,2.7763627950482945e-06,0.7376373626373627,8.312463458228426e-05,0.3624331473184935,0.7376373626373627
D3,D2,cg03498091,16,91,0.7568191754939666,0.331023431547669,0.4257957439462976,0.7363578866269826,0.4153686044170625,0.3209892822099201,0.12703074309122814,0.2209415092114268,1264.0,2.8972739054388265e-06,0.7362637362637363,8.622839004282222e-05,0.4257957439462976,0.7362637362637363
D3,D2,cg01090834,16,91,0.1031927295044345,0.682869732739849,-0.5796770032354145,0.16466425264005735,0.58826637491626,-0.42360212227620264,0.14445425887297614,0.26024424083427006,193.0,3.0232284110912678e-06,-0.7348901098901099,8.637795460260764e-05,0.5796770032354145,0.7348901098901099
D3,D2,cg13700197,16,91,0.799848624304106,0.30305064381609703,0.49679798048800894,0.7434360384637009,0.37093468794100204,0.37250135052269884,0.19507877242631502,0.2573896078687055,1250.0,2.9702361573893117e-06,0.7170329670329669,8.637795460260764e-05,0.49679798048800894,0.7170329670329669
D3,D2,cg17066349,16,91,0.750279310388693,0.306163605947691,0.444115704441002,0.6947402082308741,0.376223993578126,0.3185162146527481,0.14052821824127962,0.21666493652464971,1263.0,3.0232284110912678e-06,0.7348901098901099,8.637795460260764e-05,0.444115704441002,0.7348901098901099
D3,D2,cg15950504,16,91,0.7068755382431096,0.272937544577683,0.43393799366542657,0.6365331045133562,0.31229695820561715,0.32423614630773906,0.20206436979569697,0.17859876977726788,1263.0,3.0232284110912678e-06,0.7348901098901099,8.637795460260764e-05,0.43393799366542657,0.7348901098901099
D3,D2,cg22488081,16,91,0.7524197528551525,0.32437950405027,0.4280402488048825,0.7340156702286166,0.39546601775024465,0.33854965247837193,0.16210519361669187,0.20627789107173727,1263.0,3.0232284110912678e-06,0.7348901098901099,8.637795460260764e-05,0.4280402488048825,0.7348901098901099
D3,D2,cg01493297,16,91,0.6968217871578175,0.31668425715441,0.3801375300034075,0.6589813537422735,0.3586723046716804,0.30030904907059314,0.18098204229543274,0.17223088380215146,1263.0,3.0232284110912678e-06,0.7348901098901099,8.637795460260764e-05,0.3801375300034075,0.7348901098901099
D3,D2,cg12074541,16,91,0.5282103335038231,0.175055375252649,0.35315495825117404,0.5437811037487158,0.2528910423647452,0.2908900613839706,0.17255180351667393,0.18757882639589163,1263.0,3.0232284110912678e-06,0.7348901098901099,8.637795460260764e-05,0.35315495825117404,0.7348901098901099
D3,D2,cg25469381,16,91,0.838310073448781,0.3179199669293465,0.5203901065194345,0.7585132231268412,0.39109199331007355,0.36742122981676767,0.19431093647175565,0.23592622539405492,1249.0,3.1005761639797664e-06,0.7156593406593406,8.808455011306155e-05,0.5203901065194345,0.7156593406593406
D3,D2,cg00071984,16,91,0.839225842523143,0.244206358532429,0.595019483990714,0.7209696356822771,0.3017564442893804,0.4192131913928967,0.23781380217995984,0.2093164250984332,1262.0,3.1544266676706173e-06,0.7335164835164836,8.860749066490497e-05,0.595019483990714,0.7335164835164836
D3,D2,cg19572323,16,91,0.6023822929030385,0.198043018317269,0.40433927458576946,0.5720395279325039,0.23983054162872083,0.33220898630378304,0.22403970832867262,0.16435118963942819,1262.0,3.1544266676706173e-06,0.7335164835164836,8.860749066490497e-05,0.40433927458576946,0.7335164835164836
D3,D2,cg01709589,16,91,0.700909131796014,0.253601623379809,0.447307508416205,0.6991269664060585,0.35287761570541215,0.3462493507006464,0.08451788303256366,0.23100394214850903,1261.0,3.2910765551179543e-06,0.7321428571428572,9.141879319772095e-05,0.447307508416205,0.7321428571428572
D3,D2,cg22872195,16,91,0.7384253079289025,0.328665255433384,0.4097600524955185,0.7157018937629513,0.3935590369069935,0.32214285685595784,0.11512080098225662,0.21872326168417588,1261.0,3.2910765551179543e-06,0.7321428571428572,9.141879319772095e-05,0.4097600524955185,0.7321428571428572
D3,D2,cg15371806,16,91,0.7801533936363321,0.315933705114297,0.46421968852203505,0.7253955450696006,0.3843036470293292,0.3410918980402714,0.1589103013650673,0.21447885537787945,1260.0,3.433393742024603e-06,0.7307692307692308,9.27944254601244e-05,0.46421968852203505,0.7307692307692308
D3,D2,cg10382620,16,91,0.7436389524655624,0.295838122405608,0.44780083005995447,0.6745648860388112,0.37088776819951275,0.3036771178392984,0.14095090332357307,0.19543731477846263,1260.0,3.433393742024603e-06,0.7307692307692308,9.27944254601244e-05,0.44780083005995447,0.7307692307692308
D3,D2,cg09787236,16,91,0.742781195326604,0.315334388234215,0.427446807092389,0.7039072102885229,0.38416471551629594,0.31974249477222694,0.13957442619584037,0.21041974814779474,1260.0,3.433393742024603e-06,0.7307692307692308,9.27944254601244e-05,0.427446807092389,0.7307692307692308
D3,D2,cg06717565,16,91,0.1217138674734895,0.519335181680115,-0.39762131420662555,0.14681775698385197,0.4784296512172878,-0.33161189423343584,0.10376317145509456,0.23165442988221233,196.0,3.433393742024603e-06,-0.7307692307692308,9.27944254601244e-05,0.39762131420662555,0.7307692307692308
D3,D2,cg01248385,16,91,0.6013751017550071,0.245567391197987,0.3558077105570201,0.5569942194274542,0.2951016777753096,0.2618925416521446,0.1535498370670397,0.1706925076705548,1260.0,3.433393742024603e-06,0.7307692307692308,9.27944254601244e-05,0.3558077105570201,0.7307692307692308
D3,D2,cg27291539,16,91,0.7704819530248554,0.309379718034108,0.46110223499074743,0.6777143115949005,0.3464269902965382,0.3312873212983623,0.20925570622404582,0.16373113287964514,1233.0,3.468731091554752e-06,0.6936813186813187,9.324545945039656e-05,0.46110223499074743,0.6936813186813187
D3,D2,cg22946147,16,91,0.5532375792460045,0.250005612770287,0.3032319664757175,0.5676529785208395,0.2987263027935183,0.2689266757273212,0.1676201641560271,0.1648568325059386,1246.0,3.525341425087308e-06,0.7115384615384615,9.426046591142536e-05,0.3032319664757175,0.7115384615384615
D3,D2,cg25473910,16,91,0.6757451703034976,0.278098980531152,0.39764618977234556,0.630485251180174,0.32535361380233413,0.3051316373778398,0.17862930790397016,0.19419103867715862,1259.0,3.5816019585651754e-06,0.7293956043956045,9.525537123843551e-05,0.39764618977234556,0.7293956043956045
D3,D2,cg16001495,16,91,0.1016261562179275,0.515046336831861,-0.4134201806139335,0.17963392776005452,0.4864176993496102,-0.3067837715895557,0.1480088924964006,0.22013822480153644,192.0,3.621558097787604e-06,-0.7362637362637363,9.530416046809485e-05,0.4134201806139335,0.7362637362637363
D3,D2,cg00670212,16,91,0.6795789009080515,0.349650292200968,0.3299286087070835,0.6937375789650793,0.3772312643989082,0.31650631456617107,0.12391684465924238,0.22509515065360478,1232.0,3.621558097787604e-06,0.6923076923076923,9.530416046809485e-05,0.3299286087070835,0.6923076923076923
D3,D2,cg24904739,16,91,0.8300512447115145,0.349313345435135,0.4807378992763795,0.8070896668128906,0.46741427059052476,0.33967539622236587,0.07681046440267036,0.24606508317079975,1258.0,3.7359332782383046e-06,0.7280219780219781,9.628694016078103e-05,0.4807378992763795,0.7280219780219781
D3,D2,cg21827809,16,91,0.7858529822487219,0.316744066019546,0.4691089162291759,0.7634129230549547,0.4060564644045712,0.35735645865038346,0.09245003495985639,0.24079260078376752,1258.0,3.7359332782383046e-06,0.7280219780219781,9.628694016078103e-05,0.4691089162291759,0.7280219780219781
D3,D2,cg02534072,16,91,0.720389932459479,0.295750168388278,0.424639764071201,0.6761766029141724,0.3560794210077908,0.3200971819063816,0.16013801935120126,0.2128351504200208,1258.0,3.7359332782383046e-06,0.7280219780219781,9.628694016078103e-05,0.424639764071201,0.7280219780219781
D3,D2,cg12516669,16,91,0.7368656663729525,0.361029339006177,0.37583632736677547,0.7330606905199661,0.41536568362160053,0.3176950068983656,0.11475116251822835,0.2240459179702366,1258.0,3.7359332782383046e-06,0.7280219780219781,9.628694016078103e-05,0.37583632736677547,0.7280219780219781
D3,D2,cg10799668,16,91,0.84503684368418,0.28741969873603,0.55761714494815,0.7555041463307179,0.3805005976556385,0.37500354867507946,0.19339831814935468,0.24753512190022228,1257.0,3.896628408670351e-06,0.7266483516483517,9.741571021675878e-05,0.55761714494815,0.7266483516483517
D3,D2,cg02320784,16,91,0.5791549406849845,0.208789772060525,0.37036516862445956,0.5329802272232398,0.2584838268114718,0.274496400411768,0.18594991791308207,0.1563378507016392,1257.0,3.896628408670351e-06,0.7266483516483517,9.741571021675878e-05,0.37036516862445956,0.7266483516483517
D3,D2,cg18878210,16,91,0.66569906182835,0.301097507068379,0.364601554759971,0.6393961247522284,0.3204309957109771,0.3189651290412513,0.12522612056111831,0.18091489833569785,677.0,3.8115492331259432e-06,-0.07005494505494503,9.741571021675878e-05,0.364601554759971,0.07005494505494503
D3,D2,cg00863007,16,91,0.675489201537391,0.312246806379767,0.363242395157624,0.6747788402088715,0.3722902625049761,0.30248857770389537,0.1331003430915739,0.21164272801741532,1257.0,3.896628408670351e-06,0.7266483516483517,9.741571021675878e-05,0.363242395157624,0.7266483516483517
D3,D2,cg10152684,16,91,0.6169246265371819,0.260505413895883,0.35641921264129894,0.589131535860679,0.30735716346881986,0.28177437239185915,0.17796960228749809,0.2029164422945033,1257.0,3.896628408670351e-06,0.7266483516483517,9.741571021675878e-05,0.35641921264129894,0.7266483516483517
D3,D2,cg19047265,16,91,0.442739934872293,0.7879657692180531,-0.34522583434576004,0.4588482602506908,0.7553468277487679,-0.2964985674980771,0.24863717554807716,0.12464311524688636,196.0,3.83893566654858e-06,-0.7307692307692308,9.741571021675878e-05,0.34522583434576004,0.7307692307692308
