pc,rank_by_abs_loading,ID_REF,loading,abs_loading
PC1,1,cg24989739,0.030692726373672485,0.030692726373672485
PC1,2,cg11090352,0.03047342412173748,0.03047342412173748
PC1,3,cg17960051,0.030345911160111427,0.030345911160111427
PC1,4,cg10741025,0.029848257079720497,0.029848257079720497
PC1,5,cg11549265,0.02963346056640148,0.02963346056640148
PC1,6,cg21388527,0.029546435922384262,0.029546435922384262
PC1,7,cg21039708,0.029354838654398918,0.029354838654398918
PC1,8,cg18904891,0.029113316908478737,0.029113316908478737
PC1,9,cg21026830,0.028935620561242104,0.028935620561242104
PC1,10,cg05659097,0.028761141002178192,0.028761141002178192
PC1,11,cg14507560,0.028727203607559204,0.028727203607559204
PC1,12,cg13916459,0.028596477583050728,0.028596477583050728
PC1,13,cg21901718,0.028596287593245506,0.028596287593245506
PC1,14,cg25524962,0.02852092683315277,0.02852092683315277
PC1,15,cg12600174,0.028494520112872124,0.028494520112872124
PC1,16,cg22876812,0.028331700712442398,0.028331700712442398
PC1,17,cg12799689,0.028304362669587135,0.028304362669587135
PC1,18,cg25884711,0.028283338993787766,0.028283338993787766
PC1,19,cg19809499,0.028259141370654106,0.028259141370654106
PC1,20,cg21447117,0.028138194233179092,0.028138194233179092
PC1,21,cg16104915,0.028076065704226494,0.028076065704226494
PC1,22,cg02407659,0.027996044605970383,0.027996044605970383
PC1,23,cg21902544,0.027982644736766815,0.027982644736766815
PC1,24,cg22674699,0.02785639651119709,0.02785639651119709
PC1,25,cg19127283,0.027842368930578232,0.027842368930578232
PC1,26,cg14852134,0.02775329351425171,0.02775329351425171
PC1,27,cg19578835,0.027673760429024696,0.027673760429024696
PC1,28,cg13777681,0.02761286310851574,0.02761286310851574
PC1,29,cg02099878,0.027548136189579964,0.027548136189579964
PC1,30,cg15457058,0.02752045914530754,0.02752045914530754
PC1,31,cg04787024,0.027505887672305107,0.027505887672305107
PC1,32,cg00459623,0.027417343109846115,0.027417343109846115
PC1,33,cg15613420,0.027399515733122826,0.027399515733122826
PC1,34,cg19456540,0.02737739123404026,0.02737739123404026
PC1,35,cg18249634,0.027323156595230103,0.027323156595230103
PC1,36,cg08911275,0.02729768678545952,0.02729768678545952
PC1,37,cg15825116,0.027285736054182053,0.027285736054182053
PC1,38,cg07064197,0.027205927297472954,0.027205927297472954
PC1,39,cg03117976,0.02715766243636608,0.02715766243636608
PC1,40,cg16703576,0.027150355279445648,0.027150355279445648
PC1,41,cg16826874,0.027065860107541084,0.027065860107541084
PC1,42,cg21484228,0.027029935270547867,0.027029935270547867
PC1,43,cg16887264,0.026989363133907318,0.026989363133907318
PC1,44,cg18448581,0.0269620344042778,0.0269620344042778
PC1,45,cg02641288,0.026955360546708107,0.026955360546708107
PC1,46,cg22054918,0.026928715407848358,0.026928715407848358
PC1,47,cg19337852,0.026881180703639984,0.026881180703639984
PC1,48,cg05196969,0.026845121756196022,0.026845121756196022
PC1,49,cg10203375,0.02680501714348793,0.02680501714348793
PC1,50,cg06598091,0.02680348791182041,0.02680348791182041
PC1,51,cg17143192,0.02679373510181904,0.02679373510181904
PC1,52,cg10168149,0.02676595188677311,0.02676595188677311
PC1,53,cg11359133,0.02669326215982437,0.02669326215982437
PC1,54,cg07352438,0.026536893099546432,0.026536893099546432
PC1,55,cg04633600,0.026456575840711594,0.026456575840711594
PC1,56,cg01252672,0.026416491717100143,0.026416491717100143
PC1,57,cg13357482,0.02638976462185383,0.02638976462185383
PC1,58,cg09935282,0.02636873349547386,0.02636873349547386
PC1,59,cg07882671,0.02634464204311371,0.02634464204311371
PC1,60,cg06577045,0.026344403624534607,0.026344403624534607
PC1,61,cg18729886,0.026343848556280136,0.026343848556280136
PC1,62,cg02647388,0.0263411533087492,0.0263411533087492
PC1,63,cg01163842,0.02631109207868576,0.02631109207868576
PC1,64,cg08793877,0.026309426873922348,0.026309426873922348
PC1,65,cg14913969,0.026243077591061592,0.026243077591061592
PC1,66,cg14123923,0.026202600449323654,0.026202600449323654
PC1,67,cg03473387,0.026158124208450317,0.026158124208450317
PC1,68,cg27252696,0.026080144569277763,0.026080144569277763
PC1,69,cg22762492,0.026073109358549118,0.026073109358549118
PC1,70,cg18567924,0.026042990386486053,0.026042990386486053
PC1,71,cg02485347,0.026019347831606865,0.026019347831606865
PC1,72,cg17397028,0.02599582076072693,0.02599582076072693
PC1,73,cg01921432,0.025978542864322662,0.025978542864322662
PC1,74,cg24884703,0.02591782994568348,0.02591782994568348
PC1,75,cg18542829,0.025887224823236465,0.025887224823236465
PC1,76,cg04515996,0.025865379720926285,0.025865379720926285
PC1,77,cg20078466,0.025845730677247047,0.025845730677247047
PC1,78,cg24416513,0.025841128081083298,0.025841128081083298
PC1,79,cg22096450,0.025806225836277008,0.025806225836277008
PC1,80,cg10530851,0.025753166526556015,0.025753166526556015
PC1,81,cg16150752,0.025738051161170006,0.025738051161170006
PC1,82,cg01530101,0.025733323767781258,0.025733323767781258
PC1,83,cg18405727,0.025660566985607147,0.025660566985607147
PC1,84,cg14689219,0.02565770410001278,0.02565770410001278
PC1,85,cg25720804,0.025617096573114395,0.025617096573114395
PC1,86,cg00652796,0.025608187541365623,0.025608187541365623
PC1,87,cg12516059,0.025577019900083542,0.025577019900083542
PC1,88,cg19981568,0.025538135319948196,0.025538135319948196
PC1,89,cg06970370,0.025519192218780518,0.025519192218780518
PC1,90,cg16304215,0.02551482431590557,0.02551482431590557
PC1,91,cg04067139,0.025508632883429527,0.025508632883429527
PC1,92,cg19945554,0.02548583783209324,0.02548583783209324
PC1,93,cg26674943,0.02547072060406208,0.02547072060406208
PC1,94,cg18447772,0.0254511721432209,0.0254511721432209
PC1,95,cg16801887,0.025421740487217903,0.025421740487217903
PC1,96,cg25092681,0.025420216843485832,0.025420216843485832
PC1,97,cg15446670,0.02541465498507023,0.02541465498507023
PC1,98,cg05678749,0.02540537901222706,0.02540537901222706
PC1,99,cg04895288,0.025403132662177086,0.025403132662177086
PC1,100,cg14451382,0.025370299816131592,0.025370299816131592
PC2,1,cg02527886,0.04231115058064461,0.04231115058064461
PC2,2,cg02025737,0.03888953477144241,0.03888953477144241
PC2,3,cg13266188,0.03871089220046997,0.03871089220046997
PC2,4,cg16278877,0.03862835466861725,0.03862835466861725
PC2,5,cg00071984,0.03853078931570053,0.03853078931570053
PC2,6,cg16083711,0.038465723395347595,0.038465723395347595
PC2,7,cg10837110,0.0383872352540493,0.0383872352540493
PC2,8,cg24496563,0.03836895152926445,0.03836895152926445
PC2,9,cg08480996,0.03817395865917206,0.03817395865917206
PC2,10,cg13692426,0.038103725761175156,0.038103725761175156
PC2,11,cg19432505,0.0380210243165493,0.0380210243165493
PC2,12,cg16679302,0.037994634360075,0.037994634360075
PC2,13,cg00054971,0.03785165399312973,0.03785165399312973
PC2,14,cg13691567,0.03779192268848419,0.03779192268848419
PC2,15,cg24980551,0.03773707523941994,0.03773707523941994
PC2,16,cg13551535,0.03759171441197395,0.03759171441197395
PC2,17,cg15877425,0.03731066361069679,0.03731066361069679
PC2,18,cg21986027,0.037084031850099564,0.037084031850099564
PC2,19,cg19961800,0.0370304249227047,0.0370304249227047
PC2,20,cg20005074,0.03702671080827713,0.03702671080827713
PC2,21,cg16083044,0.037001606076955795,0.037001606076955795
PC2,22,cg20064139,0.03681749850511551,0.03681749850511551
PC2,23,cg03695591,0.03661871701478958,0.03661871701478958
PC2,24,cg14245471,0.03659999370574951,0.03659999370574951
PC2,25,cg12813797,0.03639980033040047,0.03639980033040047
PC2,26,cg25469381,0.0362933874130249,0.0362933874130249
PC2,27,cg01709589,0.03629163280129433,0.03629163280129433
PC2,28,cg13700197,0.036205898970365524,0.036205898970365524
PC2,29,cg20930294,0.036194704473018646,0.036194704473018646
PC2,30,cg19709083,0.036187298595905304,0.036187298595905304
PC2,31,cg00912247,0.036187052726745605,0.036187052726745605
PC2,32,cg16353508,0.0361814945936203,0.0361814945936203
PC2,33,cg12466613,0.036175571382045746,0.036175571382045746
PC2,34,cg16785291,0.03608349710702896,0.03608349710702896
PC2,35,cg01589353,0.036078959703445435,0.036078959703445435
PC2,36,cg10385290,0.03605818748474121,0.03605818748474121
PC2,37,cg25354926,0.03605439513921738,0.03605439513921738
PC2,38,cg23856293,0.0360272191464901,0.0360272191464901
PC2,39,cg05224126,0.036018624901771545,0.036018624901771545
PC2,40,cg14886530,0.035987503826618195,0.035987503826618195
PC2,41,cg03195147,0.03572492301464081,0.03572492301464081
PC2,42,cg10723575,0.03571786358952522,0.03571786358952522
PC2,43,cg03310087,0.035713303834199905,0.035713303834199905
PC2,44,cg12712184,0.03569556027650833,0.03569556027650833
PC2,45,cg22720392,0.03563133254647255,0.03563133254647255
PC2,46,cg11328898,0.035542648285627365,0.035542648285627365
PC2,47,cg24504942,0.03543676808476448,0.03543676808476448
PC2,48,cg23387692,0.03540473058819771,0.03540473058819771
PC2,49,cg08900233,0.03523154556751251,0.03523154556751251
PC2,50,cg20137991,0.035147689282894135,0.035147689282894135
PC2,51,cg06430465,0.03497960790991783,0.03497960790991783
PC2,52,cg07589972,0.03497692570090294,0.03497692570090294
PC2,53,cg05040893,0.03493441268801689,0.03493441268801689
PC2,54,cg02520816,0.03492286428809166,0.03492286428809166
PC2,55,cg05869611,0.03491779416799545,0.03491779416799545
PC2,56,cg27175943,0.03488164022564888,0.03488164022564888
PC2,57,cg01071314,0.03460727259516716,0.03460727259516716
PC2,58,cg13601936,0.03446609526872635,0.03446609526872635
PC2,59,cg21827809,0.03440297022461891,0.03440297022461891
PC2,60,cg19076425,0.034312207251787186,0.034312207251787186
PC2,61,cg05624196,0.03430686146020889,0.03430686146020889
PC2,62,cg10397934,0.034281473606824875,0.034281473606824875
PC2,63,cg01890568,0.034116584807634354,0.034116584807634354
PC2,64,cg07861603,0.03407541289925575,0.03407541289925575
PC2,65,cg16765600,0.03402832895517349,0.03402832895517349
PC2,66,cg13542073,0.03401419147849083,0.03401419147849083
PC2,67,cg05388880,0.03400757908821106,0.03400757908821106
PC2,68,cg23729283,0.033997248858213425,0.033997248858213425
PC2,69,cg02676602,0.03398381918668747,0.03398381918668747
PC2,70,cg18499201,0.033981259912252426,0.033981259912252426
PC2,71,cg19341106,0.0339646190404892,0.0339646190404892
PC2,72,cg19418273,0.03394262492656708,0.03394262492656708
PC2,73,cg26344024,0.033897336572408676,0.033897336572408676
PC2,74,cg24298423,0.03381592780351639,0.03381592780351639
PC2,75,cg26864714,0.033773522824048996,0.033773522824048996
PC2,76,cg01090834,-0.03372165933251381,0.03372165933251381
PC2,77,cg25693317,0.03368349373340607,0.03368349373340607
PC2,78,cg04562683,0.0336451381444931,0.0336451381444931
PC2,79,cg19446340,0.03364408761262894,0.03364408761262894
PC2,80,cg01087463,0.03359870985150337,0.03359870985150337
PC2,81,cg00425843,0.03359856456518173,0.03359856456518173
PC2,82,cg09319828,0.03357989341020584,0.03357989341020584
PC2,83,cg03548062,0.0335255041718483,0.0335255041718483
PC2,84,cg03678146,0.033509694039821625,0.033509694039821625
PC2,85,cg27232401,0.03350915014743805,0.03350915014743805
PC2,86,cg04213900,0.033504802733659744,0.033504802733659744
PC2,87,cg19572323,0.033502303063869476,0.033502303063869476
PC2,88,cg01154505,0.0334639772772789,0.0334639772772789
PC2,89,cg20284937,0.033417295664548874,0.033417295664548874
PC2,90,cg21167817,0.03341013938188553,0.03341013938188553
PC2,91,cg06609498,0.03340248763561249,0.03340248763561249
PC2,92,cg19758859,0.03333704546093941,0.03333704546093941
PC2,93,cg12684958,0.0332229845225811,0.0332229845225811
PC2,94,cg02084553,0.033196501433849335,0.033196501433849335
PC2,95,cg03534360,0.03317398205399513,0.03317398205399513
PC2,96,cg14508093,0.033120591193437576,0.033120591193437576
PC2,97,cg07807210,0.03310473635792732,0.03310473635792732
PC2,98,cg08931917,0.033090949058532715,0.033090949058532715
PC2,99,cg20592017,0.03308919817209244,0.03308919817209244
PC2,100,cg13909661,0.033078745007514954,0.033078745007514954
PC3,1,cg09102257,0.07812881469726562,0.07812881469726562
PC3,2,cg23029363,0.06831929832696915,0.06831929832696915
PC3,3,cg07336840,0.06460151821374893,0.06460151821374893
PC3,4,cg06746318,0.06250620633363724,0.06250620633363724
PC3,5,cg21435684,0.06076589971780777,0.06076589971780777
PC3,6,cg00768487,0.06002653390169144,0.06002653390169144
PC3,7,cg09365002,0.057761646807193756,0.057761646807193756
PC3,8,cg23958704,0.0572848878800869,0.0572848878800869
PC3,9,cg20145598,0.055749695748090744,0.055749695748090744
PC3,10,cg05288172,0.05485524609684944,0.05485524609684944
PC3,11,cg20714708,0.054782263934612274,0.054782263934612274
PC3,12,cg23521140,0.053957778960466385,0.053957778960466385
PC3,13,cg04428071,0.05318119004368782,0.05318119004368782
PC3,14,cg23965720,0.052037935703992844,0.052037935703992844
PC3,15,cg06150148,0.05110980197787285,0.05110980197787285
PC3,16,cg17521583,0.05088357254862785,0.05088357254862785
PC3,17,cg09129067,0.050845447927713394,0.050845447927713394
PC3,18,cg23305899,0.05058496445417404,0.05058496445417404
PC3,19,cg12593223,0.05021467059850693,0.05021467059850693
PC3,20,cg26613778,0.050057340413331985,0.050057340413331985
PC3,21,cg00700728,0.05004604905843735,0.05004604905843735
PC3,22,cg22545027,0.04960332065820694,0.04960332065820694
PC3,23,cg07014673,-0.04940075799822807,0.04940075799822807
PC3,24,cg08251025,0.049087315797805786,0.049087315797805786
PC3,25,cg16172099,0.0489165373146534,0.0489165373146534
PC3,26,cg27617780,0.04846753180027008,0.04846753180027008
PC3,27,cg07687131,0.04843559116125107,0.04843559116125107
PC3,28,cg13571576,0.04842878133058548,0.04842878133058548
PC3,29,cg01553231,0.04831381514668465,0.04831381514668465
PC3,30,cg04456219,0.0482586994767189,0.0482586994767189
PC3,31,cg13951697,0.0480346642434597,0.0480346642434597
PC3,32,cg16925459,0.04801587015390396,0.04801587015390396
PC3,33,cg26186331,0.04773031547665596,0.04773031547665596
PC3,34,cg04208666,0.04747501388192177,0.04747501388192177
PC3,35,cg14718495,0.04744310677051544,0.04744310677051544
PC3,36,cg00779056,0.04734603315591812,0.04734603315591812
PC3,37,cg02100602,-0.047325942665338516,0.047325942665338516
PC3,38,cg04646987,0.046871330589056015,0.046871330589056015
PC3,39,cg26049390,0.046687763184309006,0.046687763184309006
PC3,40,cg06997767,0.04655766487121582,0.04655766487121582
PC3,41,cg14731462,0.04646414890885353,0.04646414890885353
PC3,42,cg21249131,0.04577261209487915,0.04577261209487915
PC3,43,cg11219400,0.04557717964053154,0.04557717964053154
PC3,44,cg13336112,0.04557671397924423,0.04557671397924423
PC3,45,cg16304656,0.04546654596924782,0.04546654596924782
PC3,46,cg06456031,0.045440174639225006,0.045440174639225006
PC3,47,cg04206484,0.04542471095919609,0.04542471095919609
PC3,48,cg16896868,0.04505256190896034,0.04505256190896034
PC3,49,cg03130910,0.04501762241125107,0.04501762241125107
PC3,50,cg19082496,0.04469781368970871,0.04469781368970871
PC3,51,cg10828127,0.044565584510564804,0.044565584510564804
PC3,52,cg13387113,0.044026851654052734,0.044026851654052734
PC3,53,cg13320585,0.04394795373082161,0.04394795373082161
PC3,54,cg06433467,0.043901219964027405,0.043901219964027405
PC3,55,cg12144803,0.04388698562979698,0.04388698562979698
PC3,56,cg08951078,0.04374391958117485,0.04374391958117485
PC3,57,cg04525002,0.04360219091176987,0.04360219091176987
PC3,58,cg02190353,0.04359106346964836,0.04359106346964836
PC3,59,cg11612799,0.04354607313871384,0.04354607313871384
PC3,60,cg21769093,0.043405186384916306,0.043405186384916306
PC3,61,cg24348240,0.04326816275715828,0.04326816275715828
PC3,62,cg15028507,0.04314521327614784,0.04314521327614784
PC3,63,cg09232555,0.0431206040084362,0.0431206040084362
PC3,64,cg04797323,0.04304703325033188,0.04304703325033188
PC3,65,cg08729810,-0.04295866936445236,0.04295866936445236
PC3,66,cg07078958,0.04295748099684715,0.04295748099684715
PC3,67,cg24631102,0.042854536324739456,0.042854536324739456
PC3,68,cg19784903,0.0427890419960022,0.0427890419960022
PC3,69,cg18305912,0.04275711998343468,0.04275711998343468
PC3,70,cg26203572,0.042711131274700165,0.042711131274700165
PC3,71,cg00288598,0.042694173753261566,0.042694173753261566
PC3,72,cg08299521,0.042590003460645676,0.042590003460645676
PC3,73,cg23401796,0.042436160147190094,0.042436160147190094
PC3,74,cg15628518,0.04231897369027138,0.04231897369027138
PC3,75,cg17771031,0.042217038571834564,0.042217038571834564
PC3,76,cg27498387,0.042199745774269104,0.042199745774269104
PC3,77,cg09441736,-0.04218381270766258,0.04218381270766258
PC3,78,cg14615927,0.042078472673892975,0.042078472673892975
PC3,79,cg08748033,0.041963908821344376,0.041963908821344376
PC3,80,cg03716590,0.04184442013502121,0.04184442013502121
PC3,81,cg00863893,0.041723284870386124,0.041723284870386124
PC3,82,cg07174665,0.04160404950380325,0.04160404950380325
PC3,83,cg10060562,0.041584912687540054,0.041584912687540054
PC3,84,cg21193744,0.04155106842517853,0.04155106842517853
PC3,85,cg27470827,0.041548240929841995,0.041548240929841995
PC3,86,cg19893585,0.04115879163146019,0.04115879163146019
PC3,87,cg02857074,0.04108589142560959,0.04108589142560959
PC3,88,cg08144675,-0.04108169302344322,0.04108169302344322
PC3,89,cg02782634,0.04103406146168709,0.04103406146168709
PC3,90,cg14583973,0.040857937186956406,0.040857937186956406
PC3,91,cg16258657,0.040831174701452255,0.040831174701452255
PC3,92,cg09414827,0.0408131405711174,0.0408131405711174
PC3,93,cg17266282,0.04059974476695061,0.04059974476695061
PC3,94,cg16503611,0.04058271646499634,0.04058271646499634
PC3,95,cg14921932,0.040560901165008545,0.040560901165008545
PC3,96,cg13454226,0.04041106626391411,0.04041106626391411
PC3,97,cg25650964,0.04037323221564293,0.04037323221564293
PC3,98,cg01649611,0.04037189483642578,0.04037189483642578
PC3,99,cg06834177,0.04017101973295212,0.04017101973295212
PC3,100,cg16278716,0.040157757699489594,0.040157757699489594
PC4,1,cg04892182,0.05283329263329506,0.05283329263329506
PC4,2,cg17029019,0.04698073863983154,0.04698073863983154
PC4,3,cg09804503,0.04616676643490791,0.04616676643490791
PC4,4,cg14931854,0.04511188715696335,0.04511188715696335
PC4,5,cg06756211,0.044755954295396805,0.044755954295396805
PC4,6,cg21902544,-0.04440026730298996,0.04440026730298996
PC4,7,cg19598416,0.04390483722090721,0.04390483722090721
PC4,8,cg25336332,0.04307686537504196,0.04307686537504196
PC4,9,cg24368848,-0.042720720171928406,0.042720720171928406
PC4,10,cg12848808,0.04266100004315376,0.04266100004315376
PC4,11,cg07481320,0.04243210703134537,0.04243210703134537
PC4,12,cg13634242,0.04129033163189888,0.04129033163189888
PC4,13,cg00437360,0.040962520986795425,0.040962520986795425
PC4,14,cg05935571,0.04061032086610794,0.04061032086610794
PC4,15,cg14448830,0.04043892025947571,0.04043892025947571
PC4,16,cg10755058,0.04042799770832062,0.04042799770832062
PC4,17,cg16126286,0.04041629657149315,0.04041629657149315
PC4,18,cg25417842,0.040168724954128265,0.040168724954128265
PC4,19,cg25537993,-0.04006267338991165,0.04006267338991165
PC4,20,cg13874070,0.03976869955658913,0.03976869955658913
PC4,21,cg09907936,-0.03974239155650139,0.03974239155650139
PC4,22,cg22539420,0.03973616659641266,0.03973616659641266
PC4,23,cg19318393,0.039602696895599365,0.039602696895599365
PC4,24,cg20994660,0.03949710354208946,0.03949710354208946
PC4,25,cg25210835,0.03946671262383461,0.03946671262383461
PC4,26,cg17986181,0.039420489221811295,0.039420489221811295
PC4,27,cg00064255,0.039289042353630066,0.039289042353630066
PC4,28,cg18121224,0.039252784103155136,0.039252784103155136
PC4,29,cg15126975,0.039060574024915695,0.039060574024915695
PC4,30,cg22387369,0.03893252834677696,0.03893252834677696
PC4,31,cg02473540,-0.038678064942359924,0.038678064942359924
PC4,32,cg08219218,0.03856823220849037,0.03856823220849037
PC4,33,cg07580591,0.03818259760737419,0.03818259760737419
PC4,34,cg02390319,0.03813425824046135,0.03813425824046135
PC4,35,cg14701108,0.0380471907556057,0.0380471907556057
PC4,36,cg07613752,0.03795533999800682,0.03795533999800682
PC4,37,cg10982364,0.03793182969093323,0.03793182969093323
PC4,38,cg14398860,0.037877365946769714,0.037877365946769714
PC4,39,cg24336989,0.03780581057071686,0.03780581057071686
PC4,40,cg23064609,0.0377420112490654,0.0377420112490654
PC4,41,cg10132208,-0.03771770000457764,0.03771770000457764
PC4,42,cg21836275,0.03770549222826958,0.03770549222826958
PC4,43,cg10828660,0.037663575261831284,0.037663575261831284
PC4,44,cg09019329,0.037616610527038574,0.037616610527038574
PC4,45,cg26859841,0.03761253505945206,0.03761253505945206
PC4,46,cg02075410,0.03760528564453125,0.03760528564453125
PC4,47,cg24632241,0.037568964064121246,0.037568964064121246
PC4,48,cg04640920,0.03749549388885498,0.03749549388885498
PC4,49,cg14659662,0.03729923814535141,0.03729923814535141
PC4,50,cg23491124,-0.03723675757646561,0.03723675757646561
PC4,51,cg19874314,0.037054236978292465,0.037054236978292465
PC4,52,cg20898829,0.03702862560749054,0.03702862560749054
PC4,53,cg13796250,0.0369659960269928,0.0369659960269928
PC4,54,cg22481960,0.03687548637390137,0.03687548637390137
PC4,55,cg01049530,-0.03686657175421715,0.03686657175421715
PC4,56,cg05983315,-0.036659203469753265,0.036659203469753265
PC4,57,cg06412358,0.036615319550037384,0.036615319550037384
PC4,58,cg24467349,0.03655480220913887,0.03655480220913887
PC4,59,cg09048251,0.036550067365169525,0.036550067365169525
PC4,60,cg25834419,0.03644982725381851,0.03644982725381851
PC4,61,cg05048976,0.03640611842274666,0.03640611842274666
PC4,62,cg15555527,0.03611078858375549,0.03611078858375549
PC4,63,cg18187581,0.03604358062148094,0.03604358062148094
PC4,64,cg05113927,0.035996098071336746,0.035996098071336746
PC4,65,cg01307684,0.03588877618312836,0.03588877618312836
PC4,66,cg18596362,-0.03587496280670166,0.03587496280670166
PC4,67,cg23244913,0.035821061581373215,0.035821061581373215
PC4,68,cg21303011,0.03581753000617027,0.03581753000617027
PC4,69,cg00323305,0.03564983978867531,0.03564983978867531
PC4,70,cg21266502,0.03562965989112854,0.03562965989112854
PC4,71,cg20631820,0.03548893332481384,0.03548893332481384
PC4,72,cg00436476,0.03543693572282791,0.03543693572282791
PC4,73,cg25570913,0.0353870615363121,0.0353870615363121
PC4,74,cg16581738,0.0353410467505455,0.0353410467505455
PC4,75,cg27622506,0.035156842321157455,0.035156842321157455
PC4,76,cg20072442,0.035125330090522766,0.035125330090522766
PC4,77,cg26105156,-0.0350709967315197,0.0350709967315197
PC4,78,cg27391267,-0.03503992781043053,0.03503992781043053
PC4,79,cg26917673,-0.03500324860215187,0.03500324860215187
PC4,80,cg24989739,-0.03497922047972679,0.03497922047972679
PC4,81,cg26762347,0.03496317192912102,0.03496317192912102
PC4,82,cg14362312,0.03461088985204697,0.03461088985204697
PC4,83,cg21104965,0.03457549214363098,0.03457549214363098
PC4,84,cg06973615,0.034536488354206085,0.034536488354206085
PC4,85,cg15336765,0.034468695521354675,0.034468695521354675
PC4,86,cg02782426,0.03443837910890579,0.03443837910890579
PC4,87,cg14639847,0.03442338854074478,0.03442338854074478
PC4,88,cg16385330,0.034378331154584885,0.034378331154584885
PC4,89,cg06889535,0.034346841275691986,0.034346841275691986
PC4,90,cg00530492,0.03413322567939758,0.03413322567939758
PC4,91,cg08394412,0.034102439880371094,0.034102439880371094
PC4,92,cg19893751,0.03407314047217369,0.03407314047217369
PC4,93,cg19664267,0.03405161201953888,0.03405161201953888
PC4,94,cg07931391,0.03386915102601051,0.03386915102601051
PC4,95,cg26379859,-0.03385462611913681,0.03385462611913681
PC4,96,cg10800464,0.033840496093034744,0.033840496093034744
PC4,97,cg24722950,0.03377838060259819,0.03377838060259819
PC4,98,cg02580005,0.03363558650016785,0.03363558650016785
PC4,99,cg08529345,0.03355666622519493,0.03355666622519493
PC4,100,cg24996482,-0.03353523835539818,0.03353523835539818
PC5,1,cg23681112,0.06546441465616226,0.06546441465616226
PC5,2,cg06969469,0.060692667961120605,0.060692667961120605
PC5,3,cg20547155,0.059848494827747345,0.059848494827747345
PC5,4,cg24838949,0.05783291161060333,0.05783291161060333
PC5,5,cg00450784,0.052023958414793015,0.052023958414793015
PC5,6,cg13225830,0.05119139701128006,0.05119139701128006
PC5,7,cg05437476,0.05022403970360756,0.05022403970360756
PC5,8,cg06818532,-0.04951716959476471,0.04951716959476471
PC5,9,cg17737409,-0.04915931075811386,0.04915931075811386
PC5,10,cg08850461,0.04811655357480049,0.04811655357480049
PC5,11,cg01764252,0.04782574623823166,0.04782574623823166
PC5,12,cg06146234,0.047813888639211655,0.047813888639211655
PC5,13,cg27109748,-0.0459381639957428,0.0459381639957428
PC5,14,cg04098263,0.04592728614807129,0.04592728614807129
PC5,15,cg10030512,0.045789629220962524,0.045789629220962524
PC5,16,cg17851046,0.045280516147613525,0.045280516147613525
PC5,17,cg03242471,0.04520520567893982,0.04520520567893982
PC5,18,cg18519737,0.04494325816631317,0.04494325816631317
PC5,19,cg13902110,0.04461533948779106,0.04461533948779106
PC5,20,cg02515217,-0.04444623738527298,0.04444623738527298
PC5,21,cg08467103,-0.04421161860227585,0.04421161860227585
PC5,22,cg06875413,0.0440957136452198,0.0440957136452198
PC5,23,cg13567205,0.04365186020731926,0.04365186020731926
PC5,24,cg03315407,-0.0435904935002327,0.0435904935002327
PC5,25,cg10424417,0.04347966983914375,0.04347966983914375
PC5,26,cg03147324,0.04331407696008682,0.04331407696008682
PC5,27,cg04470054,-0.04297315329313278,0.04297315329313278
PC5,28,cg06799305,0.04263518378138542,0.04263518378138542
PC5,29,cg14659193,0.042632658034563065,0.042632658034563065
PC5,30,cg12753366,0.04214422404766083,0.04214422404766083
PC5,31,cg18425570,0.0421404168009758,0.0421404168009758
PC5,32,cg25734089,-0.04193199798464775,0.04193199798464775
PC5,33,cg21527078,-0.041886210441589355,0.041886210441589355
PC5,34,cg06889535,-0.0416586734354496,0.0416586734354496
PC5,35,cg03323696,-0.04159032180905342,0.04159032180905342
PC5,36,cg25025181,-0.04151482135057449,0.04151482135057449
PC5,37,cg13611121,0.04133724793791771,0.04133724793791771
PC5,38,cg10002850,0.041204970329999924,0.041204970329999924
PC5,39,cg25191850,-0.041080109775066376,0.041080109775066376
PC5,40,cg26185884,0.04084734618663788,0.04084734618663788
PC5,41,cg01553231,-0.040762729942798615,0.040762729942798615
PC5,42,cg01114124,-0.04056601598858833,0.04056601598858833
PC5,43,cg21149266,-0.03989709913730621,0.03989709913730621
PC5,44,cg02782634,-0.03938211128115654,0.03938211128115654
PC5,45,cg22169990,-0.03899245709180832,0.03899245709180832
PC5,46,cg01924952,0.038945529609918594,0.038945529609918594
PC5,47,cg15140902,0.03876987472176552,0.03876987472176552
PC5,48,cg24368848,0.038740791380405426,0.038740791380405426
PC5,49,cg04605980,0.03857594355940819,0.03857594355940819
PC5,50,cg04518342,0.038477446883916855,0.038477446883916855
PC5,51,cg27387888,0.03838252276182175,0.03838252276182175
PC5,52,cg16858587,0.038340453058481216,0.038340453058481216
PC5,53,cg10060562,0.038339223712682724,0.038339223712682724
PC5,54,cg25537993,0.03833698108792305,0.03833698108792305
PC5,55,cg18009484,-0.0383358858525753,0.0383358858525753
PC5,56,cg04921315,-0.038104258477687836,0.038104258477687836
PC5,57,cg03021329,-0.038075633347034454,0.038075633347034454
PC5,58,cg03130910,-0.03762756660580635,0.03762756660580635
PC5,59,cg26127778,0.03762251138687134,0.03762251138687134
PC5,60,cg07078958,-0.037608854472637177,0.037608854472637177
PC5,61,cg19547972,0.03750570863485336,0.03750570863485336
PC5,62,cg26199445,0.03737062215805054,0.03737062215805054
PC5,63,cg22538054,-0.03734385967254639,0.03734385967254639
PC5,64,cg15422005,0.0371834971010685,0.0371834971010685
PC5,65,cg25007283,0.03709592670202255,0.03709592670202255
PC5,66,cg02473540,0.036990854889154434,0.036990854889154434
PC5,67,cg26559804,-0.0369279570877552,0.0369279570877552
PC5,68,cg25443851,0.0369008332490921,0.0369008332490921
PC5,69,cg06431681,-0.036848824471235275,0.036848824471235275
PC5,70,cg09028204,0.03682951629161835,0.03682951629161835
PC5,71,cg14480446,0.03678389638662338,0.03678389638662338
PC5,72,cg08072862,0.03673788905143738,0.03673788905143738
PC5,73,cg13449257,0.036733876913785934,0.036733876913785934
PC5,74,cg19429281,0.03670636937022209,0.03670636937022209
PC5,75,cg26579713,-0.03660622611641884,0.03660622611641884
PC5,76,cg27092857,0.03658219799399376,0.03658219799399376
PC5,77,cg16628183,-0.036107540130615234,0.036107540130615234
PC5,78,cg09170112,0.035795893520116806,0.035795893520116806
PC5,79,cg16075266,0.035770028829574585,0.035770028829574585
PC5,80,cg01361248,0.03575906157493591,0.03575906157493591
PC5,81,cg13035219,0.03571947664022446,0.03571947664022446
PC5,82,cg17484733,0.035684291273355484,0.035684291273355484
PC5,83,cg04456219,-0.035683415830135345,0.035683415830135345
PC5,84,cg01586506,-0.0355752632021904,0.0355752632021904
PC5,85,cg10043037,0.035561732947826385,0.035561732947826385
PC5,86,cg22885000,0.03541986271739006,0.03541986271739006
PC5,87,cg20688917,0.0353689007461071,0.0353689007461071
PC5,88,cg04557018,0.03530767932534218,0.03530767932534218
PC5,89,cg17544672,0.03527933731675148,0.03527933731675148
PC5,90,cg19254118,-0.034901607781648636,0.034901607781648636
PC5,91,cg00106345,0.03484676778316498,0.03484676778316498
PC5,92,cg24879782,0.03476898744702339,0.03476898744702339
PC5,93,cg00130808,0.03471037372946739,0.03471037372946739
PC5,94,cg03900143,0.03461340814828873,0.03461340814828873
PC5,95,cg10505610,-0.03449268639087677,0.03449268639087677
PC5,96,cg10132208,0.03445827215909958,0.03445827215909958
PC5,97,cg06975218,0.034410130232572556,0.034410130232572556
PC5,98,cg10052687,-0.03438761457800865,0.03438761457800865
PC5,99,cg02071988,-0.03438328951597214,0.03438328951597214
PC5,100,cg18869404,0.03414662927389145,0.03414662927389145
